investigation_id,provider_id,opened_date,closed_date,patterns,specialty,outcome,amount_identified,summary,analyst_notes
INV-0087,PRV-087,2025-10-20,2025-12-12,R001_DUPLICATE|R007_REFERRAL_CONCENTRATION|R008_NETWORK_EXPANSION,Orthopedics,CONFIRMED_OVERPAYMENT,412300.0,"Investigation of Orthopedics provider PRV-087 (SOUTH) opened after alerts for repeated same-day billing of identical services for the same members; referrals concentrated on a single partner provider; rapid growth in connected providers and facilities. A radiology and a physical therapy provider shared the same ambulatory surgery facility (FAC-030) and exchanged referrals with PRV-087. Review confirmed overpayment; $412,300 identified for recovery.","Shared-facility ring with PRV-088 and PRV-089; referral hub PRV-085 routed most inbound referrals to PRV-087. Documentation requested, then recovery referral."
INV-0001,PRV-447,2025-08-19,2025-10-03,R001_DUPLICATE,Behavioral Health,DOCUMENTATION_REQUESTED,0.0,Investigation of Behavioral Health provider PRV-447 (NORTH) opened after alerts for repeated same-day billing of identical services for the same members. Medical-record documentation was requested; follow-up review pending provider response.,Pattern confirmed in claims history for PRV-447.
INV-0002,PRV-796,2025-09-09,2025-11-19,R002_UPCODING,Internal Medicine,CONFIRMED_OVERPAYMENT,137979.77,"Investigation of Internal Medicine provider PRV-796 (NORTH) opened after alerts for an unusually high share of high-complexity visit codes relative to peers. Review confirmed overpayment; $137,980 identified for recovery.",Pattern confirmed in claims history for PRV-796.
INV-0003,PRV-094,2025-10-14,2025-11-23,R005_EXCESSIVE_UTILIZATION,Family Medicine,CONFIRMED_OVERPAYMENT,173654.85,"Investigation of Family Medicine provider PRV-094 (SOUTH) opened after alerts for claim volume far above comparable peers. Review confirmed overpayment; $173,655 identified for recovery.",Pattern confirmed in claims history for PRV-094.
INV-0004,PRV-009,2025-09-21,2025-11-26,R007_REFERRAL_CONCENTRATION,Dermatology,CONFIRMED_OVERPAYMENT,59026.69,"Investigation of Dermatology provider PRV-009 (EAST) opened after alerts for referrals concentrated on a single partner provider. Review confirmed overpayment; $59,027 identified for recovery.",Pattern confirmed in claims history for PRV-009.
INV-0005,PRV-558,2025-08-12,2025-09-27,R001_DUPLICATE,Oncology,DOCUMENTATION_REQUESTED,0.0,Investigation of Oncology provider PRV-558 (NORTH) opened after alerts for repeated same-day billing of identical services for the same members. Medical-record documentation was requested; follow-up review pending provider response.,Pattern confirmed in claims history for PRV-558.
INV-0006,PRV-336,2025-11-23,2025-12-15,R001_DUPLICATE,Physical Therapy,DOCUMENTATION_REQUESTED,0.0,Investigation of Physical Therapy provider PRV-336 (EAST) opened after alerts for repeated same-day billing of identical services for the same members. Medical-record documentation was requested; follow-up review pending provider response.,Pattern confirmed in claims history for PRV-336.
INV-0007,PRV-525,2025-09-11,2025-11-23,R002_UPCODING,Obstetrics/Gynecology,CONFIRMED_OVERPAYMENT,114043.5,"Investigation of Obstetrics/Gynecology provider PRV-525 (SOUTH) opened after alerts for an unusually high share of high-complexity visit codes relative to peers. Review confirmed overpayment; $114,044 identified for recovery.",Pattern confirmed in claims history for PRV-525.
INV-0008,PRV-933,2025-11-11,2025-12-05,R005_EXCESSIVE_UTILIZATION,Physical Therapy,MONITORED,0.0,Investigation of Physical Therapy provider PRV-933 (SOUTH) opened after alerts for claim volume far above comparable peers. No conclusive finding; provider placed on monitoring with quarterly re-review.,Pattern confirmed in claims history for PRV-933.
INV-0009,PRV-581,2025-11-22,2025-12-22,R007_REFERRAL_CONCENTRATION,Physical Therapy,CONFIRMED_OVERPAYMENT,192668.25,"Investigation of Physical Therapy provider PRV-581 (NORTH) opened after alerts for referrals concentrated on a single partner provider. Review confirmed overpayment; $192,668 identified for recovery.",Pattern confirmed in claims history for PRV-581.
INV-0010,PRV-369,2025-08-17,2025-09-18,R001_DUPLICATE,Behavioral Health,DOCUMENTATION_REQUESTED,0.0,Investigation of Behavioral Health provider PRV-369 (WEST) opened after alerts for repeated same-day billing of identical services for the same members. Medical-record documentation was requested; follow-up review pending provider response.,Pattern confirmed in claims history for PRV-369.
INV-0011,PRV-626,2025-10-07,2025-11-26,R001_DUPLICATE,Family Medicine,DOCUMENTATION_REQUESTED,0.0,Investigation of Family Medicine provider PRV-626 (NORTH) opened after alerts for repeated same-day billing of identical services for the same members. Medical-record documentation was requested; follow-up review pending provider response.,Pattern confirmed in claims history for PRV-626.
INV-0012,PRV-469,2025-09-24,2025-12-12,R002_UPCODING,Family Medicine,MONITORED,0.0,Investigation of Family Medicine provider PRV-469 (WEST) opened after alerts for an unusually high share of high-complexity visit codes relative to peers. No conclusive finding; provider placed on monitoring with quarterly re-review.,Pattern confirmed in claims history for PRV-469.
INV-0013,PRV-029,2025-09-24,2025-12-01,R005_EXCESSIVE_UTILIZATION,Radiology,CONFIRMED_OVERPAYMENT,41624.9,"Investigation of Radiology provider PRV-029 (NORTH) opened after alerts for claim volume far above comparable peers. Review confirmed overpayment; $41,625 identified for recovery.",Pattern confirmed in claims history for PRV-029.
INV-0014,PRV-240,2025-09-02,2025-11-15,R007_REFERRAL_CONCENTRATION,Cardiology,CONFIRMED_OVERPAYMENT,186155.84,"Investigation of Cardiology provider PRV-240 (EAST) opened after alerts for referrals concentrated on a single partner provider. Review confirmed overpayment; $186,156 identified for recovery.",Pattern confirmed in claims history for PRV-240.
INV-0015,PRV-485,2025-11-07,2026-01-23,R001_DUPLICATE,Obstetrics/Gynecology,CONFIRMED_OVERPAYMENT,199804.85,"Investigation of Obstetrics/Gynecology provider PRV-485 (SOUTH) opened after alerts for repeated same-day billing of identical services for the same members. Review confirmed overpayment; $199,805 identified for recovery.",Pattern confirmed in claims history for PRV-485.
INV-0016,PRV-426,2025-08-23,2025-10-06,R001_DUPLICATE,Orthopedics,CONFIRMED_OVERPAYMENT,70062.03,"Investigation of Orthopedics provider PRV-426 (SOUTH) opened after alerts for repeated same-day billing of identical services for the same members. Review confirmed overpayment; $70,062 identified for recovery.",Pattern confirmed in claims history for PRV-426.
INV-0017,PRV-988,2025-10-22,2026-01-03,R002_UPCODING,Internal Medicine,CLOSED_NO_ISSUE,0.0,Investigation of Internal Medicine provider PRV-988 (WEST) opened after alerts for an unusually high share of high-complexity visit codes relative to peers. Activity was explained by documented service mix; case closed without findings.,Alert not substantiated.
INV-0018,PRV-131,2025-11-04,2025-12-26,R005_EXCESSIVE_UTILIZATION,Family Medicine,CONFIRMED_OVERPAYMENT,71602.77,"Investigation of Family Medicine provider PRV-131 (EAST) opened after alerts for claim volume far above comparable peers. Review confirmed overpayment; $71,603 identified for recovery.",Pattern confirmed in claims history for PRV-131.
INV-0019,PRV-444,2025-09-08,2025-10-25,R007_REFERRAL_CONCENTRATION,Cardiology,CLOSED_NO_ISSUE,0.0,Investigation of Cardiology provider PRV-444 (NORTH) opened after alerts for referrals concentrated on a single partner provider. Activity was explained by documented service mix; case closed without findings.,Alert not substantiated.
INV-0020,PRV-570,2025-08-03,2025-09-24,R001_DUPLICATE,Physical Therapy,CONFIRMED_OVERPAYMENT,59126.08,"Investigation of Physical Therapy provider PRV-570 (NORTH) opened after alerts for repeated same-day billing of identical services for the same members. Review confirmed overpayment; $59,126 identified for recovery.",Pattern confirmed in claims history for PRV-570.
INV-0021,PRV-708,2025-11-19,2025-12-29,R001_DUPLICATE,Family Medicine,CONFIRMED_OVERPAYMENT,171246.04,"Investigation of Family Medicine provider PRV-708 (NORTH) opened after alerts for repeated same-day billing of identical services for the same members. Review confirmed overpayment; $171,246 identified for recovery.",Pattern confirmed in claims history for PRV-708.
INV-0022,PRV-707,2025-09-24,2025-11-04,R002_UPCODING,Family Medicine,CONFIRMED_OVERPAYMENT,125867.05,"Investigation of Family Medicine provider PRV-707 (WEST) opened after alerts for an unusually high share of high-complexity visit codes relative to peers. Review confirmed overpayment; $125,867 identified for recovery.",Pattern confirmed in claims history for PRV-707.
INV-0023,PRV-422,2025-11-07,2025-12-04,R005_EXCESSIVE_UTILIZATION,Family Medicine,CONFIRMED_OVERPAYMENT,172720.92,"Investigation of Family Medicine provider PRV-422 (SOUTH) opened after alerts for claim volume far above comparable peers. Review confirmed overpayment; $172,721 identified for recovery.",Pattern confirmed in claims history for PRV-422.
INV-0024,PRV-819,2025-08-13,2025-10-13,R007_REFERRAL_CONCENTRATION,Pain Management,CONFIRMED_OVERPAYMENT,129081.82,"Investigation of Pain Management provider PRV-819 (NORTH) opened after alerts for referrals concentrated on a single partner provider. Review confirmed overpayment; $129,082 identified for recovery.",Pattern confirmed in claims history for PRV-819.
INV-0025,PRV-367,2025-09-12,2025-10-09,R001_DUPLICATE,Internal Medicine,CONFIRMED_OVERPAYMENT,162025.93,"Investigation of Internal Medicine provider PRV-367 (EAST) opened after alerts for repeated same-day billing of identical services for the same members. Review confirmed overpayment; $162,026 identified for recovery.",Pattern confirmed in claims history for PRV-367.
INV-0026,PRV-717,2025-08-01,2025-10-01,R001_DUPLICATE,Internal Medicine,MONITORED,0.0,Investigation of Internal Medicine provider PRV-717 (SOUTH) opened after alerts for repeated same-day billing of identical services for the same members. No conclusive finding; provider placed on monitoring with quarterly re-review.,Pattern confirmed in claims history for PRV-717.
INV-0027,PRV-308,2025-11-09,2025-12-23,R005_EXCESSIVE_UTILIZATION,Dermatology,CONFIRMED_OVERPAYMENT,82135.5,"Investigation of Dermatology provider PRV-308 (EAST) opened after alerts for claim volume far above comparable peers. Review confirmed overpayment; $82,136 identified for recovery.",Pattern confirmed in claims history for PRV-308.
INV-0028,PRV-224,2025-10-01,2025-11-15,R005_EXCESSIVE_UTILIZATION,Oncology,DOCUMENTATION_REQUESTED,0.0,Investigation of Oncology provider PRV-224 (SOUTH) opened after alerts for claim volume far above comparable peers. Medical-record documentation was requested; follow-up review pending provider response.,Pattern confirmed in claims history for PRV-224.
INV-0029,PRV-223,2025-09-22,2025-11-29,R007_REFERRAL_CONCENTRATION,Cardiology,CONFIRMED_OVERPAYMENT,112725.03,"Investigation of Cardiology provider PRV-223 (NORTH) opened after alerts for referrals concentrated on a single partner provider. Review confirmed overpayment; $112,725 identified for recovery.",Pattern confirmed in claims history for PRV-223.
INV-0030,PRV-911,2025-11-06,2026-01-09,R001_DUPLICATE,Family Medicine,CONFIRMED_OVERPAYMENT,196940.4,"Investigation of Family Medicine provider PRV-911 (EAST) opened after alerts for repeated same-day billing of identical services for the same members. Review confirmed overpayment; $196,940 identified for recovery.",Pattern confirmed in claims history for PRV-911.
INV-0031,PRV-774,2025-09-24,2025-12-07,R001_DUPLICATE,Pain Management,DOCUMENTATION_REQUESTED,0.0,Investigation of Pain Management provider PRV-774 (EAST) opened after alerts for repeated same-day billing of identical services for the same members. Medical-record documentation was requested; follow-up review pending provider response.,Pattern confirmed in claims history for PRV-774.
INV-0032,PRV-805,2025-08-10,2025-09-15,R005_EXCESSIVE_UTILIZATION,Radiology,CONFIRMED_OVERPAYMENT,129619.89,"Investigation of Radiology provider PRV-805 (SOUTH) opened after alerts for claim volume far above comparable peers. Review confirmed overpayment; $129,620 identified for recovery.",Pattern confirmed in claims history for PRV-805.
INV-0033,PRV-446,2025-11-12,2026-01-03,R005_EXCESSIVE_UTILIZATION,Internal Medicine,CONFIRMED_OVERPAYMENT,131504.82,"Investigation of Internal Medicine provider PRV-446 (EAST) opened after alerts for claim volume far above comparable peers. Review confirmed overpayment; $131,505 identified for recovery.",Pattern confirmed in claims history for PRV-446.
INV-0034,PRV-582,2025-09-02,2025-09-26,R007_REFERRAL_CONCENTRATION,Internal Medicine,DOCUMENTATION_REQUESTED,0.0,Investigation of Internal Medicine provider PRV-582 (NORTH) opened after alerts for referrals concentrated on a single partner provider. Medical-record documentation was requested; follow-up review pending provider response.,Pattern confirmed in claims history for PRV-582.
INV-0035,PRV-246,2025-10-19,2025-11-30,R001_DUPLICATE,Cardiology,CONFIRMED_OVERPAYMENT,82950.94,"Investigation of Cardiology provider PRV-246 (WEST) opened after alerts for repeated same-day billing of identical services for the same members. Review confirmed overpayment; $82,951 identified for recovery.",Pattern confirmed in claims history for PRV-246.
INV-0036,PRV-759,2025-10-21,2025-11-12,R001_DUPLICATE,Family Medicine,DOCUMENTATION_REQUESTED,0.0,Investigation of Family Medicine provider PRV-759 (NORTH) opened after alerts for repeated same-day billing of identical services for the same members. Medical-record documentation was requested; follow-up review pending provider response.,Pattern confirmed in claims history for PRV-759.
INV-0037,PRV-747,2025-11-15,2025-12-16,R005_EXCESSIVE_UTILIZATION,Physical Therapy,DOCUMENTATION_REQUESTED,0.0,Investigation of Physical Therapy provider PRV-747 (WEST) opened after alerts for claim volume far above comparable peers. Medical-record documentation was requested; follow-up review pending provider response.,Pattern confirmed in claims history for PRV-747.
INV-0038,PRV-814,2025-09-14,2025-11-26,R005_EXCESSIVE_UTILIZATION,Physical Therapy,DOCUMENTATION_REQUESTED,0.0,Investigation of Physical Therapy provider PRV-814 (NORTH) opened after alerts for claim volume far above comparable peers. Medical-record documentation was requested; follow-up review pending provider response.,Pattern confirmed in claims history for PRV-814.
INV-0039,PRV-871,2025-08-03,2025-10-03,R007_REFERRAL_CONCENTRATION,Radiology,CONFIRMED_OVERPAYMENT,201164.54,"Investigation of Radiology provider PRV-871 (NORTH) opened after alerts for referrals concentrated on a single partner provider. Review confirmed overpayment; $201,165 identified for recovery.",Pattern confirmed in claims history for PRV-871.
INV-0040,PRV-962,2025-11-12,2026-01-13,R001_DUPLICATE,Physical Therapy,MONITORED,0.0,Investigation of Physical Therapy provider PRV-962 (EAST) opened after alerts for repeated same-day billing of identical services for the same members. No conclusive finding; provider placed on monitoring with quarterly re-review.,Pattern confirmed in claims history for PRV-962.
INV-0041,PRV-903,2025-12-24,2026-02-04,R005_EXCESSIVE_UTILIZATION|R001_DUPLICATE,Family Medicine,CLOSED_NO_ISSUE,0.0,Investigation of Family Medicine provider PRV-903 (EAST) opened after alerts for claim volume far above comparable peers; repeated same-day billing of identical services for the same members. Activity was explained by documented service mix; case closed without findings.,Alert generated by prior screening; see summary.
INV-0042,PRV-215,2025-09-19,2025-11-21,R004_IMPLAUSIBLE_SERVICE|R008_NETWORK_EXPANSION,Oncology,MONITORED,0.0,Investigation of Oncology provider PRV-215 (EAST) opened after alerts for services inconsistent with member or facility context; rapid growth in connected providers and facilities. No conclusive finding; provider placed on monitoring with quarterly re-review.,Alert generated by prior screening; see summary.
INV-0043,PRV-923,2025-10-10,2025-11-15,R005_EXCESSIVE_UTILIZATION,Pain Management,CLOSED_NO_ISSUE,0.0,Investigation of Pain Management provider PRV-923 (EAST) opened after alerts for claim volume far above comparable peers. Activity was explained by documented service mix; case closed without findings.,Alert generated by prior screening; see summary.
INV-0044,PRV-095,2025-04-03,2025-04-20,R004_IMPLAUSIBLE_SERVICE,Behavioral Health,CLOSED_NO_ISSUE,0.0,Investigation of Behavioral Health provider PRV-095 (NORTH) opened after alerts for services inconsistent with member or facility context. Activity was explained by documented service mix; case closed without findings.,Alert generated by prior screening; see summary.
INV-0045,PRV-445,2025-09-10,2025-11-17,R004_IMPLAUSIBLE_SERVICE|R001_DUPLICATE,Oncology,DOCUMENTATION_REQUESTED,0.0,Investigation of Oncology provider PRV-445 (SOUTH) opened after alerts for services inconsistent with member or facility context; repeated same-day billing of identical services for the same members. Medical-record documentation was requested; follow-up review pending provider response.,Alert generated by prior screening; see summary.
INV-0046,PRV-606,2025-06-08,2025-09-02,R002_UPCODING,Behavioral Health,DOCUMENTATION_REQUESTED,0.0,Investigation of Behavioral Health provider PRV-606 (NORTH) opened after alerts for an unusually high share of high-complexity visit codes relative to peers. Medical-record documentation was requested; follow-up review pending provider response.,Alert generated by prior screening; see summary.
INV-0047,PRV-885,2025-07-18,2025-10-15,R002_UPCODING|R007_REFERRAL_CONCENTRATION,Family Medicine,CLOSED_NO_ISSUE,0.0,Investigation of Family Medicine provider PRV-885 (SOUTH) opened after alerts for an unusually high share of high-complexity visit codes relative to peers; referrals concentrated on a single partner provider. Activity was explained by documented service mix; case closed without findings.,Alert generated by prior screening; see summary.
INV-0048,PRV-925,2025-12-13,2026-02-17,R003_UNBUNDLING,Pain Management,DOCUMENTATION_REQUESTED,0.0,Investigation of Pain Management provider PRV-925 (EAST) opened after alerts for panel components billed separately instead of the bundled code. Medical-record documentation was requested; follow-up review pending provider response.,Alert generated by prior screening; see summary.
INV-0049,PRV-552,2025-06-21,2025-09-02,R001_DUPLICATE|R006_IMPOSSIBLE_TIMING,Laboratory,MONITORED,0.0,Investigation of Laboratory provider PRV-552 (NORTH) opened after alerts for repeated same-day billing of identical services for the same members; service volume or locations that could not be delivered in the time available. No conclusive finding; provider placed on monitoring with quarterly re-review.,Alert generated by prior screening; see summary.
INV-0050,PRV-901,2025-05-19,2025-08-16,R004_IMPLAUSIBLE_SERVICE,Obstetrics/Gynecology,CONFIRMED_OVERPAYMENT,58026.42,"Investigation of Obstetrics/Gynecology provider PRV-901 (EAST) opened after alerts for services inconsistent with member or facility context. Review confirmed overpayment; $58,026 identified for recovery.",Alert generated by prior screening; see summary.
INV-0051,PRV-557,2025-11-02,2025-11-30,R008_NETWORK_EXPANSION,Physical Therapy,CLOSED_NO_ISSUE,0.0,Investigation of Physical Therapy provider PRV-557 (EAST) opened after alerts for rapid growth in connected providers and facilities. Activity was explained by documented service mix; case closed without findings.,Alert generated by prior screening; see summary.
INV-0052,PRV-099,2025-11-15,2026-01-13,R007_REFERRAL_CONCENTRATION|R006_IMPOSSIBLE_TIMING,Family Medicine,CLOSED_NO_ISSUE,0.0,Investigation of Family Medicine provider PRV-099 (EAST) opened after alerts for referrals concentrated on a single partner provider; service volume or locations that could not be delivered in the time available. Activity was explained by documented service mix; case closed without findings.,Alert generated by prior screening; see summary.
INV-0053,PRV-854,2025-12-10,2026-01-02,R006_IMPOSSIBLE_TIMING,Oncology,CLOSED_NO_ISSUE,0.0,Investigation of Oncology provider PRV-854 (NORTH) opened after alerts for service volume or locations that could not be delivered in the time available. Activity was explained by documented service mix; case closed without findings.,Alert generated by prior screening; see summary.
INV-0054,PRV-265,2025-10-25,2025-11-28,R003_UNBUNDLING|R006_IMPOSSIBLE_TIMING,Laboratory,DOCUMENTATION_REQUESTED,0.0,Investigation of Laboratory provider PRV-265 (NORTH) opened after alerts for panel components billed separately instead of the bundled code; service volume or locations that could not be delivered in the time available. Medical-record documentation was requested; follow-up review pending provider response.,Alert generated by prior screening; see summary.
INV-0055,PRV-546,2025-11-04,2026-01-24,R006_IMPOSSIBLE_TIMING|R001_DUPLICATE,Dermatology,CONFIRMED_OVERPAYMENT,58272.3,"Investigation of Dermatology provider PRV-546 (WEST) opened after alerts for service volume or locations that could not be delivered in the time available; repeated same-day billing of identical services for the same members. Review confirmed overpayment; $58,272 identified for recovery.",Alert generated by prior screening; see summary.
INV-0056,PRV-997,2025-12-17,2026-03-08,R002_UPCODING|R006_IMPOSSIBLE_TIMING,Family Medicine,CLOSED_NO_ISSUE,0.0,Investigation of Family Medicine provider PRV-997 (WEST) opened after alerts for an unusually high share of high-complexity visit codes relative to peers; service volume or locations that could not be delivered in the time available. Activity was explained by documented service mix; case closed without findings.,Alert generated by prior screening; see summary.
INV-0057,PRV-886,2025-05-15,2025-07-05,R001_DUPLICATE|R007_REFERRAL_CONCENTRATION,Radiology,CLOSED_NO_ISSUE,0.0,Investigation of Radiology provider PRV-886 (NORTH) opened after alerts for repeated same-day billing of identical services for the same members; referrals concentrated on a single partner provider. Activity was explained by documented service mix; case closed without findings.,Alert generated by prior screening; see summary.
INV-0058,PRV-578,2025-10-14,2025-11-24,R002_UPCODING|R004_IMPLAUSIBLE_SERVICE,Laboratory,CLOSED_NO_ISSUE,0.0,Investigation of Laboratory provider PRV-578 (SOUTH) opened after alerts for an unusually high share of high-complexity visit codes relative to peers; services inconsistent with member or facility context. Activity was explained by documented service mix; case closed without findings.,Alert generated by prior screening; see summary.
INV-0059,PRV-243,2025-08-22,2025-10-11,R004_IMPLAUSIBLE_SERVICE|R008_NETWORK_EXPANSION,Oncology,CLOSED_NO_ISSUE,0.0,Investigation of Oncology provider PRV-243 (NORTH) opened after alerts for services inconsistent with member or facility context; rapid growth in connected providers and facilities. Activity was explained by documented service mix; case closed without findings.,Alert generated by prior screening; see summary.
INV-0060,PRV-820,2025-04-20,2025-07-07,R006_IMPOSSIBLE_TIMING,Dermatology,CONFIRMED_OVERPAYMENT,26650.76,"Investigation of Dermatology provider PRV-820 (NORTH) opened after alerts for service volume or locations that could not be delivered in the time available. Review confirmed overpayment; $26,651 identified for recovery.",Alert generated by prior screening; see summary.
INV-0061,PRV-261,2025-05-19,2025-06-12,R007_REFERRAL_CONCENTRATION|R005_EXCESSIVE_UTILIZATION,Radiology,CLOSED_NO_ISSUE,0.0,Investigation of Radiology provider PRV-261 (EAST) opened after alerts for referrals concentrated on a single partner provider; claim volume far above comparable peers. Activity was explained by documented service mix; case closed without findings.,Alert generated by prior screening; see summary.
INV-0062,PRV-307,2025-11-22,2026-02-15,R004_IMPLAUSIBLE_SERVICE|R008_NETWORK_EXPANSION,Internal Medicine,CLOSED_NO_ISSUE,0.0,Investigation of Internal Medicine provider PRV-307 (EAST) opened after alerts for services inconsistent with member or facility context; rapid growth in connected providers and facilities. Activity was explained by documented service mix; case closed without findings.,Alert generated by prior screening; see summary.
INV-0063,PRV-788,2025-11-17,2026-01-15,R003_UNBUNDLING,Internal Medicine,CLOSED_NO_ISSUE,0.0,Investigation of Internal Medicine provider PRV-788 (EAST) opened after alerts for panel components billed separately instead of the bundled code. Activity was explained by documented service mix; case closed without findings.,Alert generated by prior screening; see summary.
INV-0064,PRV-443,2025-09-04,2025-11-21,R007_REFERRAL_CONCENTRATION|R001_DUPLICATE,Dermatology,CLOSED_NO_ISSUE,0.0,Investigation of Dermatology provider PRV-443 (EAST) opened after alerts for referrals concentrated on a single partner provider; repeated same-day billing of identical services for the same members. Activity was explained by documented service mix; case closed without findings.,Alert generated by prior screening; see summary.
INV-0065,PRV-577,2025-10-19,2026-01-16,R008_NETWORK_EXPANSION,Laboratory,MONITORED,0.0,Investigation of Laboratory provider PRV-577 (WEST) opened after alerts for rapid growth in connected providers and facilities. No conclusive finding; provider placed on monitoring with quarterly re-review.,Alert generated by prior screening; see summary.
INV-0066,PRV-869,2025-06-07,2025-06-28,R006_IMPOSSIBLE_TIMING|R003_UNBUNDLING,Behavioral Health,CLOSED_NO_ISSUE,0.0,Investigation of Behavioral Health provider PRV-869 (NORTH) opened after alerts for service volume or locations that could not be delivered in the time available; panel components billed separately instead of the bundled code. Activity was explained by documented service mix; case closed without findings.,Alert generated by prior screening; see summary.
INV-0067,PRV-281,2025-05-03,2025-07-24,R005_EXCESSIVE_UTILIZATION|R003_UNBUNDLING,Orthopedics,DOCUMENTATION_REQUESTED,0.0,Investigation of Orthopedics provider PRV-281 (NORTH) opened after alerts for claim volume far above comparable peers; panel components billed separately instead of the bundled code. Medical-record documentation was requested; follow-up review pending provider response.,Alert generated by prior screening; see summary.
INV-0068,PRV-600,2025-12-09,2026-02-14,R008_NETWORK_EXPANSION|R005_EXCESSIVE_UTILIZATION,Laboratory,DOCUMENTATION_REQUESTED,0.0,Investigation of Laboratory provider PRV-600 (EAST) opened after alerts for rapid growth in connected providers and facilities; claim volume far above comparable peers. Medical-record documentation was requested; follow-up review pending provider response.,Alert generated by prior screening; see summary.
INV-0069,PRV-594,2025-12-18,2026-02-08,R002_UPCODING,Physical Therapy,MONITORED,0.0,Investigation of Physical Therapy provider PRV-594 (WEST) opened after alerts for an unusually high share of high-complexity visit codes relative to peers. No conclusive finding; provider placed on monitoring with quarterly re-review.,Alert generated by prior screening; see summary.
INV-0070,PRV-255,2025-10-08,2026-01-03,R002_UPCODING|R005_EXCESSIVE_UTILIZATION,Internal Medicine,CLOSED_NO_ISSUE,0.0,Investigation of Internal Medicine provider PRV-255 (SOUTH) opened after alerts for an unusually high share of high-complexity visit codes relative to peers; claim volume far above comparable peers. Activity was explained by documented service mix; case closed without findings.,Alert generated by prior screening; see summary.
INV-0071,PRV-791,2025-10-16,2025-11-15,R001_DUPLICATE,Orthopedics,CLOSED_NO_ISSUE,0.0,Investigation of Orthopedics provider PRV-791 (NORTH) opened after alerts for repeated same-day billing of identical services for the same members. Activity was explained by documented service mix; case closed without findings.,Alert generated by prior screening; see summary.
INV-0072,PRV-765,2025-04-24,2025-06-17,R001_DUPLICATE,Oncology,CLOSED_NO_ISSUE,0.0,Investigation of Oncology provider PRV-765 (SOUTH) opened after alerts for repeated same-day billing of identical services for the same members. Activity was explained by documented service mix; case closed without findings.,Alert generated by prior screening; see summary.
INV-0073,PRV-340,2025-10-13,2025-12-11,R007_REFERRAL_CONCENTRATION,Internal Medicine,CLOSED_NO_ISSUE,0.0,Investigation of Internal Medicine provider PRV-340 (EAST) opened after alerts for referrals concentrated on a single partner provider. Activity was explained by documented service mix; case closed without findings.,Alert generated by prior screening; see summary.
INV-0074,PRV-607,2025-06-23,2025-09-04,R008_NETWORK_EXPANSION|R002_UPCODING,Family Medicine,CLOSED_NO_ISSUE,0.0,Investigation of Family Medicine provider PRV-607 (WEST) opened after alerts for rapid growth in connected providers and facilities; an unusually high share of high-complexity visit codes relative to peers. Activity was explained by documented service mix; case closed without findings.,Alert generated by prior screening; see summary.
INV-0075,PRV-1000,2025-04-07,2025-06-02,R007_REFERRAL_CONCENTRATION|R004_IMPLAUSIBLE_SERVICE,Laboratory,MONITORED,0.0,Investigation of Laboratory provider PRV-1000 (EAST) opened after alerts for referrals concentrated on a single partner provider; services inconsistent with member or facility context. No conclusive finding; provider placed on monitoring with quarterly re-review.,Alert generated by prior screening; see summary.
INV-0076,PRV-063,2025-05-14,2025-05-30,R006_IMPOSSIBLE_TIMING|R002_UPCODING,Physical Therapy,MONITORED,0.0,Investigation of Physical Therapy provider PRV-063 (NORTH) opened after alerts for service volume or locations that could not be delivered in the time available; an unusually high share of high-complexity visit codes relative to peers. No conclusive finding; provider placed on monitoring with quarterly re-review.,Alert generated by prior screening; see summary.
INV-0077,PRV-479,2025-09-11,2025-10-08,R008_NETWORK_EXPANSION|R007_REFERRAL_CONCENTRATION,Family Medicine,CLOSED_NO_ISSUE,0.0,Investigation of Family Medicine provider PRV-479 (WEST) opened after alerts for rapid growth in connected providers and facilities; referrals concentrated on a single partner provider. Activity was explained by documented service mix; case closed without findings.,Alert generated by prior screening; see summary.
INV-0078,PRV-821,2025-09-20,2025-11-01,R008_NETWORK_EXPANSION|R001_DUPLICATE,Pain Management,MONITORED,0.0,Investigation of Pain Management provider PRV-821 (EAST) opened after alerts for rapid growth in connected providers and facilities; repeated same-day billing of identical services for the same members. No conclusive finding; provider placed on monitoring with quarterly re-review.,Alert generated by prior screening; see summary.
INV-0079,PRV-682,2025-09-18,2025-10-30,R003_UNBUNDLING,Orthopedics,CONFIRMED_OVERPAYMENT,15797.49,"Investigation of Orthopedics provider PRV-682 (SOUTH) opened after alerts for panel components billed separately instead of the bundled code. Review confirmed overpayment; $15,797 identified for recovery.",Alert generated by prior screening; see summary.
INV-0080,PRV-421,2025-06-11,2025-07-20,R007_REFERRAL_CONCENTRATION,Internal Medicine,DOCUMENTATION_REQUESTED,0.0,Investigation of Internal Medicine provider PRV-421 (EAST) opened after alerts for referrals concentrated on a single partner provider. Medical-record documentation was requested; follow-up review pending provider response.,Alert generated by prior screening; see summary.
INV-0081,PRV-828,2025-05-21,2025-06-09,R002_UPCODING,Physical Therapy,DOCUMENTATION_REQUESTED,0.0,Investigation of Physical Therapy provider PRV-828 (SOUTH) opened after alerts for an unusually high share of high-complexity visit codes relative to peers. Medical-record documentation was requested; follow-up review pending provider response.,Alert generated by prior screening; see summary.
INV-0082,PRV-292,2025-05-25,2025-08-18,R005_EXCESSIVE_UTILIZATION,Behavioral Health,MONITORED,0.0,Investigation of Behavioral Health provider PRV-292 (SOUTH) opened after alerts for claim volume far above comparable peers. No conclusive finding; provider placed on monitoring with quarterly re-review.,Alert generated by prior screening; see summary.
INV-0083,PRV-050,2025-11-01,2025-11-18,R001_DUPLICATE,Dermatology,MONITORED,0.0,Investigation of Dermatology provider PRV-050 (EAST) opened after alerts for repeated same-day billing of identical services for the same members. No conclusive finding; provider placed on monitoring with quarterly re-review.,Alert generated by prior screening; see summary.
INV-0084,PRV-500,2025-04-01,2025-05-07,R003_UNBUNDLING,Behavioral Health,CONFIRMED_OVERPAYMENT,75134.02,"Investigation of Behavioral Health provider PRV-500 (SOUTH) opened after alerts for panel components billed separately instead of the bundled code. Review confirmed overpayment; $75,134 identified for recovery.",Alert generated by prior screening; see summary.
INV-0085,PRV-271,2025-10-24,2025-11-25,R008_NETWORK_EXPANSION,Behavioral Health,CLOSED_NO_ISSUE,0.0,Investigation of Behavioral Health provider PRV-271 (SOUTH) opened after alerts for rapid growth in connected providers and facilities. Activity was explained by documented service mix; case closed without findings.,Alert generated by prior screening; see summary.
INV-0086,PRV-249,2025-11-16,2025-12-12,R008_NETWORK_EXPANSION|R003_UNBUNDLING,Cardiology,CONFIRMED_OVERPAYMENT,88370.91,"Investigation of Cardiology provider PRV-249 (WEST) opened after alerts for rapid growth in connected providers and facilities; panel components billed separately instead of the bundled code. Review confirmed overpayment; $88,371 identified for recovery.",Alert generated by prior screening; see summary.
INV-0088,PRV-572,2025-10-18,2026-01-05,R006_IMPOSSIBLE_TIMING|R002_UPCODING,Radiology,CLOSED_NO_ISSUE,0.0,Investigation of Radiology provider PRV-572 (EAST) opened after alerts for service volume or locations that could not be delivered in the time available; an unusually high share of high-complexity visit codes relative to peers. Activity was explained by documented service mix; case closed without findings.,Alert generated by prior screening; see summary.
INV-0089,PRV-101,2025-04-22,2025-07-03,R001_DUPLICATE|R006_IMPOSSIBLE_TIMING,Family Medicine,CLOSED_NO_ISSUE,0.0,Investigation of Family Medicine provider PRV-101 (EAST) opened after alerts for repeated same-day billing of identical services for the same members; service volume or locations that could not be delivered in the time available. Activity was explained by documented service mix; case closed without findings.,Alert generated by prior screening; see summary.
INV-0090,PRV-071,2025-10-15,2025-11-14,R002_UPCODING|R001_DUPLICATE,Behavioral Health,CLOSED_NO_ISSUE,0.0,Investigation of Behavioral Health provider PRV-071 (SOUTH) opened after alerts for an unusually high share of high-complexity visit codes relative to peers; repeated same-day billing of identical services for the same members. Activity was explained by documented service mix; case closed without findings.,Alert generated by prior screening; see summary.
INV-0091,PRV-888,2025-05-10,2025-06-29,R001_DUPLICATE,Dermatology,CLOSED_NO_ISSUE,0.0,Investigation of Dermatology provider PRV-888 (SOUTH) opened after alerts for repeated same-day billing of identical services for the same members. Activity was explained by documented service mix; case closed without findings.,Alert generated by prior screening; see summary.
INV-0092,PRV-794,2025-12-23,2026-03-10,R006_IMPOSSIBLE_TIMING,Laboratory,CLOSED_NO_ISSUE,0.0,Investigation of Laboratory provider PRV-794 (NORTH) opened after alerts for service volume or locations that could not be delivered in the time available. Activity was explained by documented service mix; case closed without findings.,Alert generated by prior screening; see summary.
INV-0093,PRV-998,2025-04-17,2025-07-13,R007_REFERRAL_CONCENTRATION|R006_IMPOSSIBLE_TIMING,Orthopedics,DOCUMENTATION_REQUESTED,0.0,Investigation of Orthopedics provider PRV-998 (NORTH) opened after alerts for referrals concentrated on a single partner provider; service volume or locations that could not be delivered in the time available. Medical-record documentation was requested; follow-up review pending provider response.,Alert generated by prior screening; see summary.
INV-0094,PRV-692,2025-06-16,2025-09-03,R006_IMPOSSIBLE_TIMING|R002_UPCODING,Obstetrics/Gynecology,CONFIRMED_OVERPAYMENT,48658.76,"Investigation of Obstetrics/Gynecology provider PRV-692 (EAST) opened after alerts for service volume or locations that could not be delivered in the time available; an unusually high share of high-complexity visit codes relative to peers. Review confirmed overpayment; $48,659 identified for recovery.",Alert generated by prior screening; see summary.
INV-0095,PRV-775,2025-05-09,2025-07-28,R003_UNBUNDLING|R004_IMPLAUSIBLE_SERVICE,Radiology,DOCUMENTATION_REQUESTED,0.0,Investigation of Radiology provider PRV-775 (NORTH) opened after alerts for panel components billed separately instead of the bundled code; services inconsistent with member or facility context. Medical-record documentation was requested; follow-up review pending provider response.,Alert generated by prior screening; see summary.
INV-0096,PRV-877,2025-04-15,2025-06-07,R008_NETWORK_EXPANSION|R005_EXCESSIVE_UTILIZATION,Physical Therapy,CLOSED_NO_ISSUE,0.0,Investigation of Physical Therapy provider PRV-877 (SOUTH) opened after alerts for rapid growth in connected providers and facilities; claim volume far above comparable peers. Activity was explained by documented service mix; case closed without findings.,Alert generated by prior screening; see summary.
INV-0097,PRV-991,2025-12-21,2026-01-22,R001_DUPLICATE|R002_UPCODING,Family Medicine,MONITORED,0.0,Investigation of Family Medicine provider PRV-991 (NORTH) opened after alerts for repeated same-day billing of identical services for the same members; an unusually high share of high-complexity visit codes relative to peers. No conclusive finding; provider placed on monitoring with quarterly re-review.,Alert generated by prior screening; see summary.
INV-0098,PRV-402,2025-06-17,2025-08-15,R005_EXCESSIVE_UTILIZATION,Physical Therapy,CLOSED_NO_ISSUE,0.0,Investigation of Physical Therapy provider PRV-402 (SOUTH) opened after alerts for claim volume far above comparable peers. Activity was explained by documented service mix; case closed without findings.,Alert generated by prior screening; see summary.
INV-0099,PRV-949,2025-09-08,2025-12-05,R002_UPCODING|R003_UNBUNDLING,Behavioral Health,MONITORED,0.0,Investigation of Behavioral Health provider PRV-949 (EAST) opened after alerts for an unusually high share of high-complexity visit codes relative to peers; panel components billed separately instead of the bundled code. No conclusive finding; provider placed on monitoring with quarterly re-review.,Alert generated by prior screening; see summary.
INV-0100,PRV-139,2025-05-14,2025-06-24,R004_IMPLAUSIBLE_SERVICE|R001_DUPLICATE,Dermatology,DOCUMENTATION_REQUESTED,0.0,Investigation of Dermatology provider PRV-139 (WEST) opened after alerts for services inconsistent with member or facility context; repeated same-day billing of identical services for the same members. Medical-record documentation was requested; follow-up review pending provider response.,Alert generated by prior screening; see summary.
INV-0101,PRV-993,2025-04-22,2025-07-09,R002_UPCODING,Orthopedics,CLOSED_NO_ISSUE,0.0,Investigation of Orthopedics provider PRV-993 (SOUTH) opened after alerts for an unusually high share of high-complexity visit codes relative to peers. Activity was explained by documented service mix; case closed without findings.,Alert generated by prior screening; see summary.
INV-0102,PRV-762,2025-06-06,2025-08-12,R005_EXCESSIVE_UTILIZATION|R003_UNBUNDLING,Family Medicine,CLOSED_NO_ISSUE,0.0,Investigation of Family Medicine provider PRV-762 (NORTH) opened after alerts for claim volume far above comparable peers; panel components billed separately instead of the bundled code. Activity was explained by documented service mix; case closed without findings.,Alert generated by prior screening; see summary.
INV-0103,PRV-677,2025-12-11,2026-03-07,R008_NETWORK_EXPANSION|R002_UPCODING,Pain Management,DOCUMENTATION_REQUESTED,0.0,Investigation of Pain Management provider PRV-677 (EAST) opened after alerts for rapid growth in connected providers and facilities; an unusually high share of high-complexity visit codes relative to peers. Medical-record documentation was requested; follow-up review pending provider response.,Alert generated by prior screening; see summary.
INV-0104,PRV-710,2025-04-08,2025-06-19,R006_IMPOSSIBLE_TIMING|R007_REFERRAL_CONCENTRATION,Oncology,DOCUMENTATION_REQUESTED,0.0,Investigation of Oncology provider PRV-710 (NORTH) opened after alerts for service volume or locations that could not be delivered in the time available; referrals concentrated on a single partner provider. Medical-record documentation was requested; follow-up review pending provider response.,Alert generated by prior screening; see summary.
INV-0105,PRV-701,2025-05-24,2025-07-22,R003_UNBUNDLING,Radiology,CLOSED_NO_ISSUE,0.0,Investigation of Radiology provider PRV-701 (SOUTH) opened after alerts for panel components billed separately instead of the bundled code. Activity was explained by documented service mix; case closed without findings.,Alert generated by prior screening; see summary.
INV-0106,PRV-404,2025-09-23,2025-12-05,R001_DUPLICATE|R004_IMPLAUSIBLE_SERVICE,Laboratory,MONITORED,0.0,Investigation of Laboratory provider PRV-404 (NORTH) opened after alerts for repeated same-day billing of identical services for the same members; services inconsistent with member or facility context. No conclusive finding; provider placed on monitoring with quarterly re-review.,Alert generated by prior screening; see summary.
INV-0107,PRV-329,2025-12-10,2026-02-26,R004_IMPLAUSIBLE_SERVICE,Physical Therapy,CLOSED_NO_ISSUE,0.0,Investigation of Physical Therapy provider PRV-329 (SOUTH) opened after alerts for services inconsistent with member or facility context. Activity was explained by documented service mix; case closed without findings.,Alert generated by prior screening; see summary.
INV-0108,PRV-348,2025-05-04,2025-05-26,R003_UNBUNDLING,Oncology,CONFIRMED_OVERPAYMENT,85199.62,"Investigation of Oncology provider PRV-348 (NORTH) opened after alerts for panel components billed separately instead of the bundled code. Review confirmed overpayment; $85,200 identified for recovery.",Alert generated by prior screening; see summary.
INV-0109,PRV-436,2025-05-22,2025-06-30,R008_NETWORK_EXPANSION,Internal Medicine,CLOSED_NO_ISSUE,0.0,Investigation of Internal Medicine provider PRV-436 (EAST) opened after alerts for rapid growth in connected providers and facilities. Activity was explained by documented service mix; case closed without findings.,Alert generated by prior screening; see summary.
INV-0110,PRV-100,2025-04-20,2025-05-11,R003_UNBUNDLING,Radiology,CLOSED_NO_ISSUE,0.0,Investigation of Radiology provider PRV-100 (WEST) opened after alerts for panel components billed separately instead of the bundled code. Activity was explained by documented service mix; case closed without findings.,Alert generated by prior screening; see summary.
INV-0111,PRV-007,2025-06-23,2025-09-08,R005_EXCESSIVE_UTILIZATION,Internal Medicine,MONITORED,0.0,Investigation of Internal Medicine provider PRV-007 (EAST) opened after alerts for claim volume far above comparable peers. No conclusive finding; provider placed on monitoring with quarterly re-review.,Alert generated by prior screening; see summary.
INV-0112,PRV-891,2025-05-13,2025-06-10,R003_UNBUNDLING,Laboratory,CLOSED_NO_ISSUE,0.0,Investigation of Laboratory provider PRV-891 (EAST) opened after alerts for panel components billed separately instead of the bundled code. Activity was explained by documented service mix; case closed without findings.,Alert generated by prior screening; see summary.
INV-0113,PRV-515,2025-08-21,2025-10-24,R002_UPCODING|R008_NETWORK_EXPANSION,Family Medicine,MONITORED,0.0,Investigation of Family Medicine provider PRV-515 (WEST) opened after alerts for an unusually high share of high-complexity visit codes relative to peers; rapid growth in connected providers and facilities. No conclusive finding; provider placed on monitoring with quarterly re-review.,Alert generated by prior screening; see summary.
INV-0114,PRV-112,2025-04-17,2025-07-09,R008_NETWORK_EXPANSION,Physical Therapy,CLOSED_NO_ISSUE,0.0,Investigation of Physical Therapy provider PRV-112 (EAST) opened after alerts for rapid growth in connected providers and facilities. Activity was explained by documented service mix; case closed without findings.,Alert generated by prior screening; see summary.
INV-0115,PRV-316,2025-12-04,2026-01-26,R002_UPCODING|R007_REFERRAL_CONCENTRATION,Family Medicine,CLOSED_NO_ISSUE,0.0,Investigation of Family Medicine provider PRV-316 (WEST) opened after alerts for an unusually high share of high-complexity visit codes relative to peers; referrals concentrated on a single partner provider. Activity was explained by documented service mix; case closed without findings.,Alert generated by prior screening; see summary.
INV-0116,PRV-220,2025-10-08,2025-12-04,R002_UPCODING|R004_IMPLAUSIBLE_SERVICE,Family Medicine,DOCUMENTATION_REQUESTED,0.0,Investigation of Family Medicine provider PRV-220 (SOUTH) opened after alerts for an unusually high share of high-complexity visit codes relative to peers; services inconsistent with member or facility context. Medical-record documentation was requested; follow-up review pending provider response.,Alert generated by prior screening; see summary.
INV-0117,PRV-435,2025-08-16,2025-09-04,R008_NETWORK_EXPANSION,Family Medicine,CLOSED_NO_ISSUE,0.0,Investigation of Family Medicine provider PRV-435 (NORTH) opened after alerts for rapid growth in connected providers and facilities. Activity was explained by documented service mix; case closed without findings.,Alert generated by prior screening; see summary.
INV-0118,PRV-282,2025-05-09,2025-07-24,R003_UNBUNDLING|R005_EXCESSIVE_UTILIZATION,Oncology,MONITORED,0.0,Investigation of Oncology provider PRV-282 (NORTH) opened after alerts for panel components billed separately instead of the bundled code; claim volume far above comparable peers. No conclusive finding; provider placed on monitoring with quarterly re-review.,Alert generated by prior screening; see summary.
INV-0119,PRV-587,2025-10-17,2025-12-06,R005_EXCESSIVE_UTILIZATION,Pain Management,CLOSED_NO_ISSUE,0.0,Investigation of Pain Management provider PRV-587 (EAST) opened after alerts for claim volume far above comparable peers. Activity was explained by documented service mix; case closed without findings.,Alert generated by prior screening; see summary.
INV-0120,PRV-855,2025-07-25,2025-08-22,R002_UPCODING,Cardiology,MONITORED,0.0,Investigation of Cardiology provider PRV-855 (EAST) opened after alerts for an unusually high share of high-complexity visit codes relative to peers. No conclusive finding; provider placed on monitoring with quarterly re-review.,Alert generated by prior screening; see summary.
INV-0121,PRV-253,2025-05-23,2025-08-04,R007_REFERRAL_CONCENTRATION|R004_IMPLAUSIBLE_SERVICE,Cardiology,CLOSED_NO_ISSUE,0.0,Investigation of Cardiology provider PRV-253 (EAST) opened after alerts for referrals concentrated on a single partner provider; services inconsistent with member or facility context. Activity was explained by documented service mix; case closed without findings.,Alert generated by prior screening; see summary.
INV-0122,PRV-075,2025-07-19,2025-09-09,R008_NETWORK_EXPANSION,Behavioral Health,CONFIRMED_OVERPAYMENT,12693.03,"Investigation of Behavioral Health provider PRV-075 (SOUTH) opened after alerts for rapid growth in connected providers and facilities. Review confirmed overpayment; $12,693 identified for recovery.",Alert generated by prior screening; see summary.
INV-0123,PRV-332,2025-12-19,2026-02-21,R003_UNBUNDLING|R004_IMPLAUSIBLE_SERVICE,Physical Therapy,CONFIRMED_OVERPAYMENT,26421.63,"Investigation of Physical Therapy provider PRV-332 (WEST) opened after alerts for panel components billed separately instead of the bundled code; services inconsistent with member or facility context. Review confirmed overpayment; $26,422 identified for recovery.",Alert generated by prior screening; see summary.
INV-0124,PRV-703,2025-07-20,2025-08-11,R008_NETWORK_EXPANSION,Oncology,CLOSED_NO_ISSUE,0.0,Investigation of Oncology provider PRV-703 (SOUTH) opened after alerts for rapid growth in connected providers and facilities. Activity was explained by documented service mix; case closed without findings.,Alert generated by prior screening; see summary.
INV-0125,PRV-337,2025-07-06,2025-07-31,R002_UPCODING|R001_DUPLICATE,Dermatology,CONFIRMED_OVERPAYMENT,48645.13,"Investigation of Dermatology provider PRV-337 (WEST) opened after alerts for an unusually high share of high-complexity visit codes relative to peers; repeated same-day billing of identical services for the same members. Review confirmed overpayment; $48,645 identified for recovery.",Alert generated by prior screening; see summary.
INV-0126,PRV-648,2025-08-01,2025-09-19,R006_IMPOSSIBLE_TIMING,Behavioral Health,CLOSED_NO_ISSUE,0.0,Investigation of Behavioral Health provider PRV-648 (NORTH) opened after alerts for service volume or locations that could not be delivered in the time available. Activity was explained by documented service mix; case closed without findings.,Alert generated by prior screening; see summary.
INV-0127,PRV-021,2025-12-01,2026-01-30,R008_NETWORK_EXPANSION,Family Medicine,CLOSED_NO_ISSUE,0.0,Investigation of Family Medicine provider PRV-021 (SOUTH) opened after alerts for rapid growth in connected providers and facilities. Activity was explained by documented service mix; case closed without findings.,Alert generated by prior screening; see summary.
INV-0128,PRV-152,2025-09-13,2025-10-16,R001_DUPLICATE,Internal Medicine,CLOSED_NO_ISSUE,0.0,Investigation of Internal Medicine provider PRV-152 (SOUTH) opened after alerts for repeated same-day billing of identical services for the same members. Activity was explained by documented service mix; case closed without findings.,Alert generated by prior screening; see summary.
INV-0129,PRV-061,2025-07-11,2025-08-28,R005_EXCESSIVE_UTILIZATION|R008_NETWORK_EXPANSION,Radiology,CLOSED_NO_ISSUE,0.0,Investigation of Radiology provider PRV-061 (EAST) opened after alerts for claim volume far above comparable peers; rapid growth in connected providers and facilities. Activity was explained by documented service mix; case closed without findings.,Alert generated by prior screening; see summary.
INV-0130,PRV-926,2025-09-25,2025-10-20,R004_IMPLAUSIBLE_SERVICE,Physical Therapy,DOCUMENTATION_REQUESTED,0.0,Investigation of Physical Therapy provider PRV-926 (NORTH) opened after alerts for services inconsistent with member or facility context. Medical-record documentation was requested; follow-up review pending provider response.,Alert generated by prior screening; see summary.
INV-0131,PRV-169,2025-12-18,2026-01-26,R001_DUPLICATE,Pain Management,DOCUMENTATION_REQUESTED,0.0,Investigation of Pain Management provider PRV-169 (EAST) opened after alerts for repeated same-day billing of identical services for the same members. Medical-record documentation was requested; follow-up review pending provider response.,Alert generated by prior screening; see summary.
INV-0132,PRV-517,2025-10-22,2025-11-28,R003_UNBUNDLING|R004_IMPLAUSIBLE_SERVICE,Internal Medicine,CLOSED_NO_ISSUE,0.0,Investigation of Internal Medicine provider PRV-517 (WEST) opened after alerts for panel components billed separately instead of the bundled code; services inconsistent with member or facility context. Activity was explained by documented service mix; case closed without findings.,Alert generated by prior screening; see summary.
INV-0133,PRV-566,2025-08-19,2025-11-04,R003_UNBUNDLING|R001_DUPLICATE,Radiology,CLOSED_NO_ISSUE,0.0,Investigation of Radiology provider PRV-566 (SOUTH) opened after alerts for panel components billed separately instead of the bundled code; repeated same-day billing of identical services for the same members. Activity was explained by documented service mix; case closed without findings.,Alert generated by prior screening; see summary.
INV-0134,PRV-802,2025-08-23,2025-10-11,R005_EXCESSIVE_UTILIZATION,Radiology,DOCUMENTATION_REQUESTED,0.0,Investigation of Radiology provider PRV-802 (EAST) opened after alerts for claim volume far above comparable peers. Medical-record documentation was requested; follow-up review pending provider response.,Alert generated by prior screening; see summary.
INV-0135,PRV-216,2025-12-24,2026-02-08,R004_IMPLAUSIBLE_SERVICE|R001_DUPLICATE,Cardiology,CLOSED_NO_ISSUE,0.0,Investigation of Cardiology provider PRV-216 (NORTH) opened after alerts for services inconsistent with member or facility context; repeated same-day billing of identical services for the same members. Activity was explained by documented service mix; case closed without findings.,Alert generated by prior screening; see summary.
INV-0136,PRV-691,2025-04-22,2025-07-05,R007_REFERRAL_CONCENTRATION,Internal Medicine,MONITORED,0.0,Investigation of Internal Medicine provider PRV-691 (EAST) opened after alerts for referrals concentrated on a single partner provider. No conclusive finding; provider placed on monitoring with quarterly re-review.,Alert generated by prior screening; see summary.
INV-0137,PRV-847,2025-06-15,2025-07-20,R001_DUPLICATE,Behavioral Health,DOCUMENTATION_REQUESTED,0.0,Investigation of Behavioral Health provider PRV-847 (WEST) opened after alerts for repeated same-day billing of identical services for the same members. Medical-record documentation was requested; follow-up review pending provider response.,Alert generated by prior screening; see summary.
INV-0138,PRV-006,2025-11-21,2026-02-04,R001_DUPLICATE|R004_IMPLAUSIBLE_SERVICE,Internal Medicine,DOCUMENTATION_REQUESTED,0.0,Investigation of Internal Medicine provider PRV-006 (NORTH) opened after alerts for repeated same-day billing of identical services for the same members; services inconsistent with member or facility context. Medical-record documentation was requested; follow-up review pending provider response.,Alert generated by prior screening; see summary.
INV-0139,PRV-727,2025-09-19,2025-10-15,R003_UNBUNDLING|R005_EXCESSIVE_UTILIZATION,Behavioral Health,MONITORED,0.0,Investigation of Behavioral Health provider PRV-727 (NORTH) opened after alerts for panel components billed separately instead of the bundled code; claim volume far above comparable peers. No conclusive finding; provider placed on monitoring with quarterly re-review.,Alert generated by prior screening; see summary.
INV-0140,PRV-843,2025-11-09,2025-12-23,R004_IMPLAUSIBLE_SERVICE,Internal Medicine,CLOSED_NO_ISSUE,0.0,Investigation of Internal Medicine provider PRV-843 (SOUTH) opened after alerts for services inconsistent with member or facility context. Activity was explained by documented service mix; case closed without findings.,Alert generated by prior screening; see summary.
INV-0141,PRV-241,2025-05-24,2025-07-04,R002_UPCODING,Behavioral Health,MONITORED,0.0,Investigation of Behavioral Health provider PRV-241 (NORTH) opened after alerts for an unusually high share of high-complexity visit codes relative to peers. No conclusive finding; provider placed on monitoring with quarterly re-review.,Alert generated by prior screening; see summary.
INV-0142,PRV-989,2025-09-19,2025-11-21,R003_UNBUNDLING|R004_IMPLAUSIBLE_SERVICE,Laboratory,CLOSED_NO_ISSUE,0.0,Investigation of Laboratory provider PRV-989 (NORTH) opened after alerts for panel components billed separately instead of the bundled code; services inconsistent with member or facility context. Activity was explained by documented service mix; case closed without findings.,Alert generated by prior screening; see summary.
INV-0143,PRV-688,2025-08-05,2025-09-26,R001_DUPLICATE,Family Medicine,CLOSED_NO_ISSUE,0.0,Investigation of Family Medicine provider PRV-688 (WEST) opened after alerts for repeated same-day billing of identical services for the same members. Activity was explained by documented service mix; case closed without findings.,Alert generated by prior screening; see summary.
INV-0144,PRV-451,2025-07-25,2025-10-18,R003_UNBUNDLING,Family Medicine,CLOSED_NO_ISSUE,0.0,Investigation of Family Medicine provider PRV-451 (WEST) opened after alerts for panel components billed separately instead of the bundled code. Activity was explained by documented service mix; case closed without findings.,Alert generated by prior screening; see summary.
INV-0145,PRV-625,2025-06-01,2025-08-15,R001_DUPLICATE,Internal Medicine,CLOSED_NO_ISSUE,0.0,Investigation of Internal Medicine provider PRV-625 (WEST) opened after alerts for repeated same-day billing of identical services for the same members. Activity was explained by documented service mix; case closed without findings.,Alert generated by prior screening; see summary.
INV-0146,PRV-437,2025-12-21,2026-03-12,R005_EXCESSIVE_UTILIZATION,Dermatology,CLOSED_NO_ISSUE,0.0,Investigation of Dermatology provider PRV-437 (NORTH) opened after alerts for claim volume far above comparable peers. Activity was explained by documented service mix; case closed without findings.,Alert generated by prior screening; see summary.
INV-0147,PRV-156,2025-08-13,2025-09-09,R008_NETWORK_EXPANSION|R007_REFERRAL_CONCENTRATION,Dermatology,CONFIRMED_OVERPAYMENT,77852.94,"Investigation of Dermatology provider PRV-156 (NORTH) opened after alerts for rapid growth in connected providers and facilities; referrals concentrated on a single partner provider. Review confirmed overpayment; $77,853 identified for recovery.",Alert generated by prior screening; see summary.
INV-0148,PRV-745,2025-07-25,2025-08-18,R006_IMPOSSIBLE_TIMING|R008_NETWORK_EXPANSION,Physical Therapy,MONITORED,0.0,Investigation of Physical Therapy provider PRV-745 (SOUTH) opened after alerts for service volume or locations that could not be delivered in the time available; rapid growth in connected providers and facilities. No conclusive finding; provider placed on monitoring with quarterly re-review.,Alert generated by prior screening; see summary.
INV-0149,PRV-132,2025-07-23,2025-09-24,R005_EXCESSIVE_UTILIZATION,Pain Management,CLOSED_NO_ISSUE,0.0,Investigation of Pain Management provider PRV-132 (EAST) opened after alerts for claim volume far above comparable peers. Activity was explained by documented service mix; case closed without findings.,Alert generated by prior screening; see summary.
INV-0150,PRV-597,2025-05-09,2025-07-13,R005_EXCESSIVE_UTILIZATION|R004_IMPLAUSIBLE_SERVICE,Cardiology,CLOSED_NO_ISSUE,0.0,Investigation of Cardiology provider PRV-597 (SOUTH) opened after alerts for claim volume far above comparable peers; services inconsistent with member or facility context. Activity was explained by documented service mix; case closed without findings.,Alert generated by prior screening; see summary.
INV-0151,PRV-042,2025-11-06,2026-01-11,R008_NETWORK_EXPANSION|R007_REFERRAL_CONCENTRATION,Radiology,CLOSED_NO_ISSUE,0.0,Investigation of Radiology provider PRV-042 (SOUTH) opened after alerts for rapid growth in connected providers and facilities; referrals concentrated on a single partner provider. Activity was explained by documented service mix; case closed without findings.,Alert generated by prior screening; see summary.
INV-0152,PRV-098,2025-06-09,2025-08-16,R004_IMPLAUSIBLE_SERVICE,Orthopedics,MONITORED,0.0,Investigation of Orthopedics provider PRV-098 (NORTH) opened after alerts for services inconsistent with member or facility context. No conclusive finding; provider placed on monitoring with quarterly re-review.,Alert generated by prior screening; see summary.
INV-0153,PRV-780,2025-06-09,2025-07-22,R007_REFERRAL_CONCENTRATION|R004_IMPLAUSIBLE_SERVICE,Behavioral Health,CLOSED_NO_ISSUE,0.0,Investigation of Behavioral Health provider PRV-780 (NORTH) opened after alerts for referrals concentrated on a single partner provider; services inconsistent with member or facility context. Activity was explained by documented service mix; case closed without findings.,Alert generated by prior screening; see summary.
INV-0154,PRV-239,2025-05-02,2025-07-17,R008_NETWORK_EXPANSION,Family Medicine,MONITORED,0.0,Investigation of Family Medicine provider PRV-239 (EAST) opened after alerts for rapid growth in connected providers and facilities. No conclusive finding; provider placed on monitoring with quarterly re-review.,Alert generated by prior screening; see summary.
INV-0155,PRV-096,2025-10-03,2025-11-10,R003_UNBUNDLING,Orthopedics,CLOSED_NO_ISSUE,0.0,Investigation of Orthopedics provider PRV-096 (EAST) opened after alerts for panel components billed separately instead of the bundled code. Activity was explained by documented service mix; case closed without findings.,Alert generated by prior screening; see summary.
INV-0156,PRV-357,2025-04-01,2025-06-16,R006_IMPOSSIBLE_TIMING|R001_DUPLICATE,Behavioral Health,DOCUMENTATION_REQUESTED,0.0,Investigation of Behavioral Health provider PRV-357 (NORTH) opened after alerts for service volume or locations that could not be delivered in the time available; repeated same-day billing of identical services for the same members. Medical-record documentation was requested; follow-up review pending provider response.,Alert generated by prior screening; see summary.
INV-0157,PRV-519,2025-11-04,2025-12-12,R005_EXCESSIVE_UTILIZATION|R004_IMPLAUSIBLE_SERVICE,Oncology,MONITORED,0.0,Investigation of Oncology provider PRV-519 (NORTH) opened after alerts for claim volume far above comparable peers; services inconsistent with member or facility context. No conclusive finding; provider placed on monitoring with quarterly re-review.,Alert generated by prior screening; see summary.
INV-0158,PRV-801,2025-09-15,2025-11-01,R007_REFERRAL_CONCENTRATION,Dermatology,CONFIRMED_OVERPAYMENT,36830.27,"Investigation of Dermatology provider PRV-801 (NORTH) opened after alerts for referrals concentrated on a single partner provider. Review confirmed overpayment; $36,830 identified for recovery.",Alert generated by prior screening; see summary.
INV-0159,PRV-896,2025-05-03,2025-07-01,R003_UNBUNDLING,Pain Management,MONITORED,0.0,Investigation of Pain Management provider PRV-896 (EAST) opened after alerts for panel components billed separately instead of the bundled code. No conclusive finding; provider placed on monitoring with quarterly re-review.,Alert generated by prior screening; see summary.
INV-0160,PRV-057,2025-05-21,2025-06-20,R007_REFERRAL_CONCENTRATION,Cardiology,CLOSED_NO_ISSUE,0.0,Investigation of Cardiology provider PRV-057 (EAST) opened after alerts for referrals concentrated on a single partner provider. Activity was explained by documented service mix; case closed without findings.,Alert generated by prior screening; see summary.
INV-0161,PRV-396,2025-08-19,2025-10-16,R001_DUPLICATE,Orthopedics,CLOSED_NO_ISSUE,0.0,Investigation of Orthopedics provider PRV-396 (SOUTH) opened after alerts for repeated same-day billing of identical services for the same members. Activity was explained by documented service mix; case closed without findings.,Alert generated by prior screening; see summary.
INV-0162,PRV-291,2025-04-10,2025-05-24,R004_IMPLAUSIBLE_SERVICE|R002_UPCODING,Radiology,CLOSED_NO_ISSUE,0.0,Investigation of Radiology provider PRV-291 (WEST) opened after alerts for services inconsistent with member or facility context; an unusually high share of high-complexity visit codes relative to peers. Activity was explained by documented service mix; case closed without findings.,Alert generated by prior screening; see summary.
INV-0163,PRV-894,2025-04-15,2025-06-14,R005_EXCESSIVE_UTILIZATION,Behavioral Health,CLOSED_NO_ISSUE,0.0,Investigation of Behavioral Health provider PRV-894 (EAST) opened after alerts for claim volume far above comparable peers. Activity was explained by documented service mix; case closed without findings.,Alert generated by prior screening; see summary.
INV-0164,PRV-471,2025-04-12,2025-05-23,R002_UPCODING,Behavioral Health,CLOSED_NO_ISSUE,0.0,Investigation of Behavioral Health provider PRV-471 (SOUTH) opened after alerts for an unusually high share of high-complexity visit codes relative to peers. Activity was explained by documented service mix; case closed without findings.,Alert generated by prior screening; see summary.
INV-0165,PRV-942,2025-07-16,2025-08-27,R007_REFERRAL_CONCENTRATION|R002_UPCODING,Behavioral Health,MONITORED,0.0,Investigation of Behavioral Health provider PRV-942 (WEST) opened after alerts for referrals concentrated on a single partner provider; an unusually high share of high-complexity visit codes relative to peers. No conclusive finding; provider placed on monitoring with quarterly re-review.,Alert generated by prior screening; see summary.
INV-0166,PRV-082,2025-08-11,2025-09-26,R005_EXCESSIVE_UTILIZATION|R006_IMPOSSIBLE_TIMING,Laboratory,CLOSED_NO_ISSUE,0.0,Investigation of Laboratory provider PRV-082 (WEST) opened after alerts for claim volume far above comparable peers; service volume or locations that could not be delivered in the time available. Activity was explained by documented service mix; case closed without findings.,Alert generated by prior screening; see summary.
INV-0167,PRV-968,2025-12-13,2026-02-27,R004_IMPLAUSIBLE_SERVICE|R002_UPCODING,Obstetrics/Gynecology,CLOSED_NO_ISSUE,0.0,Investigation of Obstetrics/Gynecology provider PRV-968 (EAST) opened after alerts for services inconsistent with member or facility context; an unusually high share of high-complexity visit codes relative to peers. Activity was explained by documented service mix; case closed without findings.,Alert generated by prior screening; see summary.
INV-0168,PRV-345,2025-08-25,2025-09-23,R004_IMPLAUSIBLE_SERVICE,Orthopedics,MONITORED,0.0,Investigation of Orthopedics provider PRV-345 (SOUTH) opened after alerts for services inconsistent with member or facility context. No conclusive finding; provider placed on monitoring with quarterly re-review.,Alert generated by prior screening; see summary.
INV-0169,PRV-491,2025-10-08,2025-11-18,R005_EXCESSIVE_UTILIZATION|R002_UPCODING,Dermatology,CLOSED_NO_ISSUE,0.0,Investigation of Dermatology provider PRV-491 (SOUTH) opened after alerts for claim volume far above comparable peers; an unusually high share of high-complexity visit codes relative to peers. Activity was explained by documented service mix; case closed without findings.,Alert generated by prior screening; see summary.
INV-0170,PRV-256,2025-06-04,2025-09-01,R006_IMPOSSIBLE_TIMING,Oncology,MONITORED,0.0,Investigation of Oncology provider PRV-256 (EAST) opened after alerts for service volume or locations that could not be delivered in the time available. No conclusive finding; provider placed on monitoring with quarterly re-review.,Alert generated by prior screening; see summary.
INV-0171,PRV-990,2025-09-01,2025-11-24,R006_IMPOSSIBLE_TIMING,Radiology,CONFIRMED_OVERPAYMENT,13494.45,"Investigation of Radiology provider PRV-990 (SOUTH) opened after alerts for service volume or locations that could not be delivered in the time available. Review confirmed overpayment; $13,494 identified for recovery.",Alert generated by prior screening; see summary.
INV-0172,PRV-664,2025-11-18,2025-12-28,R001_DUPLICATE|R004_IMPLAUSIBLE_SERVICE,Internal Medicine,DOCUMENTATION_REQUESTED,0.0,Investigation of Internal Medicine provider PRV-664 (EAST) opened after alerts for repeated same-day billing of identical services for the same members; services inconsistent with member or facility context. Medical-record documentation was requested; follow-up review pending provider response.,Alert generated by prior screening; see summary.
INV-0173,PRV-424,2025-08-12,2025-09-03,R006_IMPOSSIBLE_TIMING|R001_DUPLICATE,Dermatology,CONFIRMED_OVERPAYMENT,8358.87,"Investigation of Dermatology provider PRV-424 (SOUTH) opened after alerts for service volume or locations that could not be delivered in the time available; repeated same-day billing of identical services for the same members. Review confirmed overpayment; $8,359 identified for recovery.",Alert generated by prior screening; see summary.
INV-0174,PRV-559,2025-09-19,2025-11-04,R005_EXCESSIVE_UTILIZATION,Family Medicine,CLOSED_NO_ISSUE,0.0,Investigation of Family Medicine provider PRV-559 (NORTH) opened after alerts for claim volume far above comparable peers. Activity was explained by documented service mix; case closed without findings.,Alert generated by prior screening; see summary.
INV-0175,PRV-487,2025-05-14,2025-06-21,R004_IMPLAUSIBLE_SERVICE,Internal Medicine,CLOSED_NO_ISSUE,0.0,Investigation of Internal Medicine provider PRV-487 (NORTH) opened after alerts for services inconsistent with member or facility context. Activity was explained by documented service mix; case closed without findings.,Alert generated by prior screening; see summary.
INV-0176,PRV-892,2025-10-02,2025-12-21,R008_NETWORK_EXPANSION,Orthopedics,CLOSED_NO_ISSUE,0.0,Investigation of Orthopedics provider PRV-892 (SOUTH) opened after alerts for rapid growth in connected providers and facilities. Activity was explained by documented service mix; case closed without findings.,Alert generated by prior screening; see summary.
INV-0177,PRV-125,2025-06-10,2025-07-24,R007_REFERRAL_CONCENTRATION|R008_NETWORK_EXPANSION,Behavioral Health,CLOSED_NO_ISSUE,0.0,Investigation of Behavioral Health provider PRV-125 (WEST) opened after alerts for referrals concentrated on a single partner provider; rapid growth in connected providers and facilities. Activity was explained by documented service mix; case closed without findings.,Alert generated by prior screening; see summary.
INV-0178,PRV-149,2025-04-10,2025-06-08,R004_IMPLAUSIBLE_SERVICE|R001_DUPLICATE,Laboratory,DOCUMENTATION_REQUESTED,0.0,Investigation of Laboratory provider PRV-149 (WEST) opened after alerts for services inconsistent with member or facility context; repeated same-day billing of identical services for the same members. Medical-record documentation was requested; follow-up review pending provider response.,Alert generated by prior screening; see summary.
INV-0179,PRV-489,2025-07-15,2025-08-15,R003_UNBUNDLING|R007_REFERRAL_CONCENTRATION,Physical Therapy,CLOSED_NO_ISSUE,0.0,Investigation of Physical Therapy provider PRV-489 (SOUTH) opened after alerts for panel components billed separately instead of the bundled code; referrals concentrated on a single partner provider. Activity was explained by documented service mix; case closed without findings.,Alert generated by prior screening; see summary.
INV-0180,PRV-977,2025-07-09,2025-09-06,R005_EXCESSIVE_UTILIZATION,Radiology,DOCUMENTATION_REQUESTED,0.0,Investigation of Radiology provider PRV-977 (SOUTH) opened after alerts for claim volume far above comparable peers. Medical-record documentation was requested; follow-up review pending provider response.,Alert generated by prior screening; see summary.
INV-0181,PRV-763,2025-04-21,2025-05-08,R006_IMPOSSIBLE_TIMING|R003_UNBUNDLING,Laboratory,CLOSED_NO_ISSUE,0.0,Investigation of Laboratory provider PRV-763 (EAST) opened after alerts for service volume or locations that could not be delivered in the time available; panel components billed separately instead of the bundled code. Activity was explained by documented service mix; case closed without findings.,Alert generated by prior screening; see summary.
INV-0182,PRV-309,2025-11-24,2025-12-24,R007_REFERRAL_CONCENTRATION,Internal Medicine,CLOSED_NO_ISSUE,0.0,Investigation of Internal Medicine provider PRV-309 (SOUTH) opened after alerts for referrals concentrated on a single partner provider. Activity was explained by documented service mix; case closed without findings.,Alert generated by prior screening; see summary.
INV-0183,PRV-698,2025-12-10,2026-02-20,R008_NETWORK_EXPANSION,Cardiology,CONFIRMED_OVERPAYMENT,86891.62,"Investigation of Cardiology provider PRV-698 (EAST) opened after alerts for rapid growth in connected providers and facilities. Review confirmed overpayment; $86,892 identified for recovery.",Alert generated by prior screening; see summary.
INV-0184,PRV-269,2025-09-23,2025-11-03,R003_UNBUNDLING,Family Medicine,CLOSED_NO_ISSUE,0.0,Investigation of Family Medicine provider PRV-269 (EAST) opened after alerts for panel components billed separately instead of the bundled code. Activity was explained by documented service mix; case closed without findings.,Alert generated by prior screening; see summary.
INV-0185,PRV-143,2025-08-07,2025-10-24,R007_REFERRAL_CONCENTRATION,Cardiology,DOCUMENTATION_REQUESTED,0.0,Investigation of Cardiology provider PRV-143 (EAST) opened after alerts for referrals concentrated on a single partner provider. Medical-record documentation was requested; follow-up review pending provider response.,Alert generated by prior screening; see summary.
INV-0186,PRV-748,2025-12-22,2026-02-13,R007_REFERRAL_CONCENTRATION|R008_NETWORK_EXPANSION,Cardiology,DOCUMENTATION_REQUESTED,0.0,Investigation of Cardiology provider PRV-748 (WEST) opened after alerts for referrals concentrated on a single partner provider; rapid growth in connected providers and facilities. Medical-record documentation was requested; follow-up review pending provider response.,Alert generated by prior screening; see summary.
INV-0187,PRV-182,2025-07-05,2025-07-26,R001_DUPLICATE|R005_EXCESSIVE_UTILIZATION,Internal Medicine,CLOSED_NO_ISSUE,0.0,Investigation of Internal Medicine provider PRV-182 (SOUTH) opened after alerts for repeated same-day billing of identical services for the same members; claim volume far above comparable peers. Activity was explained by documented service mix; case closed without findings.,Alert generated by prior screening; see summary.
INV-0188,PRV-761,2025-05-20,2025-06-10,R002_UPCODING|R003_UNBUNDLING,Pain Management,CLOSED_NO_ISSUE,0.0,Investigation of Pain Management provider PRV-761 (NORTH) opened after alerts for an unusually high share of high-complexity visit codes relative to peers; panel components billed separately instead of the bundled code. Activity was explained by documented service mix; case closed without findings.,Alert generated by prior screening; see summary.
INV-0189,PRV-514,2025-12-21,2026-03-17,R006_IMPOSSIBLE_TIMING,Family Medicine,CLOSED_NO_ISSUE,0.0,Investigation of Family Medicine provider PRV-514 (SOUTH) opened after alerts for service volume or locations that could not be delivered in the time available. Activity was explained by documented service mix; case closed without findings.,Alert generated by prior screening; see summary.
INV-0190,PRV-457,2025-07-07,2025-08-18,R006_IMPOSSIBLE_TIMING,Orthopedics,CLOSED_NO_ISSUE,0.0,Investigation of Orthopedics provider PRV-457 (NORTH) opened after alerts for service volume or locations that could not be delivered in the time available. Activity was explained by documented service mix; case closed without findings.,Alert generated by prior screening; see summary.
INV-0191,PRV-481,2025-05-07,2025-06-22,R008_NETWORK_EXPANSION|R002_UPCODING,Dermatology,MONITORED,0.0,Investigation of Dermatology provider PRV-481 (EAST) opened after alerts for rapid growth in connected providers and facilities; an unusually high share of high-complexity visit codes relative to peers. No conclusive finding; provider placed on monitoring with quarterly re-review.,Alert generated by prior screening; see summary.
INV-0192,PRV-971,2025-04-02,2025-06-10,R003_UNBUNDLING,Obstetrics/Gynecology,MONITORED,0.0,Investigation of Obstetrics/Gynecology provider PRV-971 (NORTH) opened after alerts for panel components billed separately instead of the bundled code. No conclusive finding; provider placed on monitoring with quarterly re-review.,Alert generated by prior screening; see summary.
INV-0193,PRV-126,2025-06-14,2025-07-26,R005_EXCESSIVE_UTILIZATION,Family Medicine,CLOSED_NO_ISSUE,0.0,Investigation of Family Medicine provider PRV-126 (NORTH) opened after alerts for claim volume far above comparable peers. Activity was explained by documented service mix; case closed without findings.,Alert generated by prior screening; see summary.
INV-0194,PRV-610,2025-07-04,2025-07-22,R004_IMPLAUSIBLE_SERVICE,Physical Therapy,MONITORED,0.0,Investigation of Physical Therapy provider PRV-610 (EAST) opened after alerts for services inconsistent with member or facility context. No conclusive finding; provider placed on monitoring with quarterly re-review.,Alert generated by prior screening; see summary.
INV-0195,PRV-072,2025-04-12,2025-06-11,R001_DUPLICATE|R008_NETWORK_EXPANSION,Radiology,CLOSED_NO_ISSUE,0.0,Investigation of Radiology provider PRV-072 (SOUTH) opened after alerts for repeated same-day billing of identical services for the same members; rapid growth in connected providers and facilities. Activity was explained by documented service mix; case closed without findings.,Alert generated by prior screening; see summary.
INV-0196,PRV-704,2025-09-03,2025-10-13,R006_IMPOSSIBLE_TIMING,Obstetrics/Gynecology,MONITORED,0.0,Investigation of Obstetrics/Gynecology provider PRV-704 (EAST) opened after alerts for service volume or locations that could not be delivered in the time available. No conclusive finding; provider placed on monitoring with quarterly re-review.,Alert generated by prior screening; see summary.
INV-0197,PRV-395,2025-04-22,2025-06-25,R005_EXCESSIVE_UTILIZATION,Orthopedics,CLOSED_NO_ISSUE,0.0,Investigation of Orthopedics provider PRV-395 (EAST) opened after alerts for claim volume far above comparable peers. Activity was explained by documented service mix; case closed without findings.,Alert generated by prior screening; see summary.
INV-0198,PRV-972,2025-11-23,2026-01-08,R005_EXCESSIVE_UTILIZATION,Internal Medicine,DOCUMENTATION_REQUESTED,0.0,Investigation of Internal Medicine provider PRV-972 (NORTH) opened after alerts for claim volume far above comparable peers. Medical-record documentation was requested; follow-up review pending provider response.,Alert generated by prior screening; see summary.
INV-0199,PRV-554,2025-11-05,2025-11-20,R007_REFERRAL_CONCENTRATION|R002_UPCODING,Orthopedics,CLOSED_NO_ISSUE,0.0,Investigation of Orthopedics provider PRV-554 (SOUTH) opened after alerts for referrals concentrated on a single partner provider; an unusually high share of high-complexity visit codes relative to peers. Activity was explained by documented service mix; case closed without findings.,Alert generated by prior screening; see summary.
INV-0200,PRV-015,2025-05-17,2025-06-03,R002_UPCODING|R007_REFERRAL_CONCENTRATION,Family Medicine,CLOSED_NO_ISSUE,0.0,Investigation of Family Medicine provider PRV-015 (NORTH) opened after alerts for an unusually high share of high-complexity visit codes relative to peers; referrals concentrated on a single partner provider. Activity was explained by documented service mix; case closed without findings.,Alert generated by prior screening; see summary.
INV-0201,PRV-768,2025-11-24,2026-02-10,R002_UPCODING,Behavioral Health,CLOSED_NO_ISSUE,0.0,Investigation of Behavioral Health provider PRV-768 (EAST) opened after alerts for an unusually high share of high-complexity visit codes relative to peers. Activity was explained by documented service mix; case closed without findings.,Alert generated by prior screening; see summary.
INV-0202,PRV-507,2025-05-03,2025-05-30,R003_UNBUNDLING,Internal Medicine,CLOSED_NO_ISSUE,0.0,Investigation of Internal Medicine provider PRV-507 (WEST) opened after alerts for panel components billed separately instead of the bundled code. Activity was explained by documented service mix; case closed without findings.,Alert generated by prior screening; see summary.
INV-0203,PRV-941,2025-09-15,2025-12-06,R004_IMPLAUSIBLE_SERVICE,Pain Management,CLOSED_NO_ISSUE,0.0,Investigation of Pain Management provider PRV-941 (EAST) opened after alerts for services inconsistent with member or facility context. Activity was explained by documented service mix; case closed without findings.,Alert generated by prior screening; see summary.
INV-0204,PRV-781,2025-07-05,2025-09-27,R006_IMPOSSIBLE_TIMING|R008_NETWORK_EXPANSION,Laboratory,DOCUMENTATION_REQUESTED,0.0,Investigation of Laboratory provider PRV-781 (WEST) opened after alerts for service volume or locations that could not be delivered in the time available; rapid growth in connected providers and facilities. Medical-record documentation was requested; follow-up review pending provider response.,Alert generated by prior screening; see summary.
INV-0205,PRV-209,2025-06-19,2025-08-18,R004_IMPLAUSIBLE_SERVICE,Behavioral Health,MONITORED,0.0,Investigation of Behavioral Health provider PRV-209 (SOUTH) opened after alerts for services inconsistent with member or facility context. No conclusive finding; provider placed on monitoring with quarterly re-review.,Alert generated by prior screening; see summary.
INV-0206,PRV-631,2025-08-07,2025-09-29,R004_IMPLAUSIBLE_SERVICE,Dermatology,MONITORED,0.0,Investigation of Dermatology provider PRV-631 (SOUTH) opened after alerts for services inconsistent with member or facility context. No conclusive finding; provider placed on monitoring with quarterly re-review.,Alert generated by prior screening; see summary.
INV-0207,PRV-736,2025-09-17,2025-10-17,R002_UPCODING|R001_DUPLICATE,Family Medicine,CLOSED_NO_ISSUE,0.0,Investigation of Family Medicine provider PRV-736 (EAST) opened after alerts for an unusually high share of high-complexity visit codes relative to peers; repeated same-day billing of identical services for the same members. Activity was explained by documented service mix; case closed without findings.,Alert generated by prior screening; see summary.
INV-0208,PRV-016,2025-04-19,2025-05-10,R006_IMPOSSIBLE_TIMING|R005_EXCESSIVE_UTILIZATION,Dermatology,CLOSED_NO_ISSUE,0.0,Investigation of Dermatology provider PRV-016 (SOUTH) opened after alerts for service volume or locations that could not be delivered in the time available; claim volume far above comparable peers. Activity was explained by documented service mix; case closed without findings.,Alert generated by prior screening; see summary.
INV-0209,PRV-699,2025-05-14,2025-06-10,R002_UPCODING|R008_NETWORK_EXPANSION,Laboratory,MONITORED,0.0,Investigation of Laboratory provider PRV-699 (NORTH) opened after alerts for an unusually high share of high-complexity visit codes relative to peers; rapid growth in connected providers and facilities. No conclusive finding; provider placed on monitoring with quarterly re-review.,Alert generated by prior screening; see summary.
INV-0210,PRV-653,2025-06-14,2025-08-06,R004_IMPLAUSIBLE_SERVICE|R006_IMPOSSIBLE_TIMING,Radiology,MONITORED,0.0,Investigation of Radiology provider PRV-653 (EAST) opened after alerts for services inconsistent with member or facility context; service volume or locations that could not be delivered in the time available. No conclusive finding; provider placed on monitoring with quarterly re-review.,Alert generated by prior screening; see summary.
INV-0211,PRV-441,2025-09-03,2025-10-02,R007_REFERRAL_CONCENTRATION,Pain Management,MONITORED,0.0,Investigation of Pain Management provider PRV-441 (WEST) opened after alerts for referrals concentrated on a single partner provider. No conclusive finding; provider placed on monitoring with quarterly re-review.,Alert generated by prior screening; see summary.
INV-0212,PRV-262,2025-09-01,2025-09-29,R007_REFERRAL_CONCENTRATION|R002_UPCODING,Internal Medicine,CLOSED_NO_ISSUE,0.0,Investigation of Internal Medicine provider PRV-262 (SOUTH) opened after alerts for referrals concentrated on a single partner provider; an unusually high share of high-complexity visit codes relative to peers. Activity was explained by documented service mix; case closed without findings.,Alert generated by prior screening; see summary.
INV-0213,PRV-676,2025-07-22,2025-10-10,R002_UPCODING,Radiology,CLOSED_NO_ISSUE,0.0,Investigation of Radiology provider PRV-676 (SOUTH) opened after alerts for an unusually high share of high-complexity visit codes relative to peers. Activity was explained by documented service mix; case closed without findings.,Alert generated by prior screening; see summary.
INV-0214,PRV-912,2025-04-15,2025-06-18,R005_EXCESSIVE_UTILIZATION,Behavioral Health,MONITORED,0.0,Investigation of Behavioral Health provider PRV-912 (NORTH) opened after alerts for claim volume far above comparable peers. No conclusive finding; provider placed on monitoring with quarterly re-review.,Alert generated by prior screening; see summary.
INV-0215,PRV-153,2025-07-03,2025-09-10,R006_IMPOSSIBLE_TIMING|R005_EXCESSIVE_UTILIZATION,Behavioral Health,CONFIRMED_OVERPAYMENT,6904.15,"Investigation of Behavioral Health provider PRV-153 (NORTH) opened after alerts for service volume or locations that could not be delivered in the time available; claim volume far above comparable peers. Review confirmed overpayment; $6,904 identified for recovery.",Alert generated by prior screening; see summary.
INV-0216,PRV-060,2025-12-24,2026-03-08,R006_IMPOSSIBLE_TIMING|R003_UNBUNDLING,Cardiology,CONFIRMED_OVERPAYMENT,37330.83,"Investigation of Cardiology provider PRV-060 (NORTH) opened after alerts for service volume or locations that could not be delivered in the time available; panel components billed separately instead of the bundled code. Review confirmed overpayment; $37,331 identified for recovery.",Alert generated by prior screening; see summary.
INV-0217,PRV-128,2025-05-22,2025-07-16,R003_UNBUNDLING,Family Medicine,DOCUMENTATION_REQUESTED,0.0,Investigation of Family Medicine provider PRV-128 (SOUTH) opened after alerts for panel components billed separately instead of the bundled code. Medical-record documentation was requested; follow-up review pending provider response.,Alert generated by prior screening; see summary.
INV-0218,PRV-123,2025-05-15,2025-08-12,R004_IMPLAUSIBLE_SERVICE,Family Medicine,MONITORED,0.0,Investigation of Family Medicine provider PRV-123 (EAST) opened after alerts for services inconsistent with member or facility context. No conclusive finding; provider placed on monitoring with quarterly re-review.,Alert generated by prior screening; see summary.
INV-0219,PRV-025,2025-09-25,2025-10-19,R005_EXCESSIVE_UTILIZATION,Obstetrics/Gynecology,MONITORED,0.0,Investigation of Obstetrics/Gynecology provider PRV-025 (NORTH) opened after alerts for claim volume far above comparable peers. No conclusive finding; provider placed on monitoring with quarterly re-review.,Alert generated by prior screening; see summary.
INV-0220,PRV-079,2025-12-23,2026-01-20,R005_EXCESSIVE_UTILIZATION,Pain Management,CLOSED_NO_ISSUE,0.0,Investigation of Pain Management provider PRV-079 (WEST) opened after alerts for claim volume far above comparable peers. Activity was explained by documented service mix; case closed without findings.,Alert generated by prior screening; see summary.
INV-0221,PRV-200,2025-08-10,2025-09-17,R004_IMPLAUSIBLE_SERVICE|R001_DUPLICATE,Radiology,MONITORED,0.0,Investigation of Radiology provider PRV-200 (SOUTH) opened after alerts for services inconsistent with member or facility context; repeated same-day billing of identical services for the same members. No conclusive finding; provider placed on monitoring with quarterly re-review.,Alert generated by prior screening; see summary.
INV-0222,PRV-108,2025-12-04,2026-02-13,R006_IMPOSSIBLE_TIMING|R003_UNBUNDLING,Radiology,CLOSED_NO_ISSUE,0.0,Investigation of Radiology provider PRV-108 (EAST) opened after alerts for service volume or locations that could not be delivered in the time available; panel components billed separately instead of the bundled code. Activity was explained by documented service mix; case closed without findings.,Alert generated by prior screening; see summary.
INV-0223,PRV-974,2025-06-10,2025-08-03,R003_UNBUNDLING|R008_NETWORK_EXPANSION,Behavioral Health,MONITORED,0.0,Investigation of Behavioral Health provider PRV-974 (NORTH) opened after alerts for panel components billed separately instead of the bundled code; rapid growth in connected providers and facilities. No conclusive finding; provider placed on monitoring with quarterly re-review.,Alert generated by prior screening; see summary.
INV-0224,PRV-634,2025-07-12,2025-08-29,R002_UPCODING,Internal Medicine,DOCUMENTATION_REQUESTED,0.0,Investigation of Internal Medicine provider PRV-634 (NORTH) opened after alerts for an unusually high share of high-complexity visit codes relative to peers. Medical-record documentation was requested; follow-up review pending provider response.,Alert generated by prior screening; see summary.
INV-0225,PRV-702,2025-12-10,2026-03-01,R004_IMPLAUSIBLE_SERVICE|R001_DUPLICATE,Internal Medicine,CLOSED_NO_ISSUE,0.0,Investigation of Internal Medicine provider PRV-702 (NORTH) opened after alerts for services inconsistent with member or facility context; repeated same-day billing of identical services for the same members. Activity was explained by documented service mix; case closed without findings.,Alert generated by prior screening; see summary.
INV-0226,PRV-024,2025-05-14,2025-07-07,R002_UPCODING,Family Medicine,CLOSED_NO_ISSUE,0.0,Investigation of Family Medicine provider PRV-024 (WEST) opened after alerts for an unusually high share of high-complexity visit codes relative to peers. Activity was explained by documented service mix; case closed without findings.,Alert generated by prior screening; see summary.
INV-0227,PRV-235,2025-10-14,2026-01-01,R006_IMPOSSIBLE_TIMING|R001_DUPLICATE,Internal Medicine,MONITORED,0.0,Investigation of Internal Medicine provider PRV-235 (NORTH) opened after alerts for service volume or locations that could not be delivered in the time available; repeated same-day billing of identical services for the same members. No conclusive finding; provider placed on monitoring with quarterly re-review.,Alert generated by prior screening; see summary.
INV-0228,PRV-035,2025-07-04,2025-08-25,R007_REFERRAL_CONCENTRATION,Orthopedics,CLOSED_NO_ISSUE,0.0,Investigation of Orthopedics provider PRV-035 (EAST) opened after alerts for referrals concentrated on a single partner provider. Activity was explained by documented service mix; case closed without findings.,Alert generated by prior screening; see summary.
INV-0229,PRV-053,2025-05-11,2025-07-20,R005_EXCESSIVE_UTILIZATION|R003_UNBUNDLING,Oncology,CONFIRMED_OVERPAYMENT,31606.37,"Investigation of Oncology provider PRV-053 (EAST) opened after alerts for claim volume far above comparable peers; panel components billed separately instead of the bundled code. Review confirmed overpayment; $31,606 identified for recovery.",Alert generated by prior screening; see summary.
INV-0230,PRV-092,2025-08-01,2025-09-19,R008_NETWORK_EXPANSION,Behavioral Health,CLOSED_NO_ISSUE,0.0,Investigation of Behavioral Health provider PRV-092 (SOUTH) opened after alerts for rapid growth in connected providers and facilities. Activity was explained by documented service mix; case closed without findings.,Alert generated by prior screening; see summary.
INV-0231,PRV-816,2025-05-23,2025-07-17,R007_REFERRAL_CONCENTRATION|R001_DUPLICATE,Orthopedics,DOCUMENTATION_REQUESTED,0.0,Investigation of Orthopedics provider PRV-816 (SOUTH) opened after alerts for referrals concentrated on a single partner provider; repeated same-day billing of identical services for the same members. Medical-record documentation was requested; follow-up review pending provider response.,Alert generated by prior screening; see summary.
INV-0232,PRV-480,2025-06-14,2025-08-23,R007_REFERRAL_CONCENTRATION|R003_UNBUNDLING,Dermatology,DOCUMENTATION_REQUESTED,0.0,Investigation of Dermatology provider PRV-480 (SOUTH) opened after alerts for referrals concentrated on a single partner provider; panel components billed separately instead of the bundled code. Medical-record documentation was requested; follow-up review pending provider response.,Alert generated by prior screening; see summary.
INV-0233,PRV-080,2025-05-08,2025-05-27,R005_EXCESSIVE_UTILIZATION|R002_UPCODING,Physical Therapy,MONITORED,0.0,Investigation of Physical Therapy provider PRV-080 (SOUTH) opened after alerts for claim volume far above comparable peers; an unusually high share of high-complexity visit codes relative to peers. No conclusive finding; provider placed on monitoring with quarterly re-review.,Alert generated by prior screening; see summary.
INV-0234,PRV-928,2025-12-09,2026-02-04,R006_IMPOSSIBLE_TIMING|R003_UNBUNDLING,Cardiology,CLOSED_NO_ISSUE,0.0,Investigation of Cardiology provider PRV-928 (EAST) opened after alerts for service volume or locations that could not be delivered in the time available; panel components billed separately instead of the bundled code. Activity was explained by documented service mix; case closed without findings.,Alert generated by prior screening; see summary.
INV-0235,PRV-085,2025-10-09,2025-12-22,R003_UNBUNDLING|R004_IMPLAUSIBLE_SERVICE,Family Medicine,CONFIRMED_OVERPAYMENT,31646.69,"Investigation of Family Medicine provider PRV-085 (SOUTH) opened after alerts for panel components billed separately instead of the bundled code; services inconsistent with member or facility context. Review confirmed overpayment; $31,647 identified for recovery.",Alert generated by prior screening; see summary.
INV-0236,PRV-381,2025-10-23,2026-01-09,R006_IMPOSSIBLE_TIMING,Dermatology,CLOSED_NO_ISSUE,0.0,Investigation of Dermatology provider PRV-381 (NORTH) opened after alerts for service volume or locations that could not be delivered in the time available. Activity was explained by documented service mix; case closed without findings.,Alert generated by prior screening; see summary.
INV-0237,PRV-547,2025-04-05,2025-05-12,R002_UPCODING|R008_NETWORK_EXPANSION,Cardiology,MONITORED,0.0,Investigation of Cardiology provider PRV-547 (NORTH) opened after alerts for an unusually high share of high-complexity visit codes relative to peers; rapid growth in connected providers and facilities. No conclusive finding; provider placed on monitoring with quarterly re-review.,Alert generated by prior screening; see summary.
INV-0238,PRV-516,2025-06-04,2025-06-23,R001_DUPLICATE,Family Medicine,CLOSED_NO_ISSUE,0.0,Investigation of Family Medicine provider PRV-516 (NORTH) opened after alerts for repeated same-day billing of identical services for the same members. Activity was explained by documented service mix; case closed without findings.,Alert generated by prior screening; see summary.
INV-0239,PRV-158,2025-09-07,2025-11-18,R003_UNBUNDLING,Oncology,CLOSED_NO_ISSUE,0.0,Investigation of Oncology provider PRV-158 (SOUTH) opened after alerts for panel components billed separately instead of the bundled code. Activity was explained by documented service mix; case closed without findings.,Alert generated by prior screening; see summary.
INV-0240,PRV-695,2025-11-22,2025-12-31,R001_DUPLICATE|R005_EXCESSIVE_UTILIZATION,Pain Management,MONITORED,0.0,Investigation of Pain Management provider PRV-695 (EAST) opened after alerts for repeated same-day billing of identical services for the same members; claim volume far above comparable peers. No conclusive finding; provider placed on monitoring with quarterly re-review.,Alert generated by prior screening; see summary.
INV-0241,PRV-287,2025-04-02,2025-05-09,R001_DUPLICATE,Radiology,CONFIRMED_OVERPAYMENT,65921.58,"Investigation of Radiology provider PRV-287 (WEST) opened after alerts for repeated same-day billing of identical services for the same members. Review confirmed overpayment; $65,922 identified for recovery.",Alert generated by prior screening; see summary.
INV-0242,PRV-978,2025-07-07,2025-09-20,R002_UPCODING|R004_IMPLAUSIBLE_SERVICE,Family Medicine,CLOSED_NO_ISSUE,0.0,Investigation of Family Medicine provider PRV-978 (SOUTH) opened after alerts for an unusually high share of high-complexity visit codes relative to peers; services inconsistent with member or facility context. Activity was explained by documented service mix; case closed without findings.,Alert generated by prior screening; see summary.
INV-0243,PRV-999,2025-12-23,2026-02-25,R001_DUPLICATE,Dermatology,CONFIRMED_OVERPAYMENT,25121.26,"Investigation of Dermatology provider PRV-999 (WEST) opened after alerts for repeated same-day billing of identical services for the same members. Review confirmed overpayment; $25,121 identified for recovery.",Alert generated by prior screening; see summary.
INV-0244,PRV-244,2025-12-06,2026-01-23,R003_UNBUNDLING,Radiology,CLOSED_NO_ISSUE,0.0,Investigation of Radiology provider PRV-244 (WEST) opened after alerts for panel components billed separately instead of the bundled code. Activity was explained by documented service mix; case closed without findings.,Alert generated by prior screening; see summary.
INV-0245,PRV-066,2025-07-23,2025-08-11,R006_IMPOSSIBLE_TIMING,Laboratory,CONFIRMED_OVERPAYMENT,25222.57,"Investigation of Laboratory provider PRV-066 (NORTH) opened after alerts for service volume or locations that could not be delivered in the time available. Review confirmed overpayment; $25,223 identified for recovery.",Alert generated by prior screening; see summary.
INV-0246,PRV-432,2025-07-08,2025-08-20,R003_UNBUNDLING|R007_REFERRAL_CONCENTRATION,Family Medicine,MONITORED,0.0,Investigation of Family Medicine provider PRV-432 (NORTH) opened after alerts for panel components billed separately instead of the bundled code; referrals concentrated on a single partner provider. No conclusive finding; provider placed on monitoring with quarterly re-review.,Alert generated by prior screening; see summary.
INV-0247,PRV-217,2025-08-13,2025-10-18,R003_UNBUNDLING,Behavioral Health,MONITORED,0.0,Investigation of Behavioral Health provider PRV-217 (SOUTH) opened after alerts for panel components billed separately instead of the bundled code. No conclusive finding; provider placed on monitoring with quarterly re-review.,Alert generated by prior screening; see summary.
INV-0248,PRV-543,2025-05-03,2025-06-25,R007_REFERRAL_CONCENTRATION,Internal Medicine,CLOSED_NO_ISSUE,0.0,Investigation of Internal Medicine provider PRV-543 (WEST) opened after alerts for referrals concentrated on a single partner provider. Activity was explained by documented service mix; case closed without findings.,Alert generated by prior screening; see summary.
INV-0249,PRV-019,2025-08-25,2025-10-02,R006_IMPOSSIBLE_TIMING|R001_DUPLICATE,Behavioral Health,CONFIRMED_OVERPAYMENT,12105.34,"Investigation of Behavioral Health provider PRV-019 (WEST) opened after alerts for service volume or locations that could not be delivered in the time available; repeated same-day billing of identical services for the same members. Review confirmed overpayment; $12,105 identified for recovery.",Alert generated by prior screening; see summary.
INV-0250,PRV-908,2025-11-19,2026-01-08,R003_UNBUNDLING|R006_IMPOSSIBLE_TIMING,Radiology,CLOSED_NO_ISSUE,0.0,Investigation of Radiology provider PRV-908 (SOUTH) opened after alerts for panel components billed separately instead of the bundled code; service volume or locations that could not be delivered in the time available. Activity was explained by documented service mix; case closed without findings.,Alert generated by prior screening; see summary.
INV-0251,PRV-251,2025-07-07,2025-09-03,R001_DUPLICATE,Laboratory,MONITORED,0.0,Investigation of Laboratory provider PRV-251 (SOUTH) opened after alerts for repeated same-day billing of identical services for the same members. No conclusive finding; provider placed on monitoring with quarterly re-review.,Alert generated by prior screening; see summary.
INV-0252,PRV-568,2025-10-06,2025-12-31,R002_UPCODING,Orthopedics,CLOSED_NO_ISSUE,0.0,Investigation of Orthopedics provider PRV-568 (SOUTH) opened after alerts for an unusually high share of high-complexity visit codes relative to peers. Activity was explained by documented service mix; case closed without findings.,Alert generated by prior screening; see summary.
INV-0253,PRV-311,2025-07-13,2025-09-21,R001_DUPLICATE|R004_IMPLAUSIBLE_SERVICE,Internal Medicine,MONITORED,0.0,Investigation of Internal Medicine provider PRV-311 (SOUTH) opened after alerts for repeated same-day billing of identical services for the same members; services inconsistent with member or facility context. No conclusive finding; provider placed on monitoring with quarterly re-review.,Alert generated by prior screening; see summary.
INV-0254,PRV-757,2025-10-12,2025-12-05,R005_EXCESSIVE_UTILIZATION,Family Medicine,CLOSED_NO_ISSUE,0.0,Investigation of Family Medicine provider PRV-757 (SOUTH) opened after alerts for claim volume far above comparable peers. Activity was explained by documented service mix; case closed without findings.,Alert generated by prior screening; see summary.
INV-0255,PRV-026,2025-11-20,2025-12-19,R001_DUPLICATE,Internal Medicine,CLOSED_NO_ISSUE,0.0,Investigation of Internal Medicine provider PRV-026 (WEST) opened after alerts for repeated same-day billing of identical services for the same members. Activity was explained by documented service mix; case closed without findings.,Alert generated by prior screening; see summary.
INV-0256,PRV-921,2025-07-23,2025-09-09,R004_IMPLAUSIBLE_SERVICE|R003_UNBUNDLING,Family Medicine,DOCUMENTATION_REQUESTED,0.0,Investigation of Family Medicine provider PRV-921 (WEST) opened after alerts for services inconsistent with member or facility context; panel components billed separately instead of the bundled code. Medical-record documentation was requested; follow-up review pending provider response.,Alert generated by prior screening; see summary.
INV-0257,PRV-787,2025-10-25,2025-11-24,R004_IMPLAUSIBLE_SERVICE|R007_REFERRAL_CONCENTRATION,Cardiology,MONITORED,0.0,Investigation of Cardiology provider PRV-787 (WEST) opened after alerts for services inconsistent with member or facility context; referrals concentrated on a single partner provider. No conclusive finding; provider placed on monitoring with quarterly re-review.,Alert generated by prior screening; see summary.
INV-0258,PRV-434,2025-12-21,2026-02-06,R007_REFERRAL_CONCENTRATION|R005_EXCESSIVE_UTILIZATION,Family Medicine,CONFIRMED_OVERPAYMENT,25603.78,"Investigation of Family Medicine provider PRV-434 (EAST) opened after alerts for referrals concentrated on a single partner provider; claim volume far above comparable peers. Review confirmed overpayment; $25,604 identified for recovery.",Alert generated by prior screening; see summary.
INV-0259,PRV-133,2025-08-08,2025-09-03,R002_UPCODING,Behavioral Health,CLOSED_NO_ISSUE,0.0,Investigation of Behavioral Health provider PRV-133 (NORTH) opened after alerts for an unusually high share of high-complexity visit codes relative to peers. Activity was explained by documented service mix; case closed without findings.,Alert generated by prior screening; see summary.
INV-0260,PRV-163,2025-10-25,2025-12-26,R007_REFERRAL_CONCENTRATION|R004_IMPLAUSIBLE_SERVICE,Laboratory,CLOSED_NO_ISSUE,0.0,Investigation of Laboratory provider PRV-163 (WEST) opened after alerts for referrals concentrated on a single partner provider; services inconsistent with member or facility context. Activity was explained by documented service mix; case closed without findings.,Alert generated by prior screening; see summary.
INV-0261,PRV-162,2025-12-06,2026-02-08,R001_DUPLICATE|R004_IMPLAUSIBLE_SERVICE,Pain Management,CONFIRMED_OVERPAYMENT,45723.75,"Investigation of Pain Management provider PRV-162 (NORTH) opened after alerts for repeated same-day billing of identical services for the same members; services inconsistent with member or facility context. Review confirmed overpayment; $45,724 identified for recovery.",Alert generated by prior screening; see summary.
INV-0262,PRV-711,2025-11-18,2026-01-11,R002_UPCODING,Behavioral Health,CLOSED_NO_ISSUE,0.0,Investigation of Behavioral Health provider PRV-711 (NORTH) opened after alerts for an unusually high share of high-complexity visit codes relative to peers. Activity was explained by documented service mix; case closed without findings.,Alert generated by prior screening; see summary.
INV-0263,PRV-124,2025-09-20,2025-12-16,R004_IMPLAUSIBLE_SERVICE|R001_DUPLICATE,Orthopedics,MONITORED,0.0,Investigation of Orthopedics provider PRV-124 (SOUTH) opened after alerts for services inconsistent with member or facility context; repeated same-day billing of identical services for the same members. No conclusive finding; provider placed on monitoring with quarterly re-review.,Alert generated by prior screening; see summary.
INV-0264,PRV-382,2025-12-09,2026-02-04,R005_EXCESSIVE_UTILIZATION,Radiology,DOCUMENTATION_REQUESTED,0.0,Investigation of Radiology provider PRV-382 (EAST) opened after alerts for claim volume far above comparable peers. Medical-record documentation was requested; follow-up review pending provider response.,Alert generated by prior screening; see summary.
INV-0265,PRV-161,2025-05-23,2025-08-03,R002_UPCODING,Orthopedics,CONFIRMED_OVERPAYMENT,81948.19,"Investigation of Orthopedics provider PRV-161 (NORTH) opened after alerts for an unusually high share of high-complexity visit codes relative to peers. Review confirmed overpayment; $81,948 identified for recovery.",Alert generated by prior screening; see summary.
INV-0266,PRV-776,2025-12-02,2026-02-22,R008_NETWORK_EXPANSION,Cardiology,DOCUMENTATION_REQUESTED,0.0,Investigation of Cardiology provider PRV-776 (EAST) opened after alerts for rapid growth in connected providers and facilities. Medical-record documentation was requested; follow-up review pending provider response.,Alert generated by prior screening; see summary.
INV-0267,PRV-629,2025-11-04,2025-12-27,R006_IMPOSSIBLE_TIMING,Orthopedics,MONITORED,0.0,Investigation of Orthopedics provider PRV-629 (EAST) opened after alerts for service volume or locations that could not be delivered in the time available. No conclusive finding; provider placed on monitoring with quarterly re-review.,Alert generated by prior screening; see summary.
INV-0268,PRV-812,2025-07-15,2025-08-21,R007_REFERRAL_CONCENTRATION|R002_UPCODING,Laboratory,CONFIRMED_OVERPAYMENT,31189.25,"Investigation of Laboratory provider PRV-812 (WEST) opened after alerts for referrals concentrated on a single partner provider; an unusually high share of high-complexity visit codes relative to peers. Review confirmed overpayment; $31,189 identified for recovery.",Alert generated by prior screening; see summary.
INV-0269,PRV-466,2025-06-02,2025-06-17,R001_DUPLICATE,Family Medicine,MONITORED,0.0,Investigation of Family Medicine provider PRV-466 (EAST) opened after alerts for repeated same-day billing of identical services for the same members. No conclusive finding; provider placed on monitoring with quarterly re-review.,Alert generated by prior screening; see summary.
INV-0270,PRV-059,2025-11-12,2026-01-14,R008_NETWORK_EXPANSION|R004_IMPLAUSIBLE_SERVICE,Family Medicine,CONFIRMED_OVERPAYMENT,49651.14,"Investigation of Family Medicine provider PRV-059 (WEST) opened after alerts for rapid growth in connected providers and facilities; services inconsistent with member or facility context. Review confirmed overpayment; $49,651 identified for recovery.",Alert generated by prior screening; see summary.
INV-0271,PRV-724,2025-11-20,2026-01-27,R007_REFERRAL_CONCENTRATION,Physical Therapy,DOCUMENTATION_REQUESTED,0.0,Investigation of Physical Therapy provider PRV-724 (NORTH) opened after alerts for referrals concentrated on a single partner provider. Medical-record documentation was requested; follow-up review pending provider response.,Alert generated by prior screening; see summary.
INV-0272,PRV-208,2025-06-24,2025-09-12,R002_UPCODING,Radiology,CLOSED_NO_ISSUE,0.0,Investigation of Radiology provider PRV-208 (SOUTH) opened after alerts for an unusually high share of high-complexity visit codes relative to peers. Activity was explained by documented service mix; case closed without findings.,Alert generated by prior screening; see summary.
INV-0273,PRV-537,2025-04-11,2025-06-11,R001_DUPLICATE,Internal Medicine,CLOSED_NO_ISSUE,0.0,Investigation of Internal Medicine provider PRV-537 (SOUTH) opened after alerts for repeated same-day billing of identical services for the same members. Activity was explained by documented service mix; case closed without findings.,Alert generated by prior screening; see summary.
INV-0274,PRV-322,2025-05-22,2025-06-25,R007_REFERRAL_CONCENTRATION,Oncology,CLOSED_NO_ISSUE,0.0,Investigation of Oncology provider PRV-322 (EAST) opened after alerts for referrals concentrated on a single partner provider. Activity was explained by documented service mix; case closed without findings.,Alert generated by prior screening; see summary.
INV-0275,PRV-769,2025-08-10,2025-10-21,R004_IMPLAUSIBLE_SERVICE|R006_IMPOSSIBLE_TIMING,Dermatology,CLOSED_NO_ISSUE,0.0,Investigation of Dermatology provider PRV-769 (NORTH) opened after alerts for services inconsistent with member or facility context; service volume or locations that could not be delivered in the time available. Activity was explained by documented service mix; case closed without findings.,Alert generated by prior screening; see summary.
INV-0276,PRV-093,2025-09-04,2025-11-08,R002_UPCODING,Oncology,CLOSED_NO_ISSUE,0.0,Investigation of Oncology provider PRV-093 (SOUTH) opened after alerts for an unusually high share of high-complexity visit codes relative to peers. Activity was explained by documented service mix; case closed without findings.,Alert generated by prior screening; see summary.
INV-0277,PRV-388,2025-04-08,2025-05-06,R007_REFERRAL_CONCENTRATION,Pain Management,DOCUMENTATION_REQUESTED,0.0,Investigation of Pain Management provider PRV-388 (NORTH) opened after alerts for referrals concentrated on a single partner provider. Medical-record documentation was requested; follow-up review pending provider response.,Alert generated by prior screening; see summary.
INV-0278,PRV-301,2025-12-16,2026-01-25,R004_IMPLAUSIBLE_SERVICE|R005_EXCESSIVE_UTILIZATION,Family Medicine,DOCUMENTATION_REQUESTED,0.0,Investigation of Family Medicine provider PRV-301 (EAST) opened after alerts for services inconsistent with member or facility context; claim volume far above comparable peers. Medical-record documentation was requested; follow-up review pending provider response.,Alert generated by prior screening; see summary.
INV-0279,PRV-532,2025-11-01,2025-12-04,R004_IMPLAUSIBLE_SERVICE|R008_NETWORK_EXPANSION,Physical Therapy,MONITORED,0.0,Investigation of Physical Therapy provider PRV-532 (WEST) opened after alerts for services inconsistent with member or facility context; rapid growth in connected providers and facilities. No conclusive finding; provider placed on monitoring with quarterly re-review.,Alert generated by prior screening; see summary.
INV-0280,PRV-719,2025-10-17,2025-11-04,R004_IMPLAUSIBLE_SERVICE|R002_UPCODING,Laboratory,CLOSED_NO_ISSUE,0.0,Investigation of Laboratory provider PRV-719 (EAST) opened after alerts for services inconsistent with member or facility context; an unusually high share of high-complexity visit codes relative to peers. Activity was explained by documented service mix; case closed without findings.,Alert generated by prior screening; see summary.
INV-0281,PRV-250,2025-07-03,2025-09-17,R008_NETWORK_EXPANSION,Family Medicine,CONFIRMED_OVERPAYMENT,78367.29,"Investigation of Family Medicine provider PRV-250 (EAST) opened after alerts for rapid growth in connected providers and facilities. Review confirmed overpayment; $78,367 identified for recovery.",Alert generated by prior screening; see summary.
INV-0282,PRV-960,2025-11-16,2026-01-31,R003_UNBUNDLING|R001_DUPLICATE,Laboratory,CLOSED_NO_ISSUE,0.0,Investigation of Laboratory provider PRV-960 (SOUTH) opened after alerts for panel components billed separately instead of the bundled code; repeated same-day billing of identical services for the same members. Activity was explained by documented service mix; case closed without findings.,Alert generated by prior screening; see summary.
INV-0283,PRV-561,2025-09-04,2025-10-29,R006_IMPOSSIBLE_TIMING,Radiology,DOCUMENTATION_REQUESTED,0.0,Investigation of Radiology provider PRV-561 (WEST) opened after alerts for service volume or locations that could not be delivered in the time available. Medical-record documentation was requested; follow-up review pending provider response.,Alert generated by prior screening; see summary.
INV-0284,PRV-782,2025-05-23,2025-07-20,R006_IMPOSSIBLE_TIMING|R005_EXCESSIVE_UTILIZATION,Family Medicine,CLOSED_NO_ISSUE,0.0,Investigation of Family Medicine provider PRV-782 (SOUTH) opened after alerts for service volume or locations that could not be delivered in the time available; claim volume far above comparable peers. Activity was explained by documented service mix; case closed without findings.,Alert generated by prior screening; see summary.
INV-0285,PRV-994,2025-04-17,2025-07-04,R007_REFERRAL_CONCENTRATION|R003_UNBUNDLING,Internal Medicine,CONFIRMED_OVERPAYMENT,6926.88,"Investigation of Internal Medicine provider PRV-994 (SOUTH) opened after alerts for referrals concentrated on a single partner provider; panel components billed separately instead of the bundled code. Review confirmed overpayment; $6,927 identified for recovery.",Alert generated by prior screening; see summary.
INV-0286,PRV-666,2025-07-04,2025-09-28,R002_UPCODING|R008_NETWORK_EXPANSION,Radiology,CLOSED_NO_ISSUE,0.0,Investigation of Radiology provider PRV-666 (SOUTH) opened after alerts for an unusually high share of high-complexity visit codes relative to peers; rapid growth in connected providers and facilities. Activity was explained by documented service mix; case closed without findings.,Alert generated by prior screening; see summary.
INV-0287,PRV-361,2025-10-05,2025-12-17,R008_NETWORK_EXPANSION|R004_IMPLAUSIBLE_SERVICE,Pain Management,CLOSED_NO_ISSUE,0.0,Investigation of Pain Management provider PRV-361 (WEST) opened after alerts for rapid growth in connected providers and facilities; services inconsistent with member or facility context. Activity was explained by documented service mix; case closed without findings.,Alert generated by prior screening; see summary.
INV-0288,PRV-304,2025-10-07,2025-10-29,R007_REFERRAL_CONCENTRATION|R001_DUPLICATE,Internal Medicine,CLOSED_NO_ISSUE,0.0,Investigation of Internal Medicine provider PRV-304 (WEST) opened after alerts for referrals concentrated on a single partner provider; repeated same-day billing of identical services for the same members. Activity was explained by documented service mix; case closed without findings.,Alert generated by prior screening; see summary.
INV-0289,PRV-640,2025-12-20,2026-02-01,R006_IMPOSSIBLE_TIMING,Behavioral Health,CLOSED_NO_ISSUE,0.0,Investigation of Behavioral Health provider PRV-640 (NORTH) opened after alerts for service volume or locations that could not be delivered in the time available. Activity was explained by documented service mix; case closed without findings.,Alert generated by prior screening; see summary.
INV-0290,PRV-856,2025-07-04,2025-08-28,R007_REFERRAL_CONCENTRATION,Internal Medicine,CLOSED_NO_ISSUE,0.0,Investigation of Internal Medicine provider PRV-856 (SOUTH) opened after alerts for referrals concentrated on a single partner provider. Activity was explained by documented service mix; case closed without findings.,Alert generated by prior screening; see summary.
INV-0291,PRV-870,2025-06-11,2025-07-11,R006_IMPOSSIBLE_TIMING|R007_REFERRAL_CONCENTRATION,Family Medicine,CLOSED_NO_ISSUE,0.0,Investigation of Family Medicine provider PRV-870 (NORTH) opened after alerts for service volume or locations that could not be delivered in the time available; referrals concentrated on a single partner provider. Activity was explained by documented service mix; case closed without findings.,Alert generated by prior screening; see summary.
INV-0292,PRV-513,2025-12-22,2026-02-05,R003_UNBUNDLING,Laboratory,MONITORED,0.0,Investigation of Laboratory provider PRV-513 (WEST) opened after alerts for panel components billed separately instead of the bundled code. No conclusive finding; provider placed on monitoring with quarterly re-review.,Alert generated by prior screening; see summary.
INV-0293,PRV-770,2025-08-16,2025-09-17,R006_IMPOSSIBLE_TIMING,Cardiology,CLOSED_NO_ISSUE,0.0,Investigation of Cardiology provider PRV-770 (WEST) opened after alerts for service volume or locations that could not be delivered in the time available. Activity was explained by documented service mix; case closed without findings.,Alert generated by prior screening; see summary.
INV-0294,PRV-930,2025-12-14,2026-02-13,R006_IMPOSSIBLE_TIMING,Orthopedics,CLOSED_NO_ISSUE,0.0,Investigation of Orthopedics provider PRV-930 (WEST) opened after alerts for service volume or locations that could not be delivered in the time available. Activity was explained by documented service mix; case closed without findings.,Alert generated by prior screening; see summary.
INV-0295,PRV-141,2025-06-12,2025-07-13,R003_UNBUNDLING|R001_DUPLICATE,Obstetrics/Gynecology,CLOSED_NO_ISSUE,0.0,Investigation of Obstetrics/Gynecology provider PRV-141 (EAST) opened after alerts for panel components billed separately instead of the bundled code; repeated same-day billing of identical services for the same members. Activity was explained by documented service mix; case closed without findings.,Alert generated by prior screening; see summary.
INV-0296,PRV-887,2025-11-15,2025-12-20,R005_EXCESSIVE_UTILIZATION,Laboratory,CLOSED_NO_ISSUE,0.0,Investigation of Laboratory provider PRV-887 (NORTH) opened after alerts for claim volume far above comparable peers. Activity was explained by documented service mix; case closed without findings.,Alert generated by prior screening; see summary.
INV-0297,PRV-165,2025-09-15,2025-10-07,R006_IMPOSSIBLE_TIMING,Internal Medicine,CLOSED_NO_ISSUE,0.0,Investigation of Internal Medicine provider PRV-165 (WEST) opened after alerts for service volume or locations that could not be delivered in the time available. Activity was explained by documented service mix; case closed without findings.,Alert generated by prior screening; see summary.
INV-0298,PRV-936,2025-08-21,2025-10-08,R002_UPCODING|R005_EXCESSIVE_UTILIZATION,Orthopedics,CONFIRMED_OVERPAYMENT,68171.73,"Investigation of Orthopedics provider PRV-936 (NORTH) opened after alerts for an unusually high share of high-complexity visit codes relative to peers; claim volume far above comparable peers. Review confirmed overpayment; $68,172 identified for recovery.",Alert generated by prior screening; see summary.
INV-0299,PRV-829,2025-11-03,2026-01-21,R008_NETWORK_EXPANSION,Radiology,CLOSED_NO_ISSUE,0.0,Investigation of Radiology provider PRV-829 (EAST) opened after alerts for rapid growth in connected providers and facilities. Activity was explained by documented service mix; case closed without findings.,Alert generated by prior screening; see summary.
INV-0300,PRV-268,2025-06-12,2025-08-31,R001_DUPLICATE,Cardiology,CLOSED_NO_ISSUE,0.0,Investigation of Cardiology provider PRV-268 (SOUTH) opened after alerts for repeated same-day billing of identical services for the same members. Activity was explained by documented service mix; case closed without findings.,Alert generated by prior screening; see summary.
