member_id,age,sex,region,death_date
MEM-00001,51,M,SOUTH,
MEM-00002,84,F,EAST,
MEM-00003,49,M,WEST,
MEM-00004,53,M,NORTH,
MEM-00005,28,M,WEST,
MEM-00006,59,M,EAST,
MEM-00007,57,M,SOUTH,
MEM-00008,70,F,EAST,
MEM-00009,58,M,SOUTH,
MEM-00010,72,M,NORTH,
MEM-00011,29,F,SOUTH,
MEM-00012,86,M,EAST,
MEM-00013,95,M,EAST,
MEM-00014,36,M,WEST,
MEM-00015,24,F,SOUTH,
MEM-00016,23,F,WEST,
MEM-00017,61,M,WEST,
MEM-00018,55,M,NORTH,
MEM-00019,58,M,NORTH,
MEM-00020,62,F,SOUTH,
MEM-00021,38,F,SOUTH,
MEM-00022,37,F,EAST,
MEM-00023,22,M,WEST,
MEM-00024,65,M,NORTH,
MEM-00025,13,F,WEST,
MEM-00026,21,F,EAST,
MEM-00027,68,F,NORTH,
MEM-00028,43,M,EAST,
MEM-00029,71,M,SOUTH,
MEM-00030,39,F,EAST,
MEM-00031,50,F,NORTH,
MEM-00032,36,M,WEST,
MEM-00033,39,M,NORTH,
MEM-00034,26,F,SOUTH,
MEM-00035,37,M,WEST,
MEM-00036,22,M,WEST,
MEM-00037,12,M,EAST,
MEM-00038,41,F,NORTH,
MEM-00039,26,F,WEST,
MEM-00040,46,M,NORTH,
MEM-00041,28,M,NORTH,
MEM-00042,18,F,NORTH,
MEM-00043,46,M,SOUTH,
MEM-00044,46,F,EAST,
MEM-00045,85,F,WEST,
MEM-00046,68,M,WEST,
MEM-00047,13,F,WEST,
MEM-00048,40,M,EAST,
MEM-00049,38,F,EAST,
MEM-00050,24,M,NORTH,
MEM-00051,95,F,SOUTH,
MEM-00052,59,M,WEST,
MEM-00053,26,M,EAST,
MEM-00054,39,M,WEST,
MEM-00055,45,M,WEST,
MEM-00056,30,F,EAST,
MEM-00057,35,F,WEST,
MEM-00058,31,F,NORTH,
MEM-00059,39,M,WEST,
MEM-00060,21,M,EAST,
MEM-00061,35,M,SOUTH,
MEM-00062,21,F,NORTH,
MEM-00063,30,F,SOUTH,
MEM-00064,43,F,EAST,
MEM-00065,59,F,NORTH,
MEM-00066,53,F,WEST,
MEM-00067,61,F,EAST,
MEM-00068,22,F,EAST,
MEM-00069,18,M,EAST,
MEM-00070,15,F,WEST,
MEM-00071,31,M,SOUTH,
MEM-00072,35,F,SOUTH,
MEM-00073,20,M,NORTH,
MEM-00074,27,F,WEST,
MEM-00075,24,M,SOUTH,
MEM-00076,67,F,SOUTH,
MEM-00077,65,M,WEST,
MEM-00078,18,M,WEST,
MEM-00079,31,F,NORTH,
MEM-00080,36,F,SOUTH,
MEM-00081,23,F,EAST,
MEM-00082,59,F,SOUTH,
MEM-00083,70,F,EAST,2025-10-03
MEM-00084,21,M,NORTH,
MEM-00085,95,M,SOUTH,
MEM-00086,22,M,NORTH,
MEM-00087,40,F,EAST,
MEM-00088,27,F,WEST,
MEM-00089,36,M,EAST,
MEM-00090,37,F,SOUTH,
MEM-00091,24,F,EAST,
MEM-00092,45,M,WEST,
MEM-00093,55,M,EAST,
MEM-00094,31,F,WEST,
MEM-00095,40,F,WEST,
MEM-00096,67,F,WEST,
MEM-00097,21,M,SOUTH,
MEM-00098,93,M,EAST,
MEM-00099,28,M,WEST,
MEM-00100,42,F,WEST,
MEM-00101,54,F,NORTH,
MEM-00102,84,F,EAST,
MEM-00103,43,F,SOUTH,
MEM-00104,52,F,NORTH,
MEM-00105,47,M,WEST,
MEM-00106,28,F,WEST,
MEM-00107,18,F,WEST,
MEM-00108,52,M,NORTH,
MEM-00109,74,F,NORTH,
MEM-00110,40,F,NORTH,
MEM-00111,67,M,NORTH,
MEM-00112,54,M,WEST,
MEM-00113,95,M,NORTH,
MEM-00114,49,F,NORTH,
MEM-00115,35,M,WEST,
MEM-00116,41,M,WEST,
MEM-00117,28,M,WEST,
MEM-00118,33,F,WEST,
MEM-00119,10,M,EAST,
MEM-00120,53,F,NORTH,
MEM-00121,14,F,EAST,
MEM-00122,25,F,EAST,
MEM-00123,41,M,SOUTH,
MEM-00124,19,F,SOUTH,
MEM-00125,39,F,SOUTH,
MEM-00126,50,F,EAST,
MEM-00127,32,F,SOUTH,
MEM-00128,63,M,NORTH,
MEM-00129,66,F,EAST,
MEM-00130,13,F,WEST,
MEM-00131,33,F,EAST,
MEM-00132,22,M,WEST,
MEM-00133,15,F,SOUTH,
MEM-00134,45,M,EAST,
MEM-00135,31,M,EAST,
MEM-00136,50,F,WEST,
MEM-00137,40,F,NORTH,
MEM-00138,34,M,WEST,
MEM-00139,25,M,EAST,
MEM-00140,29,F,WEST,
MEM-00141,47,F,NORTH,
MEM-00142,51,M,SOUTH,
MEM-00143,49,M,EAST,2026-01-19
MEM-00144,48,M,WEST,
MEM-00145,28,F,NORTH,
MEM-00146,31,F,WEST,
MEM-00147,48,M,WEST,
MEM-00148,32,F,SOUTH,
MEM-00149,23,F,SOUTH,
MEM-00150,38,M,EAST,
MEM-00151,53,M,EAST,
MEM-00152,47,F,WEST,
MEM-00153,33,F,NORTH,
MEM-00154,25,F,EAST,
MEM-00155,30,F,NORTH,
MEM-00156,64,F,WEST,
MEM-00157,14,M,EAST,
MEM-00158,27,F,EAST,
MEM-00159,57,F,WEST,
MEM-00160,21,F,SOUTH,
MEM-00161,67,M,NORTH,
MEM-00162,54,M,EAST,
MEM-00163,57,F,EAST,
MEM-00164,70,M,EAST,
MEM-00165,64,F,NORTH,
MEM-00166,51,F,NORTH,
MEM-00167,33,M,NORTH,
MEM-00168,11,M,NORTH,
MEM-00169,8,M,NORTH,
MEM-00170,95,M,NORTH,
MEM-00171,10,M,EAST,
MEM-00172,62,F,SOUTH,
MEM-00173,19,M,SOUTH,
MEM-00174,38,F,WEST,
MEM-00175,71,M,NORTH,
MEM-00176,30,M,SOUTH,
MEM-00177,35,F,SOUTH,
MEM-00178,38,M,EAST,
MEM-00179,91,M,NORTH,
MEM-00180,49,M,EAST,
MEM-00181,53,M,EAST,
MEM-00182,83,M,SOUTH,
MEM-00183,22,M,SOUTH,
MEM-00184,22,F,NORTH,
MEM-00185,34,M,WEST,
MEM-00186,37,F,SOUTH,
MEM-00187,31,M,NORTH,
MEM-00188,65,M,EAST,
MEM-00189,28,F,WEST,
MEM-00190,25,F,NORTH,
MEM-00191,51,M,SOUTH,
MEM-00192,95,M,EAST,
MEM-00193,49,F,EAST,
MEM-00194,33,F,WEST,
MEM-00195,45,M,EAST,
MEM-00196,15,M,SOUTH,
MEM-00197,43,F,SOUTH,
MEM-00198,53,F,NORTH,2025-11-13
MEM-00199,58,F,WEST,
MEM-00200,21,M,WEST,
MEM-00201,47,M,NORTH,
MEM-00202,76,M,WEST,
MEM-00203,9,M,WEST,
MEM-00204,32,M,EAST,
MEM-00205,50,F,EAST,
MEM-00206,37,M,WEST,
MEM-00207,46,F,NORTH,
MEM-00208,23,M,NORTH,
MEM-00209,11,M,SOUTH,
MEM-00210,35,M,NORTH,
MEM-00211,24,F,WEST,
MEM-00212,31,M,SOUTH,
MEM-00213,95,F,NORTH,
MEM-00214,84,M,EAST,
MEM-00215,47,F,SOUTH,
MEM-00216,31,F,SOUTH,
MEM-00217,37,M,NORTH,
MEM-00218,49,M,EAST,
MEM-00219,84,M,EAST,
MEM-00220,26,M,WEST,
MEM-00221,75,M,SOUTH,
MEM-00222,48,F,WEST,
MEM-00223,10,M,WEST,
MEM-00224,41,M,SOUTH,
MEM-00225,30,M,SOUTH,
MEM-00226,55,F,EAST,
MEM-00227,49,M,WEST,
MEM-00228,23,M,WEST,
MEM-00229,39,M,SOUTH,
MEM-00230,19,F,EAST,
MEM-00231,95,M,NORTH,
MEM-00232,36,F,EAST,
MEM-00233,43,F,WEST,
MEM-00234,90,F,WEST,
MEM-00235,26,F,NORTH,
MEM-00236,38,F,NORTH,
MEM-00237,48,F,NORTH,
MEM-00238,61,M,NORTH,
MEM-00239,65,F,SOUTH,
MEM-00240,18,F,WEST,
MEM-00241,63,F,EAST,
MEM-00242,42,M,EAST,
MEM-00243,21,M,WEST,
MEM-00244,45,F,WEST,
MEM-00245,43,F,EAST,
MEM-00246,46,M,NORTH,
MEM-00247,36,F,WEST,
MEM-00248,13,F,WEST,
MEM-00249,47,M,WEST,
MEM-00250,60,M,SOUTH,
MEM-00251,55,M,SOUTH,
MEM-00252,42,F,WEST,
MEM-00253,19,F,SOUTH,
MEM-00254,55,F,WEST,
MEM-00255,59,F,NORTH,
MEM-00256,45,M,WEST,
MEM-00257,53,M,EAST,
MEM-00258,58,F,EAST,
MEM-00259,82,F,WEST,
MEM-00260,51,F,NORTH,
MEM-00261,48,M,SOUTH,
MEM-00262,46,M,EAST,
MEM-00263,46,M,WEST,
MEM-00264,36,M,NORTH,
MEM-00265,13,M,NORTH,
MEM-00266,41,M,NORTH,
MEM-00267,32,F,WEST,
MEM-00268,62,M,SOUTH,
MEM-00269,18,M,EAST,
MEM-00270,33,M,WEST,
MEM-00271,33,F,SOUTH,
MEM-00272,33,M,NORTH,
MEM-00273,70,F,NORTH,
MEM-00274,27,M,WEST,
MEM-00275,66,F,SOUTH,
MEM-00276,81,M,NORTH,
MEM-00277,23,M,SOUTH,
MEM-00278,58,M,SOUTH,
MEM-00279,1,M,EAST,
MEM-00280,50,M,EAST,
MEM-00281,61,M,NORTH,
MEM-00282,27,M,NORTH,
MEM-00283,51,F,EAST,
MEM-00284,25,M,SOUTH,
MEM-00285,40,M,EAST,
MEM-00286,95,F,EAST,
MEM-00287,75,F,EAST,
MEM-00288,58,F,NORTH,
MEM-00289,14,M,NORTH,
MEM-00290,95,M,EAST,
MEM-00291,81,F,WEST,
MEM-00292,34,F,NORTH,
MEM-00293,51,M,NORTH,
MEM-00294,77,M,SOUTH,
MEM-00295,54,F,WEST,
MEM-00296,63,F,WEST,
MEM-00297,43,F,NORTH,
MEM-00298,32,F,EAST,
MEM-00299,43,M,SOUTH,
MEM-00300,40,M,WEST,
MEM-00301,26,M,WEST,
MEM-00302,52,M,EAST,
MEM-00303,32,F,EAST,
MEM-00304,88,F,EAST,
MEM-00305,61,M,SOUTH,
MEM-00306,95,F,NORTH,
MEM-00307,60,M,WEST,
MEM-00308,13,M,EAST,
MEM-00309,27,M,WEST,
MEM-00310,38,F,NORTH,
MEM-00311,49,F,WEST,
MEM-00312,70,M,EAST,
MEM-00313,40,M,NORTH,
MEM-00314,32,M,WEST,
MEM-00315,43,F,NORTH,
MEM-00316,31,F,NORTH,
MEM-00317,31,M,EAST,
MEM-00318,44,F,SOUTH,
MEM-00319,49,F,NORTH,
MEM-00320,25,F,SOUTH,
MEM-00321,42,M,NORTH,
MEM-00322,27,F,SOUTH,
MEM-00323,46,M,SOUTH,
MEM-00324,41,M,WEST,
MEM-00325,33,M,NORTH,
MEM-00326,40,M,NORTH,
MEM-00327,20,M,WEST,
MEM-00328,24,M,EAST,
MEM-00329,27,F,NORTH,
MEM-00330,64,M,SOUTH,
MEM-00331,32,F,WEST,
MEM-00332,50,F,SOUTH,
MEM-00333,40,F,NORTH,
MEM-00334,43,F,EAST,
MEM-00335,24,M,SOUTH,
MEM-00336,23,F,SOUTH,
MEM-00337,21,M,SOUTH,
MEM-00338,73,M,EAST,
MEM-00339,44,M,NORTH,
MEM-00340,48,M,SOUTH,
MEM-00341,45,M,SOUTH,
MEM-00342,18,F,WEST,
MEM-00343,47,M,EAST,
MEM-00344,12,M,NORTH,
MEM-00345,34,F,NORTH,
MEM-00346,42,F,WEST,
MEM-00347,41,F,EAST,
MEM-00348,21,M,WEST,
MEM-00349,77,F,WEST,
MEM-00350,40,F,EAST,
MEM-00351,43,M,NORTH,
MEM-00352,21,F,SOUTH,
MEM-00353,57,F,NORTH,
MEM-00354,43,F,WEST,
MEM-00355,40,F,NORTH,
MEM-00356,56,M,SOUTH,
MEM-00357,53,F,WEST,
MEM-00358,36,M,SOUTH,
MEM-00359,45,M,SOUTH,
MEM-00360,38,M,SOUTH,
MEM-00361,44,F,SOUTH,
MEM-00362,50,M,SOUTH,
MEM-00363,36,F,NORTH,
MEM-00364,32,F,NORTH,
MEM-00365,40,M,WEST,
MEM-00366,45,M,NORTH,
MEM-00367,27,M,WEST,
MEM-00368,95,M,WEST,
MEM-00369,37,F,WEST,
MEM-00370,62,F,SOUTH,
MEM-00371,59,F,NORTH,
MEM-00372,49,M,NORTH,
MEM-00373,51,M,WEST,
MEM-00374,67,F,EAST,
MEM-00375,29,F,EAST,
MEM-00376,95,M,EAST,
MEM-00377,27,M,EAST,
MEM-00378,66,F,NORTH,
MEM-00379,36,M,SOUTH,
MEM-00380,40,M,NORTH,
MEM-00381,51,M,SOUTH,
MEM-00382,18,M,NORTH,
MEM-00383,36,F,SOUTH,
MEM-00384,41,M,WEST,
MEM-00385,33,F,NORTH,
MEM-00386,25,F,WEST,
MEM-00387,78,F,NORTH,
MEM-00388,39,M,SOUTH,
MEM-00389,26,F,NORTH,
MEM-00390,45,F,WEST,
MEM-00391,32,F,NORTH,
MEM-00392,36,M,SOUTH,
MEM-00393,94,F,SOUTH,
MEM-00394,17,F,WEST,
MEM-00395,91,M,NORTH,
MEM-00396,79,M,EAST,
MEM-00397,29,M,EAST,
MEM-00398,44,F,WEST,
MEM-00399,15,F,NORTH,
MEM-00400,47,F,NORTH,
MEM-00401,54,M,SOUTH,
MEM-00402,33,F,SOUTH,
MEM-00403,57,M,EAST,
MEM-00404,81,M,EAST,
MEM-00405,61,M,SOUTH,
MEM-00406,61,M,WEST,
MEM-00407,38,M,EAST,
MEM-00408,23,F,EAST,
MEM-00409,44,F,SOUTH,
MEM-00410,95,F,SOUTH,
MEM-00411,37,F,SOUTH,
MEM-00412,55,F,SOUTH,
MEM-00413,47,M,WEST,
MEM-00414,27,M,WEST,
MEM-00415,70,M,EAST,
MEM-00416,46,F,NORTH,
MEM-00417,31,F,EAST,
MEM-00418,34,F,NORTH,
MEM-00419,29,M,SOUTH,
MEM-00420,61,M,SOUTH,
MEM-00421,64,M,EAST,
MEM-00422,46,M,SOUTH,
MEM-00423,46,F,NORTH,
MEM-00424,37,F,EAST,
MEM-00425,39,M,WEST,
MEM-00426,55,F,EAST,
MEM-00427,49,F,NORTH,
MEM-00428,29,F,NORTH,
MEM-00429,22,M,SOUTH,
MEM-00430,46,M,WEST,
MEM-00431,9,F,EAST,
MEM-00432,31,M,NORTH,
MEM-00433,30,M,WEST,
MEM-00434,32,M,SOUTH,
MEM-00435,21,M,EAST,
MEM-00436,33,M,SOUTH,
MEM-00437,16,M,NORTH,
MEM-00438,74,M,SOUTH,
MEM-00439,69,M,EAST,
MEM-00440,20,F,NORTH,
MEM-00441,19,M,NORTH,
MEM-00442,21,F,WEST,
MEM-00443,27,F,EAST,
MEM-00444,43,F,NORTH,
MEM-00445,47,M,SOUTH,
MEM-00446,55,M,WEST,
MEM-00447,43,M,SOUTH,
MEM-00448,16,M,SOUTH,
MEM-00449,31,F,EAST,
MEM-00450,51,F,WEST,
MEM-00451,65,M,SOUTH,
MEM-00452,56,F,NORTH,
MEM-00453,22,M,WEST,
MEM-00454,30,M,EAST,
MEM-00455,17,F,NORTH,
MEM-00456,68,F,NORTH,
MEM-00457,19,M,EAST,
MEM-00458,16,F,NORTH,
MEM-00459,37,F,EAST,
MEM-00460,41,M,NORTH,
MEM-00461,53,M,NORTH,
MEM-00462,95,F,EAST,
MEM-00463,42,M,WEST,
MEM-00464,12,F,NORTH,
MEM-00465,20,F,NORTH,
MEM-00466,61,F,NORTH,
MEM-00467,43,F,WEST,
MEM-00468,61,M,SOUTH,
MEM-00469,35,M,WEST,
MEM-00470,45,F,NORTH,
MEM-00471,37,M,WEST,
MEM-00472,27,F,NORTH,
MEM-00473,56,M,WEST,
MEM-00474,11,M,EAST,
MEM-00475,32,F,NORTH,
MEM-00476,36,F,NORTH,
MEM-00477,32,M,WEST,
MEM-00478,33,M,NORTH,
MEM-00479,32,F,EAST,
MEM-00480,31,M,NORTH,
MEM-00481,32,M,WEST,
MEM-00482,30,M,WEST,
MEM-00483,53,F,SOUTH,
MEM-00484,32,F,NORTH,
MEM-00485,28,F,WEST,
MEM-00486,28,M,WEST,
MEM-00487,25,M,WEST,
MEM-00488,31,F,EAST,
MEM-00489,59,F,SOUTH,
MEM-00490,23,M,NORTH,
MEM-00491,29,M,EAST,
MEM-00492,37,M,WEST,
MEM-00493,45,M,NORTH,
MEM-00494,36,F,EAST,
MEM-00495,41,M,EAST,
MEM-00496,31,M,NORTH,
MEM-00497,85,F,EAST,
MEM-00498,40,M,EAST,
MEM-00499,54,M,SOUTH,
MEM-00500,51,F,NORTH,
MEM-00501,31,M,EAST,
MEM-00502,46,M,WEST,
MEM-00503,20,F,SOUTH,
MEM-00504,67,F,WEST,
MEM-00505,19,M,EAST,
MEM-00506,34,F,EAST,
MEM-00507,11,M,NORTH,
MEM-00508,95,F,WEST,
MEM-00509,19,M,WEST,
MEM-00510,44,M,SOUTH,
MEM-00511,37,F,NORTH,
MEM-00512,57,M,NORTH,
MEM-00513,28,M,NORTH,
MEM-00514,7,F,NORTH,
MEM-00515,30,M,NORTH,
MEM-00516,44,M,SOUTH,
MEM-00517,78,F,WEST,
MEM-00518,47,M,EAST,
MEM-00519,37,M,SOUTH,
MEM-00520,48,M,NORTH,
MEM-00521,38,M,SOUTH,
MEM-00522,39,F,WEST,
MEM-00523,27,M,NORTH,
MEM-00524,28,F,NORTH,
MEM-00525,29,M,SOUTH,
MEM-00526,52,M,WEST,
MEM-00527,27,F,SOUTH,
MEM-00528,19,F,NORTH,
MEM-00529,33,M,SOUTH,
MEM-00530,29,M,SOUTH,
MEM-00531,25,F,WEST,
MEM-00532,78,F,NORTH,
MEM-00533,45,F,WEST,
MEM-00534,24,F,NORTH,
MEM-00535,28,F,NORTH,
MEM-00536,23,M,SOUTH,
MEM-00537,63,M,EAST,
MEM-00538,73,F,EAST,
MEM-00539,20,F,WEST,
MEM-00540,35,F,WEST,
MEM-00541,37,M,EAST,
MEM-00542,61,F,WEST,
MEM-00543,46,F,SOUTH,
MEM-00544,63,F,SOUTH,
MEM-00545,38,M,EAST,
MEM-00546,12,M,EAST,
MEM-00547,56,M,SOUTH,
MEM-00548,59,F,NORTH,
MEM-00549,13,F,WEST,
MEM-00550,46,F,SOUTH,
MEM-00551,39,F,WEST,
MEM-00552,25,M,SOUTH,
MEM-00553,61,F,EAST,
MEM-00554,19,F,NORTH,
MEM-00555,19,M,SOUTH,
MEM-00556,45,M,SOUTH,
MEM-00557,84,F,SOUTH,
MEM-00558,36,F,EAST,
MEM-00559,51,M,EAST,
MEM-00560,65,F,EAST,
MEM-00561,95,F,WEST,
MEM-00562,23,F,NORTH,
MEM-00563,36,M,NORTH,
MEM-00564,21,F,NORTH,
MEM-00565,11,F,SOUTH,
MEM-00566,36,M,WEST,
MEM-00567,91,F,SOUTH,
MEM-00568,30,F,NORTH,
MEM-00569,32,F,EAST,
MEM-00570,89,M,WEST,
MEM-00571,77,M,EAST,
MEM-00572,23,M,EAST,
MEM-00573,18,M,WEST,
MEM-00574,58,F,WEST,
MEM-00575,13,M,WEST,
MEM-00576,39,M,WEST,
MEM-00577,26,M,EAST,
MEM-00578,52,F,NORTH,
MEM-00579,47,M,NORTH,
MEM-00580,57,F,NORTH,
MEM-00581,35,M,EAST,
MEM-00582,73,F,NORTH,
MEM-00583,30,M,EAST,
MEM-00584,44,M,NORTH,
MEM-00585,73,F,WEST,
MEM-00586,40,F,SOUTH,
MEM-00587,95,F,NORTH,
MEM-00588,55,F,WEST,
MEM-00589,43,F,NORTH,
MEM-00590,67,M,SOUTH,
MEM-00591,66,F,NORTH,
MEM-00592,74,M,SOUTH,
MEM-00593,24,F,EAST,
MEM-00594,31,M,SOUTH,
MEM-00595,38,F,NORTH,
MEM-00596,45,F,NORTH,
MEM-00597,26,F,SOUTH,
MEM-00598,28,F,NORTH,
MEM-00599,24,F,WEST,
MEM-00600,54,M,WEST,
MEM-00601,17,F,WEST,
MEM-00602,32,F,EAST,
MEM-00603,31,M,NORTH,
MEM-00604,66,F,SOUTH,
MEM-00605,19,M,EAST,
MEM-00606,27,M,WEST,
MEM-00607,13,M,WEST,
MEM-00608,24,M,EAST,
MEM-00609,25,M,WEST,
MEM-00610,33,F,NORTH,
MEM-00611,69,M,NORTH,
MEM-00612,95,M,SOUTH,
MEM-00613,78,F,NORTH,
MEM-00614,39,F,EAST,
MEM-00615,86,F,WEST,
MEM-00616,85,M,NORTH,
MEM-00617,38,F,EAST,
MEM-00618,21,M,WEST,
MEM-00619,80,M,NORTH,
MEM-00620,17,F,WEST,
MEM-00621,42,F,EAST,
MEM-00622,38,M,EAST,
MEM-00623,88,F,EAST,
MEM-00624,47,M,SOUTH,
MEM-00625,39,M,SOUTH,
MEM-00626,47,M,NORTH,
MEM-00627,34,F,EAST,
MEM-00628,39,M,WEST,
MEM-00629,28,F,WEST,
MEM-00630,52,F,EAST,
MEM-00631,48,M,NORTH,
MEM-00632,32,M,WEST,
MEM-00633,25,F,SOUTH,
MEM-00634,31,F,SOUTH,
MEM-00635,63,F,SOUTH,
MEM-00636,24,F,WEST,
MEM-00637,53,F,WEST,
MEM-00638,45,M,SOUTH,
MEM-00639,28,M,EAST,
MEM-00640,63,M,NORTH,
MEM-00641,19,M,EAST,
MEM-00642,40,F,SOUTH,
MEM-00643,39,F,EAST,
MEM-00644,33,F,EAST,
MEM-00645,45,F,NORTH,
MEM-00646,42,M,SOUTH,
MEM-00647,74,M,WEST,
MEM-00648,26,F,SOUTH,
MEM-00649,31,M,EAST,
MEM-00650,68,M,SOUTH,
MEM-00651,45,M,WEST,
MEM-00652,21,M,EAST,
MEM-00653,65,M,WEST,
MEM-00654,19,M,WEST,
MEM-00655,70,F,WEST,
MEM-00656,32,M,EAST,
MEM-00657,51,F,WEST,
MEM-00658,46,F,SOUTH,
MEM-00659,63,M,SOUTH,
MEM-00660,26,F,NORTH,
MEM-00661,28,M,NORTH,
MEM-00662,78,M,NORTH,
MEM-00663,18,M,NORTH,
MEM-00664,34,F,NORTH,
MEM-00665,30,F,NORTH,
MEM-00666,37,F,WEST,
MEM-00667,57,F,EAST,
MEM-00668,20,M,WEST,
MEM-00669,22,M,SOUTH,
MEM-00670,35,M,WEST,
MEM-00671,41,M,NORTH,
MEM-00672,38,F,SOUTH,
MEM-00673,59,F,SOUTH,
MEM-00674,67,F,EAST,
MEM-00675,63,M,EAST,
MEM-00676,60,M,NORTH,
MEM-00677,42,F,NORTH,
MEM-00678,56,F,WEST,
MEM-00679,27,F,EAST,
MEM-00680,17,M,NORTH,
MEM-00681,15,M,NORTH,
MEM-00682,20,F,WEST,
MEM-00683,43,M,SOUTH,
MEM-00684,95,F,WEST,
MEM-00685,58,F,SOUTH,
MEM-00686,95,M,SOUTH,
MEM-00687,24,M,SOUTH,
MEM-00688,16,M,SOUTH,
MEM-00689,75,F,NORTH,
MEM-00690,32,M,SOUTH,
MEM-00691,44,F,SOUTH,
MEM-00692,53,M,SOUTH,
MEM-00693,39,F,WEST,
MEM-00694,41,M,WEST,
MEM-00695,27,F,WEST,
MEM-00696,56,F,SOUTH,
MEM-00697,29,F,EAST,
MEM-00698,41,F,WEST,
MEM-00699,22,F,NORTH,
MEM-00700,45,F,EAST,
MEM-00701,60,F,NORTH,
MEM-00702,20,M,WEST,
MEM-00703,19,M,WEST,
MEM-00704,38,F,SOUTH,
MEM-00705,41,M,EAST,
MEM-00706,27,M,SOUTH,
MEM-00707,72,F,WEST,
MEM-00708,49,M,SOUTH,
MEM-00709,95,F,NORTH,
MEM-00710,14,M,NORTH,
MEM-00711,32,M,NORTH,
MEM-00712,53,M,EAST,
MEM-00713,55,F,SOUTH,
MEM-00714,7,M,WEST,2025-06-07
MEM-00715,17,F,SOUTH,
MEM-00716,35,F,WEST,
MEM-00717,44,M,WEST,
MEM-00718,49,M,WEST,
MEM-00719,27,M,SOUTH,
MEM-00720,31,F,SOUTH,
MEM-00721,53,M,WEST,
MEM-00722,57,M,NORTH,
MEM-00723,69,F,WEST,
MEM-00724,7,M,EAST,
MEM-00725,36,M,NORTH,
MEM-00726,22,M,EAST,
MEM-00727,29,M,WEST,
MEM-00728,37,M,EAST,
MEM-00729,55,M,SOUTH,
MEM-00730,46,M,WEST,
MEM-00731,32,F,SOUTH,
MEM-00732,22,M,NORTH,
MEM-00733,28,M,SOUTH,
MEM-00734,61,M,EAST,
MEM-00735,16,M,NORTH,
MEM-00736,38,F,SOUTH,
MEM-00737,95,M,WEST,
MEM-00738,90,F,EAST,
MEM-00739,23,F,EAST,
MEM-00740,48,M,SOUTH,
MEM-00741,46,M,SOUTH,
MEM-00742,33,F,EAST,
MEM-00743,27,F,SOUTH,
MEM-00744,18,F,WEST,
MEM-00745,43,F,EAST,
MEM-00746,74,F,EAST,
MEM-00747,20,F,EAST,
MEM-00748,35,M,WEST,
MEM-00749,40,F,SOUTH,
MEM-00750,25,M,NORTH,
MEM-00751,44,M,WEST,
MEM-00752,75,M,WEST,
MEM-00753,83,M,WEST,
MEM-00754,56,F,EAST,
MEM-00755,45,F,WEST,
MEM-00756,26,F,SOUTH,
MEM-00757,70,M,SOUTH,
MEM-00758,28,F,EAST,
MEM-00759,28,M,WEST,
MEM-00760,51,F,NORTH,
MEM-00761,66,M,NORTH,
MEM-00762,49,M,NORTH,
MEM-00763,12,M,WEST,
MEM-00764,27,F,NORTH,
MEM-00765,32,M,SOUTH,
MEM-00766,31,M,NORTH,
MEM-00767,48,F,SOUTH,
MEM-00768,39,F,WEST,
MEM-00769,93,M,NORTH,
MEM-00770,37,M,EAST,
MEM-00771,55,M,EAST,
MEM-00772,29,M,WEST,
MEM-00773,39,F,NORTH,
MEM-00774,31,F,NORTH,
MEM-00775,95,M,NORTH,
MEM-00776,71,M,NORTH,
MEM-00777,42,F,WEST,
MEM-00778,22,F,NORTH,
MEM-00779,30,F,EAST,
MEM-00780,52,M,EAST,
MEM-00781,36,M,SOUTH,
MEM-00782,95,F,NORTH,
MEM-00783,67,F,SOUTH,
MEM-00784,19,M,WEST,
MEM-00785,24,M,WEST,
MEM-00786,44,M,SOUTH,
MEM-00787,34,F,NORTH,
MEM-00788,48,F,EAST,
MEM-00789,42,F,EAST,
MEM-00790,28,M,NORTH,
MEM-00791,23,M,NORTH,
MEM-00792,15,M,NORTH,
MEM-00793,22,M,SOUTH,
MEM-00794,31,F,NORTH,
MEM-00795,32,F,NORTH,
MEM-00796,39,F,WEST,
MEM-00797,51,M,EAST,
MEM-00798,50,M,WEST,
MEM-00799,60,M,SOUTH,
MEM-00800,68,F,WEST,
MEM-00801,34,F,EAST,
MEM-00802,27,M,WEST,
MEM-00803,52,F,NORTH,
MEM-00804,36,F,SOUTH,
MEM-00805,28,M,EAST,
MEM-00806,34,F,SOUTH,
MEM-00807,23,F,EAST,
MEM-00808,51,F,WEST,
MEM-00809,62,M,NORTH,
MEM-00810,36,F,WEST,
MEM-00811,23,F,EAST,
MEM-00812,15,M,NORTH,
MEM-00813,45,M,SOUTH,
MEM-00814,45,F,EAST,
MEM-00815,36,M,NORTH,
MEM-00816,62,F,SOUTH,
MEM-00817,26,M,SOUTH,
MEM-00818,92,M,EAST,
MEM-00819,13,M,NORTH,
MEM-00820,6,F,EAST,
MEM-00821,20,F,NORTH,
MEM-00822,53,M,NORTH,
MEM-00823,79,F,WEST,
MEM-00824,31,M,SOUTH,
MEM-00825,89,F,SOUTH,
MEM-00826,33,F,EAST,
MEM-00827,28,M,NORTH,
MEM-00828,46,M,NORTH,
MEM-00829,22,M,SOUTH,
MEM-00830,15,F,NORTH,
MEM-00831,70,F,NORTH,
MEM-00832,29,M,WEST,
MEM-00833,13,M,SOUTH,
MEM-00834,51,M,SOUTH,
MEM-00835,58,F,WEST,
MEM-00836,31,F,WEST,
MEM-00837,27,M,EAST,
MEM-00838,39,F,NORTH,
MEM-00839,52,F,NORTH,
MEM-00840,95,M,NORTH,
MEM-00841,38,M,SOUTH,
MEM-00842,33,F,EAST,
MEM-00843,24,M,WEST,
MEM-00844,8,F,EAST,
MEM-00845,31,M,NORTH,
MEM-00846,40,M,WEST,
MEM-00847,59,F,EAST,
MEM-00848,50,M,WEST,
MEM-00849,20,F,EAST,
MEM-00850,56,M,WEST,
MEM-00851,31,F,WEST,
MEM-00852,29,M,NORTH,
MEM-00853,33,F,SOUTH,
MEM-00854,36,M,SOUTH,
MEM-00855,78,F,WEST,
MEM-00856,29,F,NORTH,
MEM-00857,55,F,EAST,
MEM-00858,22,M,EAST,
MEM-00859,25,F,SOUTH,
MEM-00860,23,F,EAST,
MEM-00861,57,M,SOUTH,
MEM-00862,31,F,WEST,
MEM-00863,95,M,SOUTH,
MEM-00864,13,F,WEST,
MEM-00865,58,F,EAST,
MEM-00866,15,F,NORTH,
MEM-00867,39,F,EAST,
MEM-00868,31,F,NORTH,
MEM-00869,51,M,NORTH,
MEM-00870,39,F,NORTH,
MEM-00871,50,F,EAST,
MEM-00872,17,M,NORTH,
MEM-00873,27,F,SOUTH,
MEM-00874,56,M,EAST,
MEM-00875,62,F,EAST,
MEM-00876,21,F,WEST,
MEM-00877,48,F,SOUTH,
MEM-00878,10,F,WEST,
MEM-00879,9,M,EAST,
MEM-00880,41,M,WEST,
MEM-00881,37,F,SOUTH,
MEM-00882,60,F,NORTH,
MEM-00883,48,M,EAST,
MEM-00884,29,F,WEST,
MEM-00885,32,F,WEST,
MEM-00886,49,M,NORTH,
MEM-00887,38,M,SOUTH,
MEM-00888,18,M,EAST,
MEM-00889,25,F,NORTH,
MEM-00890,50,M,NORTH,
MEM-00891,51,M,EAST,
MEM-00892,21,F,SOUTH,
MEM-00893,38,F,EAST,
MEM-00894,70,M,SOUTH,
MEM-00895,42,M,SOUTH,
MEM-00896,43,M,NORTH,
MEM-00897,69,M,SOUTH,
MEM-00898,25,M,EAST,
MEM-00899,53,M,NORTH,
MEM-00900,47,F,WEST,
MEM-00901,14,M,WEST,
MEM-00902,28,F,WEST,
MEM-00903,52,F,EAST,
MEM-00904,53,M,SOUTH,
MEM-00905,57,F,SOUTH,
MEM-00906,13,F,WEST,
MEM-00907,32,F,SOUTH,
MEM-00908,21,M,EAST,
MEM-00909,58,F,WEST,
MEM-00910,29,F,NORTH,
MEM-00911,17,F,NORTH,
MEM-00912,79,F,NORTH,
MEM-00913,36,M,EAST,
MEM-00914,31,M,WEST,
MEM-00915,40,F,EAST,
MEM-00916,44,F,EAST,
MEM-00917,53,F,WEST,
MEM-00918,24,F,SOUTH,
MEM-00919,41,F,SOUTH,
MEM-00920,15,M,NORTH,
MEM-00921,46,F,EAST,
MEM-00922,27,M,WEST,
MEM-00923,29,M,NORTH,
MEM-00924,23,M,WEST,
MEM-00925,15,F,NORTH,
MEM-00926,64,F,EAST,
MEM-00927,52,M,NORTH,
MEM-00928,41,F,EAST,
MEM-00929,89,F,NORTH,
MEM-00930,18,F,EAST,
MEM-00931,62,M,WEST,
MEM-00932,23,F,NORTH,
MEM-00933,52,F,WEST,
MEM-00934,16,M,NORTH,
MEM-00935,65,M,WEST,
MEM-00936,15,F,NORTH,
MEM-00937,54,M,SOUTH,
MEM-00938,21,M,EAST,
MEM-00939,29,F,EAST,
MEM-00940,36,F,SOUTH,
MEM-00941,37,M,SOUTH,
MEM-00942,24,F,WEST,
MEM-00943,95,F,NORTH,
MEM-00944,21,M,EAST,
MEM-00945,28,F,EAST,
MEM-00946,25,M,SOUTH,
MEM-00947,31,M,EAST,
MEM-00948,19,F,NORTH,
MEM-00949,39,F,EAST,
MEM-00950,46,F,WEST,
MEM-00951,24,F,WEST,
MEM-00952,23,F,SOUTH,
MEM-00953,27,F,NORTH,
MEM-00954,59,F,WEST,
MEM-00955,33,F,EAST,
MEM-00956,18,M,SOUTH,
MEM-00957,54,F,SOUTH,
MEM-00958,37,M,WEST,
MEM-00959,21,M,SOUTH,
MEM-00960,23,F,SOUTH,
MEM-00961,38,F,SOUTH,
MEM-00962,18,F,SOUTH,
MEM-00963,48,F,NORTH,
MEM-00964,50,F,SOUTH,
MEM-00965,21,F,NORTH,
MEM-00966,52,M,NORTH,
MEM-00967,31,M,NORTH,
MEM-00968,46,F,NORTH,
MEM-00969,35,M,WEST,
MEM-00970,50,M,SOUTH,
MEM-00971,66,F,EAST,
MEM-00972,28,M,NORTH,
MEM-00973,72,M,WEST,
MEM-00974,50,M,NORTH,
MEM-00975,95,M,SOUTH,
MEM-00976,26,F,NORTH,
MEM-00977,52,M,EAST,
MEM-00978,41,M,WEST,
MEM-00979,52,F,NORTH,
MEM-00980,34,M,SOUTH,
MEM-00981,23,F,NORTH,
MEM-00982,30,M,WEST,
MEM-00983,21,M,EAST,
MEM-00984,28,F,EAST,
MEM-00985,38,M,WEST,
MEM-00986,92,F,WEST,
MEM-00987,24,F,NORTH,
MEM-00988,41,F,NORTH,
MEM-00989,95,F,EAST,
MEM-00990,22,F,WEST,
MEM-00991,62,M,EAST,
MEM-00992,44,F,EAST,
MEM-00993,61,F,SOUTH,
MEM-00994,54,M,SOUTH,
MEM-00995,29,M,EAST,
MEM-00996,25,M,SOUTH,
MEM-00997,79,F,SOUTH,
MEM-00998,36,M,NORTH,
MEM-00999,75,M,EAST,
MEM-01000,13,F,WEST,
MEM-01001,38,F,NORTH,
MEM-01002,27,F,WEST,
MEM-01003,20,F,NORTH,
MEM-01004,29,M,SOUTH,
MEM-01005,21,F,WEST,
MEM-01006,72,F,WEST,
MEM-01007,33,F,WEST,
MEM-01008,38,M,SOUTH,
MEM-01009,95,M,WEST,
MEM-01010,32,F,NORTH,
MEM-01011,77,M,WEST,
MEM-01012,37,M,EAST,
MEM-01013,47,F,SOUTH,
MEM-01014,38,F,WEST,
MEM-01015,23,F,WEST,
MEM-01016,93,F,SOUTH,
MEM-01017,42,F,WEST,
MEM-01018,74,F,NORTH,
MEM-01019,21,F,NORTH,
MEM-01020,44,M,NORTH,
MEM-01021,21,M,EAST,
MEM-01022,42,F,SOUTH,
MEM-01023,41,F,EAST,
MEM-01024,38,F,WEST,
MEM-01025,26,F,NORTH,
MEM-01026,80,F,EAST,
MEM-01027,29,F,EAST,
MEM-01028,76,M,NORTH,
MEM-01029,47,M,SOUTH,
MEM-01030,83,F,WEST,
MEM-01031,69,M,EAST,
MEM-01032,91,M,SOUTH,
MEM-01033,39,M,EAST,
MEM-01034,24,F,NORTH,
MEM-01035,44,F,NORTH,
MEM-01036,44,F,SOUTH,
MEM-01037,51,F,NORTH,
MEM-01038,22,M,SOUTH,
MEM-01039,95,F,NORTH,
MEM-01040,54,M,EAST,
MEM-01041,64,M,WEST,
MEM-01042,12,F,NORTH,
MEM-01043,10,F,EAST,
MEM-01044,6,F,WEST,
MEM-01045,12,M,NORTH,
MEM-01046,45,M,SOUTH,
MEM-01047,40,M,NORTH,
MEM-01048,95,M,WEST,
MEM-01049,34,F,SOUTH,
MEM-01050,64,M,SOUTH,
MEM-01051,57,F,EAST,
MEM-01052,34,M,SOUTH,
MEM-01053,33,M,NORTH,
MEM-01054,74,M,WEST,
MEM-01055,21,F,NORTH,
MEM-01056,46,M,NORTH,
MEM-01057,23,M,WEST,
MEM-01058,66,F,SOUTH,
MEM-01059,51,F,WEST,
MEM-01060,46,M,NORTH,
MEM-01061,23,F,SOUTH,
MEM-01062,31,M,EAST,
MEM-01063,55,M,WEST,
MEM-01064,23,F,EAST,
MEM-01065,29,M,EAST,
MEM-01066,22,M,EAST,
MEM-01067,57,F,EAST,
MEM-01068,35,F,EAST,
MEM-01069,35,M,WEST,
MEM-01070,33,M,EAST,
MEM-01071,27,M,WEST,
MEM-01072,31,F,WEST,
MEM-01073,36,M,EAST,
MEM-01074,26,F,EAST,
MEM-01075,62,F,SOUTH,
MEM-01076,38,F,EAST,
MEM-01077,17,F,NORTH,
MEM-01078,63,M,NORTH,
MEM-01079,41,F,NORTH,
MEM-01080,52,F,NORTH,
MEM-01081,25,M,SOUTH,
MEM-01082,15,M,NORTH,
MEM-01083,48,F,EAST,
MEM-01084,16,F,SOUTH,
MEM-01085,8,F,NORTH,
MEM-01086,60,F,WEST,
MEM-01087,58,M,SOUTH,
MEM-01088,40,F,WEST,
MEM-01089,5,F,NORTH,
MEM-01090,50,M,WEST,
MEM-01091,35,F,WEST,
MEM-01092,41,F,WEST,
MEM-01093,35,M,SOUTH,
MEM-01094,43,F,WEST,
MEM-01095,83,M,WEST,
MEM-01096,10,F,WEST,
MEM-01097,87,M,SOUTH,
MEM-01098,49,F,NORTH,
MEM-01099,22,M,WEST,
MEM-01100,34,M,NORTH,
MEM-01101,63,M,SOUTH,
MEM-01102,73,F,SOUTH,
MEM-01103,76,M,WEST,
MEM-01104,33,F,NORTH,
MEM-01105,17,F,NORTH,
MEM-01106,13,M,NORTH,
MEM-01107,36,M,NORTH,
MEM-01108,51,F,WEST,
MEM-01109,29,M,SOUTH,
MEM-01110,33,M,WEST,
MEM-01111,80,M,EAST,
MEM-01112,39,F,EAST,
MEM-01113,95,F,SOUTH,
MEM-01114,34,F,SOUTH,
MEM-01115,64,F,SOUTH,
MEM-01116,27,M,NORTH,
MEM-01117,45,F,SOUTH,
MEM-01118,35,F,SOUTH,
MEM-01119,55,F,WEST,
MEM-01120,11,F,WEST,
MEM-01121,17,M,WEST,
MEM-01122,41,F,WEST,
MEM-01123,31,M,WEST,
MEM-01124,50,F,WEST,
MEM-01125,56,M,EAST,
MEM-01126,95,M,EAST,
MEM-01127,33,F,WEST,
MEM-01128,25,F,EAST,
MEM-01129,19,M,EAST,
MEM-01130,31,F,NORTH,
MEM-01131,49,M,EAST,
MEM-01132,53,F,WEST,
MEM-01133,20,M,WEST,
MEM-01134,39,F,WEST,
MEM-01135,36,M,NORTH,
MEM-01136,24,F,WEST,
MEM-01137,9,M,WEST,
MEM-01138,54,F,WEST,
MEM-01139,69,M,SOUTH,
MEM-01140,38,F,WEST,
MEM-01141,34,F,SOUTH,
MEM-01142,59,M,NORTH,
MEM-01143,33,F,EAST,
MEM-01144,36,M,WEST,
MEM-01145,69,F,WEST,
MEM-01146,55,M,EAST,
MEM-01147,78,M,EAST,
MEM-01148,20,F,EAST,
MEM-01149,41,M,EAST,
MEM-01150,19,M,WEST,
MEM-01151,76,F,EAST,
MEM-01152,15,F,WEST,
MEM-01153,72,M,SOUTH,
MEM-01154,38,F,EAST,
MEM-01155,19,M,EAST,
MEM-01156,28,F,SOUTH,
MEM-01157,63,F,NORTH,
MEM-01158,64,F,EAST,
MEM-01159,27,M,SOUTH,
MEM-01160,79,M,EAST,
MEM-01161,56,M,SOUTH,
MEM-01162,43,F,SOUTH,
MEM-01163,37,M,EAST,
MEM-01164,44,M,NORTH,
MEM-01165,42,F,SOUTH,
MEM-01166,48,F,WEST,
MEM-01167,51,M,WEST,
MEM-01168,36,M,SOUTH,
MEM-01169,48,M,SOUTH,
MEM-01170,33,F,SOUTH,
MEM-01171,42,M,EAST,
MEM-01172,43,M,WEST,
MEM-01173,39,M,SOUTH,
MEM-01174,86,M,WEST,
MEM-01175,69,F,WEST,
MEM-01176,90,M,EAST,
MEM-01177,60,F,WEST,
MEM-01178,18,F,NORTH,
MEM-01179,33,M,WEST,
MEM-01180,48,F,SOUTH,
MEM-01181,41,F,WEST,
MEM-01182,31,M,NORTH,
MEM-01183,35,M,SOUTH,
MEM-01184,29,F,WEST,
MEM-01185,54,M,EAST,
MEM-01186,21,M,WEST,
MEM-01187,12,F,EAST,
MEM-01188,37,M,SOUTH,
MEM-01189,28,M,NORTH,
MEM-01190,73,M,NORTH,
MEM-01191,28,F,NORTH,
MEM-01192,27,M,SOUTH,
MEM-01193,24,M,EAST,
MEM-01194,17,M,WEST,
MEM-01195,12,M,SOUTH,
MEM-01196,57,F,NORTH,
MEM-01197,95,F,NORTH,
MEM-01198,58,F,EAST,
MEM-01199,47,M,NORTH,
MEM-01200,70,F,WEST,
MEM-01201,38,F,NORTH,
MEM-01202,63,M,EAST,
MEM-01203,49,M,WEST,
MEM-01204,61,M,WEST,
MEM-01205,71,M,SOUTH,
MEM-01206,39,F,EAST,
MEM-01207,14,M,WEST,
MEM-01208,91,M,NORTH,
MEM-01209,85,M,NORTH,
MEM-01210,19,M,NORTH,
MEM-01211,34,F,NORTH,
MEM-01212,6,F,NORTH,
MEM-01213,80,M,EAST,
MEM-01214,48,F,SOUTH,
MEM-01215,50,F,NORTH,
MEM-01216,43,F,EAST,
MEM-01217,19,M,WEST,
MEM-01218,45,M,WEST,
MEM-01219,44,M,EAST,
MEM-01220,16,F,NORTH,
MEM-01221,19,M,EAST,
MEM-01222,28,F,EAST,
MEM-01223,51,M,WEST,
MEM-01224,34,F,EAST,
MEM-01225,57,M,EAST,
MEM-01226,26,M,NORTH,
MEM-01227,52,F,EAST,
MEM-01228,53,F,EAST,
MEM-01229,35,M,WEST,
MEM-01230,57,F,WEST,
MEM-01231,37,F,WEST,
MEM-01232,71,F,SOUTH,
MEM-01233,61,F,NORTH,
MEM-01234,95,F,EAST,
MEM-01235,36,M,NORTH,
MEM-01236,23,F,SOUTH,
MEM-01237,13,F,WEST,
MEM-01238,54,M,WEST,
MEM-01239,26,M,SOUTH,
MEM-01240,95,F,SOUTH,
MEM-01241,31,M,WEST,
MEM-01242,77,F,NORTH,
MEM-01243,55,M,EAST,
MEM-01244,29,F,NORTH,
MEM-01245,75,M,SOUTH,
MEM-01246,24,F,WEST,
MEM-01247,36,F,NORTH,
MEM-01248,56,F,SOUTH,
MEM-01249,4,F,SOUTH,
MEM-01250,24,M,SOUTH,
MEM-01251,16,F,SOUTH,
MEM-01252,53,M,WEST,
MEM-01253,20,M,EAST,
MEM-01254,61,M,WEST,
MEM-01255,56,M,NORTH,
MEM-01256,77,M,NORTH,
MEM-01257,29,M,NORTH,
MEM-01258,24,M,NORTH,
MEM-01259,29,M,SOUTH,
MEM-01260,25,F,NORTH,
MEM-01261,33,F,NORTH,
MEM-01262,56,M,SOUTH,
MEM-01263,76,F,EAST,
MEM-01264,64,M,WEST,
MEM-01265,33,F,NORTH,
MEM-01266,36,F,SOUTH,
MEM-01267,24,M,EAST,
MEM-01268,39,M,WEST,
MEM-01269,57,M,WEST,
MEM-01270,46,F,SOUTH,
MEM-01271,36,F,NORTH,
MEM-01272,21,M,EAST,
MEM-01273,33,F,NORTH,
MEM-01274,32,F,SOUTH,
MEM-01275,33,F,NORTH,
MEM-01276,51,F,NORTH,
MEM-01277,30,M,NORTH,
MEM-01278,56,M,NORTH,
MEM-01279,39,F,SOUTH,
MEM-01280,29,F,NORTH,
MEM-01281,20,M,SOUTH,
MEM-01282,87,F,NORTH,
MEM-01283,69,F,WEST,
MEM-01284,54,F,WEST,
MEM-01285,18,M,SOUTH,
MEM-01286,27,F,WEST,
MEM-01287,65,M,EAST,
MEM-01288,33,M,EAST,
MEM-01289,33,M,NORTH,
MEM-01290,49,M,NORTH,
MEM-01291,27,F,SOUTH,
MEM-01292,50,M,NORTH,
MEM-01293,54,F,WEST,
MEM-01294,28,F,EAST,
MEM-01295,36,M,NORTH,
MEM-01296,48,M,WEST,
MEM-01297,37,F,WEST,
MEM-01298,56,M,NORTH,
MEM-01299,56,F,NORTH,
MEM-01300,57,F,SOUTH,
MEM-01301,39,M,NORTH,
MEM-01302,52,F,WEST,
MEM-01303,64,M,EAST,
MEM-01304,51,M,EAST,
MEM-01305,58,M,NORTH,
MEM-01306,18,F,WEST,
MEM-01307,61,M,NORTH,
MEM-01308,95,M,SOUTH,
MEM-01309,95,F,WEST,
MEM-01310,53,F,NORTH,
MEM-01311,23,F,SOUTH,
MEM-01312,9,M,EAST,
MEM-01313,37,F,NORTH,
MEM-01314,49,M,NORTH,
MEM-01315,74,F,SOUTH,
MEM-01316,57,F,SOUTH,
MEM-01317,64,F,WEST,
MEM-01318,85,F,WEST,
MEM-01319,57,M,SOUTH,
MEM-01320,44,F,NORTH,
MEM-01321,53,M,WEST,
MEM-01322,40,M,SOUTH,
MEM-01323,95,M,SOUTH,
MEM-01324,22,M,NORTH,
MEM-01325,9,F,SOUTH,
MEM-01326,18,M,WEST,
MEM-01327,68,M,WEST,
MEM-01328,95,F,SOUTH,
MEM-01329,54,M,WEST,
MEM-01330,26,F,WEST,
MEM-01331,70,F,SOUTH,
MEM-01332,62,F,EAST,
MEM-01333,47,F,SOUTH,
MEM-01334,33,F,NORTH,
MEM-01335,71,M,EAST,
MEM-01336,65,F,SOUTH,
MEM-01337,51,M,NORTH,
MEM-01338,32,F,WEST,
MEM-01339,44,M,WEST,
MEM-01340,24,F,NORTH,
MEM-01341,51,M,NORTH,
MEM-01342,68,F,WEST,
MEM-01343,13,F,SOUTH,
MEM-01344,50,F,EAST,
MEM-01345,32,F,WEST,
MEM-01346,65,M,WEST,
MEM-01347,64,M,EAST,
MEM-01348,71,M,SOUTH,
MEM-01349,95,F,NORTH,
MEM-01350,32,F,SOUTH,
MEM-01351,55,F,SOUTH,
MEM-01352,25,F,EAST,
MEM-01353,62,M,SOUTH,
MEM-01354,63,F,NORTH,
MEM-01355,27,F,EAST,
MEM-01356,51,F,WEST,
MEM-01357,72,M,SOUTH,
MEM-01358,25,M,WEST,
MEM-01359,16,M,SOUTH,
MEM-01360,55,F,EAST,
MEM-01361,21,M,NORTH,
MEM-01362,66,F,SOUTH,
MEM-01363,80,M,WEST,
MEM-01364,66,F,NORTH,
MEM-01365,18,M,WEST,
MEM-01366,25,F,SOUTH,
MEM-01367,71,M,NORTH,2025-11-07
MEM-01368,39,F,NORTH,
MEM-01369,34,F,SOUTH,
MEM-01370,71,M,EAST,
MEM-01371,88,M,EAST,
MEM-01372,43,M,SOUTH,
MEM-01373,34,M,NORTH,
MEM-01374,59,F,NORTH,
MEM-01375,30,M,NORTH,
MEM-01376,95,M,NORTH,
MEM-01377,32,M,NORTH,
MEM-01378,48,F,SOUTH,
MEM-01379,38,M,SOUTH,
MEM-01380,30,M,SOUTH,
MEM-01381,27,F,SOUTH,
MEM-01382,21,F,EAST,
MEM-01383,39,M,EAST,
MEM-01384,44,M,EAST,
MEM-01385,52,F,SOUTH,
MEM-01386,64,F,NORTH,
MEM-01387,17,F,WEST,
MEM-01388,36,M,WEST,
MEM-01389,42,M,NORTH,
MEM-01390,60,M,SOUTH,
MEM-01391,83,F,NORTH,
MEM-01392,85,M,SOUTH,
MEM-01393,52,M,NORTH,
MEM-01394,59,M,EAST,
MEM-01395,90,M,NORTH,
MEM-01396,27,M,SOUTH,
MEM-01397,31,F,EAST,
MEM-01398,41,M,WEST,
MEM-01399,56,F,SOUTH,
MEM-01400,53,M,WEST,
MEM-01401,87,M,SOUTH,
MEM-01402,76,F,WEST,
MEM-01403,58,M,SOUTH,
MEM-01404,16,F,NORTH,
MEM-01405,44,F,SOUTH,
MEM-01406,35,M,SOUTH,
MEM-01407,13,M,SOUTH,
MEM-01408,33,M,NORTH,
MEM-01409,25,M,SOUTH,
MEM-01410,92,F,SOUTH,
MEM-01411,18,F,WEST,
MEM-01412,40,M,NORTH,
MEM-01413,93,M,SOUTH,
MEM-01414,30,M,NORTH,
MEM-01415,88,M,WEST,
MEM-01416,51,M,WEST,
MEM-01417,52,F,EAST,
MEM-01418,67,F,EAST,
MEM-01419,28,M,NORTH,
MEM-01420,37,F,NORTH,
MEM-01421,55,F,WEST,
MEM-01422,20,F,EAST,
MEM-01423,29,M,SOUTH,
MEM-01424,36,M,EAST,
MEM-01425,17,M,NORTH,
MEM-01426,36,F,SOUTH,
MEM-01427,30,F,WEST,
MEM-01428,42,F,EAST,
MEM-01429,29,M,EAST,
MEM-01430,12,F,NORTH,
MEM-01431,19,F,EAST,
MEM-01432,27,F,EAST,
MEM-01433,22,M,WEST,
MEM-01434,67,F,NORTH,
MEM-01435,35,F,SOUTH,
MEM-01436,93,F,EAST,
MEM-01437,78,F,NORTH,
MEM-01438,43,F,WEST,
MEM-01439,45,F,SOUTH,
MEM-01440,71,F,WEST,
MEM-01441,43,F,WEST,
MEM-01442,28,F,WEST,
MEM-01443,48,F,SOUTH,
MEM-01444,42,M,NORTH,
MEM-01445,53,M,NORTH,
MEM-01446,48,M,SOUTH,
MEM-01447,18,M,WEST,
MEM-01448,26,F,SOUTH,
MEM-01449,38,F,NORTH,
MEM-01450,37,M,NORTH,
MEM-01451,59,F,WEST,
MEM-01452,19,F,SOUTH,
MEM-01453,23,F,NORTH,
MEM-01454,71,F,SOUTH,
MEM-01455,52,F,SOUTH,
MEM-01456,78,M,NORTH,
MEM-01457,56,F,SOUTH,
MEM-01458,25,M,NORTH,
MEM-01459,81,F,NORTH,
MEM-01460,37,M,NORTH,
MEM-01461,32,M,EAST,
MEM-01462,48,F,SOUTH,
MEM-01463,44,F,NORTH,
MEM-01464,32,F,SOUTH,
MEM-01465,18,M,EAST,
MEM-01466,65,M,NORTH,
MEM-01467,65,M,NORTH,
MEM-01468,29,F,EAST,
MEM-01469,47,M,NORTH,
MEM-01470,48,F,EAST,
MEM-01471,16,F,EAST,
MEM-01472,44,F,SOUTH,
MEM-01473,41,M,EAST,
MEM-01474,59,F,EAST,
MEM-01475,24,M,EAST,
MEM-01476,32,F,EAST,
MEM-01477,72,F,NORTH,
MEM-01478,32,F,SOUTH,
MEM-01479,30,F,WEST,
MEM-01480,18,F,EAST,
MEM-01481,29,F,NORTH,
MEM-01482,62,F,SOUTH,
MEM-01483,25,M,NORTH,
MEM-01484,41,F,EAST,
MEM-01485,89,M,NORTH,
MEM-01486,25,M,EAST,
MEM-01487,31,F,SOUTH,
MEM-01488,36,F,WEST,
MEM-01489,24,F,WEST,
MEM-01490,31,M,WEST,
MEM-01491,30,F,WEST,
MEM-01492,48,F,WEST,
MEM-01493,18,F,NORTH,
MEM-01494,95,F,SOUTH,
MEM-01495,18,F,EAST,
MEM-01496,39,M,WEST,
MEM-01497,71,F,EAST,
MEM-01498,38,M,WEST,
MEM-01499,68,M,SOUTH,
MEM-01500,55,F,WEST,
MEM-01501,14,M,EAST,
MEM-01502,30,F,SOUTH,
MEM-01503,42,F,NORTH,
MEM-01504,23,M,EAST,
MEM-01505,40,M,NORTH,
MEM-01506,69,M,SOUTH,
MEM-01507,15,F,SOUTH,
MEM-01508,75,F,WEST,
MEM-01509,46,F,WEST,
MEM-01510,44,M,EAST,
MEM-01511,21,M,SOUTH,
MEM-01512,31,M,NORTH,
MEM-01513,15,M,SOUTH,
MEM-01514,95,M,WEST,
MEM-01515,41,M,EAST,
MEM-01516,43,F,SOUTH,
MEM-01517,47,F,EAST,
MEM-01518,95,F,SOUTH,
MEM-01519,28,F,EAST,
MEM-01520,56,F,EAST,
MEM-01521,25,F,EAST,
MEM-01522,11,F,WEST,
MEM-01523,17,M,NORTH,
MEM-01524,61,F,NORTH,
MEM-01525,73,F,SOUTH,
MEM-01526,33,M,EAST,
MEM-01527,4,F,WEST,
MEM-01528,24,M,EAST,
MEM-01529,44,F,SOUTH,
MEM-01530,58,F,SOUTH,
MEM-01531,35,F,WEST,
MEM-01532,63,F,WEST,
MEM-01533,48,F,WEST,
MEM-01534,58,M,NORTH,
MEM-01535,30,M,EAST,
MEM-01536,40,M,EAST,
MEM-01537,45,F,SOUTH,
MEM-01538,57,F,WEST,
MEM-01539,64,M,EAST,
MEM-01540,31,F,NORTH,
MEM-01541,36,M,EAST,
MEM-01542,45,M,NORTH,
MEM-01543,41,F,WEST,
MEM-01544,60,F,EAST,
MEM-01545,49,M,SOUTH,
MEM-01546,62,F,WEST,
MEM-01547,28,F,WEST,
MEM-01548,95,F,EAST,
MEM-01549,29,F,EAST,
MEM-01550,72,M,NORTH,
MEM-01551,27,M,NORTH,
MEM-01552,28,F,WEST,
MEM-01553,32,M,WEST,
MEM-01554,21,M,SOUTH,
MEM-01555,79,F,SOUTH,
MEM-01556,86,F,WEST,
MEM-01557,25,F,EAST,
MEM-01558,18,M,NORTH,
MEM-01559,41,F,NORTH,
MEM-01560,43,F,WEST,
MEM-01561,95,M,EAST,
MEM-01562,31,M,EAST,
MEM-01563,31,M,EAST,
MEM-01564,18,M,NORTH,
MEM-01565,95,F,WEST,
MEM-01566,34,F,SOUTH,
MEM-01567,49,M,EAST,
MEM-01568,72,F,SOUTH,
MEM-01569,69,F,NORTH,
MEM-01570,36,M,SOUTH,
MEM-01571,35,F,EAST,
MEM-01572,68,M,EAST,
MEM-01573,26,F,SOUTH,
MEM-01574,35,F,SOUTH,
MEM-01575,64,M,WEST,
MEM-01576,71,M,EAST,
MEM-01577,37,M,EAST,
MEM-01578,62,F,EAST,
MEM-01579,38,F,WEST,
MEM-01580,62,M,NORTH,
MEM-01581,31,F,WEST,
MEM-01582,61,M,NORTH,
MEM-01583,92,M,WEST,
MEM-01584,45,M,SOUTH,
MEM-01585,47,M,EAST,
MEM-01586,85,F,SOUTH,
MEM-01587,36,F,WEST,
MEM-01588,53,M,SOUTH,
MEM-01589,25,F,EAST,
MEM-01590,31,M,WEST,
MEM-01591,39,M,WEST,
MEM-01592,28,M,EAST,
MEM-01593,17,F,NORTH,
MEM-01594,25,F,SOUTH,
MEM-01595,39,F,EAST,
MEM-01596,23,F,WEST,
MEM-01597,40,F,EAST,
MEM-01598,14,M,EAST,
MEM-01599,95,M,NORTH,
MEM-01600,17,F,SOUTH,
MEM-01601,36,F,SOUTH,
MEM-01602,32,F,WEST,
MEM-01603,66,F,WEST,
MEM-01604,74,M,NORTH,
MEM-01605,37,F,WEST,
MEM-01606,36,F,SOUTH,
MEM-01607,28,M,WEST,
MEM-01608,27,M,WEST,
MEM-01609,47,M,EAST,
MEM-01610,24,M,SOUTH,
MEM-01611,35,M,NORTH,
MEM-01612,30,M,EAST,
MEM-01613,78,F,NORTH,
MEM-01614,17,M,SOUTH,
MEM-01615,48,M,NORTH,
MEM-01616,31,F,WEST,
MEM-01617,51,F,EAST,
MEM-01618,51,F,NORTH,
MEM-01619,48,F,SOUTH,
MEM-01620,62,M,SOUTH,
MEM-01621,31,M,WEST,
MEM-01622,47,F,NORTH,
MEM-01623,20,F,EAST,
MEM-01624,48,M,EAST,
MEM-01625,54,M,NORTH,
MEM-01626,27,F,EAST,
MEM-01627,40,F,SOUTH,
MEM-01628,44,F,EAST,
MEM-01629,49,M,SOUTH,
MEM-01630,34,M,WEST,
MEM-01631,35,F,EAST,
MEM-01632,52,M,NORTH,
MEM-01633,93,F,WEST,
MEM-01634,49,M,SOUTH,
MEM-01635,56,F,WEST,
MEM-01636,51,F,EAST,
MEM-01637,37,M,EAST,
MEM-01638,28,F,SOUTH,
MEM-01639,19,M,SOUTH,
MEM-01640,36,M,WEST,
MEM-01641,32,M,WEST,
MEM-01642,37,M,SOUTH,
MEM-01643,41,F,EAST,
MEM-01644,55,M,WEST,
MEM-01645,27,F,SOUTH,
MEM-01646,27,M,EAST,
MEM-01647,64,M,WEST,
MEM-01648,42,M,EAST,
MEM-01649,51,M,NORTH,
MEM-01650,37,F,EAST,
MEM-01651,49,M,NORTH,
MEM-01652,31,M,NORTH,
MEM-01653,19,M,NORTH,
MEM-01654,31,F,NORTH,
MEM-01655,12,M,NORTH,
MEM-01656,71,F,EAST,
MEM-01657,43,M,SOUTH,
MEM-01658,46,M,NORTH,
MEM-01659,37,F,SOUTH,
MEM-01660,22,F,WEST,
MEM-01661,29,F,WEST,
MEM-01662,73,M,WEST,
MEM-01663,59,M,WEST,
MEM-01664,54,F,WEST,
MEM-01665,25,F,WEST,
MEM-01666,66,M,WEST,
MEM-01667,18,M,EAST,
MEM-01668,81,M,NORTH,
MEM-01669,66,M,EAST,
MEM-01670,55,M,WEST,
MEM-01671,25,F,WEST,
MEM-01672,32,M,EAST,
MEM-01673,43,M,WEST,
MEM-01674,54,F,NORTH,
MEM-01675,44,F,EAST,
MEM-01676,52,F,NORTH,
MEM-01677,68,F,SOUTH,
MEM-01678,46,F,SOUTH,
MEM-01679,29,F,NORTH,
MEM-01680,47,M,EAST,
MEM-01681,30,M,NORTH,
MEM-01682,58,F,NORTH,
MEM-01683,41,M,WEST,
MEM-01684,70,M,WEST,
MEM-01685,45,F,EAST,
MEM-01686,25,M,NORTH,
MEM-01687,68,F,SOUTH,
MEM-01688,46,M,NORTH,
MEM-01689,40,M,NORTH,
MEM-01690,69,F,NORTH,
MEM-01691,42,M,EAST,
MEM-01692,48,F,SOUTH,
MEM-01693,53,F,WEST,
MEM-01694,35,M,SOUTH,
MEM-01695,68,M,WEST,
MEM-01696,26,M,EAST,
MEM-01697,19,F,NORTH,
MEM-01698,23,M,WEST,
MEM-01699,28,F,EAST,
MEM-01700,49,M,WEST,
MEM-01701,36,M,EAST,
MEM-01702,35,F,SOUTH,
MEM-01703,39,M,WEST,
MEM-01704,44,F,SOUTH,
MEM-01705,26,F,NORTH,
MEM-01706,6,F,SOUTH,
MEM-01707,47,F,WEST,
MEM-01708,51,M,NORTH,
MEM-01709,90,M,SOUTH,
MEM-01710,6,F,WEST,
MEM-01711,87,M,SOUTH,
MEM-01712,78,M,SOUTH,2025-09-04
MEM-01713,28,F,NORTH,
MEM-01714,52,F,WEST,
MEM-01715,50,M,WEST,
MEM-01716,29,M,SOUTH,
MEM-01717,66,F,WEST,
MEM-01718,84,M,EAST,
MEM-01719,29,F,NORTH,
MEM-01720,76,F,SOUTH,
MEM-01721,32,F,EAST,
MEM-01722,71,F,WEST,
MEM-01723,30,F,EAST,
MEM-01724,36,M,WEST,
MEM-01725,26,M,WEST,
MEM-01726,41,F,NORTH,
MEM-01727,44,M,EAST,
MEM-01728,35,M,SOUTH,
MEM-01729,23,M,EAST,
MEM-01730,35,M,NORTH,
MEM-01731,31,M,WEST,
MEM-01732,90,F,WEST,
MEM-01733,49,M,WEST,
MEM-01734,74,M,EAST,
MEM-01735,13,M,NORTH,
MEM-01736,71,F,SOUTH,
MEM-01737,95,F,NORTH,
MEM-01738,41,M,EAST,
MEM-01739,49,F,WEST,
MEM-01740,33,M,NORTH,
MEM-01741,22,M,EAST,
MEM-01742,11,F,SOUTH,
MEM-01743,39,F,WEST,
MEM-01744,18,M,SOUTH,
MEM-01745,44,F,WEST,
MEM-01746,26,F,NORTH,
MEM-01747,4,M,NORTH,
MEM-01748,22,M,SOUTH,
MEM-01749,30,M,EAST,
MEM-01750,36,M,EAST,
MEM-01751,49,F,WEST,
MEM-01752,37,M,NORTH,
MEM-01753,95,F,NORTH,
MEM-01754,27,M,SOUTH,
MEM-01755,55,M,NORTH,
MEM-01756,20,F,NORTH,
MEM-01757,36,F,NORTH,
MEM-01758,25,F,SOUTH,
MEM-01759,43,F,EAST,
MEM-01760,72,M,EAST,
MEM-01761,39,M,NORTH,
MEM-01762,59,M,SOUTH,
MEM-01763,30,F,NORTH,
MEM-01764,7,M,SOUTH,
MEM-01765,24,M,EAST,
MEM-01766,15,M,SOUTH,
MEM-01767,34,M,EAST,
MEM-01768,77,F,WEST,
MEM-01769,50,M,EAST,
MEM-01770,16,F,WEST,
MEM-01771,24,F,SOUTH,
MEM-01772,44,F,EAST,
MEM-01773,38,M,EAST,
MEM-01774,44,F,WEST,
MEM-01775,95,F,WEST,
MEM-01776,35,F,EAST,
MEM-01777,37,M,WEST,
MEM-01778,70,F,WEST,
MEM-01779,84,M,NORTH,
MEM-01780,50,F,NORTH,
MEM-01781,12,M,EAST,
MEM-01782,55,F,NORTH,
MEM-01783,76,M,NORTH,
MEM-01784,31,M,NORTH,
MEM-01785,20,F,SOUTH,
MEM-01786,31,M,SOUTH,
MEM-01787,45,F,NORTH,
MEM-01788,52,M,WEST,
MEM-01789,27,M,SOUTH,
MEM-01790,38,M,SOUTH,
MEM-01791,45,F,WEST,
MEM-01792,35,F,EAST,
MEM-01793,25,F,SOUTH,
MEM-01794,18,F,WEST,
MEM-01795,42,M,SOUTH,
MEM-01796,45,F,WEST,
MEM-01797,26,F,EAST,
MEM-01798,44,M,SOUTH,
MEM-01799,17,M,EAST,
MEM-01800,95,M,NORTH,
MEM-01801,15,M,WEST,
MEM-01802,67,F,SOUTH,
MEM-01803,12,M,NORTH,
MEM-01804,30,F,SOUTH,
MEM-01805,37,F,NORTH,
MEM-01806,16,M,NORTH,
MEM-01807,30,M,WEST,
MEM-01808,20,M,EAST,
MEM-01809,27,F,SOUTH,
MEM-01810,41,F,WEST,
MEM-01811,27,M,EAST,
MEM-01812,14,M,SOUTH,
MEM-01813,42,F,NORTH,
MEM-01814,62,M,NORTH,
MEM-01815,36,F,WEST,
MEM-01816,74,F,EAST,
MEM-01817,95,F,NORTH,
MEM-01818,61,F,WEST,
MEM-01819,17,F,NORTH,
MEM-01820,51,M,EAST,
MEM-01821,54,M,SOUTH,
MEM-01822,37,M,NORTH,
MEM-01823,52,F,NORTH,
MEM-01824,19,F,NORTH,
MEM-01825,18,M,WEST,
MEM-01826,28,F,WEST,
MEM-01827,14,M,WEST,
MEM-01828,44,F,WEST,
MEM-01829,78,F,SOUTH,
MEM-01830,63,M,NORTH,
MEM-01831,22,M,NORTH,
MEM-01832,95,M,SOUTH,
MEM-01833,21,F,EAST,
MEM-01834,16,M,WEST,
MEM-01835,54,M,WEST,
MEM-01836,53,M,EAST,
MEM-01837,95,M,WEST,
MEM-01838,76,F,WEST,
MEM-01839,26,F,NORTH,
MEM-01840,57,F,WEST,
MEM-01841,14,F,NORTH,
MEM-01842,74,F,NORTH,
MEM-01843,38,F,EAST,
MEM-01844,44,M,SOUTH,
MEM-01845,52,M,WEST,
MEM-01846,52,M,EAST,
MEM-01847,47,M,WEST,
MEM-01848,17,M,SOUTH,
MEM-01849,9,M,EAST,
MEM-01850,26,F,SOUTH,
MEM-01851,14,F,EAST,
MEM-01852,66,M,SOUTH,
MEM-01853,19,M,NORTH,
MEM-01854,95,F,EAST,
MEM-01855,34,M,WEST,
MEM-01856,40,M,EAST,
MEM-01857,25,F,NORTH,
MEM-01858,49,M,EAST,
MEM-01859,9,F,NORTH,
MEM-01860,31,M,EAST,
MEM-01861,15,F,WEST,
MEM-01862,34,F,WEST,
MEM-01863,45,F,NORTH,
MEM-01864,27,M,NORTH,
MEM-01865,42,M,SOUTH,
MEM-01866,72,F,NORTH,
MEM-01867,41,F,EAST,
MEM-01868,41,M,SOUTH,
MEM-01869,45,F,WEST,
MEM-01870,74,M,EAST,
MEM-01871,44,M,EAST,
MEM-01872,28,M,WEST,
MEM-01873,18,M,NORTH,
MEM-01874,15,M,EAST,
MEM-01875,15,M,SOUTH,
MEM-01876,16,F,WEST,
MEM-01877,70,M,NORTH,
MEM-01878,22,F,EAST,
MEM-01879,40,F,SOUTH,
MEM-01880,44,M,WEST,
MEM-01881,41,M,SOUTH,
MEM-01882,78,F,NORTH,
MEM-01883,31,F,EAST,
MEM-01884,81,F,NORTH,
MEM-01885,33,M,WEST,
MEM-01886,38,M,WEST,
MEM-01887,34,F,SOUTH,
MEM-01888,58,F,WEST,
MEM-01889,29,M,SOUTH,
MEM-01890,12,F,SOUTH,
MEM-01891,78,F,WEST,
MEM-01892,53,F,WEST,
MEM-01893,62,M,WEST,
MEM-01894,38,M,EAST,
MEM-01895,31,F,WEST,
MEM-01896,71,M,WEST,
MEM-01897,24,M,WEST,
MEM-01898,38,M,WEST,
MEM-01899,60,M,NORTH,
MEM-01900,45,F,WEST,
MEM-01901,42,M,NORTH,
MEM-01902,27,M,EAST,
MEM-01903,21,F,SOUTH,
MEM-01904,79,M,SOUTH,
MEM-01905,31,F,NORTH,
MEM-01906,37,M,NORTH,
MEM-01907,60,M,SOUTH,
MEM-01908,38,M,SOUTH,
MEM-01909,43,M,EAST,
MEM-01910,20,M,WEST,
MEM-01911,25,F,EAST,
MEM-01912,68,F,WEST,
MEM-01913,63,M,SOUTH,
MEM-01914,15,F,EAST,
MEM-01915,62,M,NORTH,
MEM-01916,44,F,NORTH,
MEM-01917,38,M,WEST,
MEM-01918,14,M,WEST,
MEM-01919,73,M,NORTH,
MEM-01920,29,F,SOUTH,
MEM-01921,68,F,SOUTH,
MEM-01922,29,F,NORTH,
MEM-01923,25,M,SOUTH,
MEM-01924,22,F,NORTH,
MEM-01925,57,F,SOUTH,
MEM-01926,58,M,WEST,
MEM-01927,48,M,EAST,
MEM-01928,49,M,SOUTH,
MEM-01929,91,F,EAST,
MEM-01930,35,F,NORTH,
MEM-01931,35,M,NORTH,
MEM-01932,15,M,NORTH,
MEM-01933,84,M,WEST,
MEM-01934,38,M,SOUTH,
MEM-01935,5,M,SOUTH,
MEM-01936,30,M,NORTH,
MEM-01937,55,M,WEST,
MEM-01938,59,M,EAST,
MEM-01939,20,M,EAST,
MEM-01940,55,F,NORTH,
MEM-01941,45,F,WEST,
MEM-01942,25,F,EAST,
MEM-01943,69,F,NORTH,
MEM-01944,75,F,SOUTH,
MEM-01945,45,F,SOUTH,
MEM-01946,26,M,NORTH,
MEM-01947,51,F,WEST,
MEM-01948,21,F,SOUTH,
MEM-01949,41,M,EAST,
MEM-01950,49,F,WEST,
MEM-01951,26,F,SOUTH,
MEM-01952,54,M,WEST,
MEM-01953,13,M,WEST,
MEM-01954,34,M,SOUTH,
MEM-01955,72,F,SOUTH,
MEM-01956,32,F,SOUTH,
MEM-01957,81,F,WEST,
MEM-01958,14,M,SOUTH,
MEM-01959,34,F,NORTH,
MEM-01960,46,F,WEST,
MEM-01961,81,M,EAST,
MEM-01962,38,F,NORTH,
MEM-01963,66,F,SOUTH,
MEM-01964,90,F,NORTH,
MEM-01965,26,F,SOUTH,
MEM-01966,22,M,SOUTH,
MEM-01967,46,M,EAST,
MEM-01968,31,F,EAST,
MEM-01969,11,M,WEST,
MEM-01970,62,M,SOUTH,
MEM-01971,38,F,EAST,
MEM-01972,34,M,EAST,
MEM-01973,22,M,EAST,
MEM-01974,47,F,NORTH,
MEM-01975,21,M,EAST,
MEM-01976,22,M,NORTH,
MEM-01977,43,M,SOUTH,
MEM-01978,25,M,NORTH,
MEM-01979,53,F,EAST,
MEM-01980,95,F,SOUTH,
MEM-01981,81,M,SOUTH,
MEM-01982,29,F,EAST,
MEM-01983,50,M,NORTH,
MEM-01984,71,F,WEST,
MEM-01985,35,F,NORTH,
MEM-01986,26,M,NORTH,
MEM-01987,37,F,EAST,
MEM-01988,61,M,SOUTH,
MEM-01989,68,M,WEST,
MEM-01990,71,M,WEST,
MEM-01991,95,M,EAST,
MEM-01992,45,F,WEST,
MEM-01993,51,F,NORTH,
MEM-01994,15,M,SOUTH,
MEM-01995,51,F,EAST,
MEM-01996,19,M,SOUTH,
MEM-01997,4,M,NORTH,
MEM-01998,13,F,SOUTH,
MEM-01999,50,M,SOUTH,
MEM-02000,18,M,SOUTH,
MEM-02001,15,M,NORTH,
MEM-02002,40,F,NORTH,
MEM-02003,19,M,WEST,
MEM-02004,47,F,SOUTH,
MEM-02005,37,M,SOUTH,
MEM-02006,13,M,EAST,
MEM-02007,75,F,EAST,
MEM-02008,39,F,WEST,
MEM-02009,26,M,SOUTH,
MEM-02010,50,F,SOUTH,
MEM-02011,72,F,WEST,
MEM-02012,38,F,WEST,
MEM-02013,32,M,WEST,
MEM-02014,27,M,SOUTH,
MEM-02015,57,F,NORTH,
MEM-02016,39,F,SOUTH,
MEM-02017,38,F,SOUTH,
MEM-02018,40,M,WEST,
MEM-02019,38,F,NORTH,
MEM-02020,71,M,WEST,
MEM-02021,73,M,EAST,
MEM-02022,36,F,NORTH,
MEM-02023,38,F,WEST,
MEM-02024,64,M,WEST,
MEM-02025,72,M,NORTH,
MEM-02026,54,M,NORTH,
MEM-02027,24,F,EAST,
MEM-02028,55,F,WEST,
MEM-02029,23,M,WEST,
MEM-02030,33,M,SOUTH,
MEM-02031,62,F,NORTH,
MEM-02032,26,F,NORTH,
MEM-02033,42,F,EAST,
MEM-02034,18,F,SOUTH,
MEM-02035,53,F,EAST,
MEM-02036,13,M,WEST,
MEM-02037,38,F,EAST,
MEM-02038,40,F,EAST,
MEM-02039,39,F,SOUTH,
MEM-02040,34,M,NORTH,
MEM-02041,15,F,NORTH,
MEM-02042,19,F,NORTH,
MEM-02043,58,M,SOUTH,
MEM-02044,81,F,NORTH,
MEM-02045,31,F,SOUTH,
MEM-02046,90,M,EAST,
MEM-02047,49,M,NORTH,
MEM-02048,76,M,EAST,
MEM-02049,36,F,WEST,
MEM-02050,51,M,WEST,
MEM-02051,34,M,EAST,
MEM-02052,63,F,NORTH,
MEM-02053,54,M,WEST,
MEM-02054,56,F,WEST,
MEM-02055,25,M,SOUTH,
MEM-02056,88,M,EAST,
MEM-02057,11,M,WEST,
MEM-02058,87,F,EAST,
MEM-02059,27,M,SOUTH,
MEM-02060,24,F,NORTH,
MEM-02061,59,M,EAST,
MEM-02062,84,M,NORTH,
MEM-02063,95,F,EAST,
MEM-02064,33,F,SOUTH,
MEM-02065,46,F,SOUTH,
MEM-02066,28,F,WEST,
MEM-02067,49,M,SOUTH,
MEM-02068,23,F,SOUTH,
MEM-02069,20,M,EAST,
MEM-02070,40,M,EAST,
MEM-02071,58,M,NORTH,
MEM-02072,44,M,SOUTH,
MEM-02073,28,F,EAST,
MEM-02074,45,M,EAST,
MEM-02075,23,M,SOUTH,
MEM-02076,26,F,WEST,
MEM-02077,14,F,EAST,
MEM-02078,36,M,SOUTH,
MEM-02079,74,M,NORTH,
MEM-02080,36,F,EAST,
MEM-02081,51,F,WEST,
MEM-02082,10,M,SOUTH,
MEM-02083,36,F,SOUTH,
MEM-02084,47,M,WEST,
MEM-02085,27,M,SOUTH,
MEM-02086,35,F,EAST,
MEM-02087,44,F,EAST,
MEM-02088,38,M,SOUTH,
MEM-02089,36,F,SOUTH,
MEM-02090,58,M,EAST,
MEM-02091,26,F,SOUTH,
MEM-02092,49,F,NORTH,
MEM-02093,25,M,NORTH,
MEM-02094,11,F,SOUTH,
MEM-02095,19,M,WEST,
MEM-02096,31,M,EAST,
MEM-02097,32,F,NORTH,
MEM-02098,60,F,EAST,
MEM-02099,34,F,WEST,
MEM-02100,76,F,EAST,
MEM-02101,71,M,NORTH,
MEM-02102,15,M,NORTH,
MEM-02103,26,F,EAST,
MEM-02104,54,M,SOUTH,
MEM-02105,56,F,SOUTH,
MEM-02106,76,F,EAST,
MEM-02107,60,M,NORTH,
MEM-02108,60,M,NORTH,
MEM-02109,59,F,WEST,
MEM-02110,38,F,WEST,
MEM-02111,23,M,SOUTH,
MEM-02112,38,F,NORTH,
MEM-02113,58,M,EAST,
MEM-02114,36,M,EAST,
MEM-02115,35,F,EAST,
MEM-02116,39,M,NORTH,
MEM-02117,95,M,WEST,
MEM-02118,36,M,SOUTH,
MEM-02119,34,M,EAST,
MEM-02120,73,M,WEST,
MEM-02121,54,M,SOUTH,
MEM-02122,16,M,WEST,
MEM-02123,25,F,WEST,
MEM-02124,45,F,EAST,
MEM-02125,41,M,EAST,
MEM-02126,66,M,NORTH,
MEM-02127,39,M,SOUTH,
MEM-02128,42,F,SOUTH,
MEM-02129,53,F,SOUTH,
MEM-02130,24,F,SOUTH,
MEM-02131,95,F,EAST,
MEM-02132,5,F,WEST,
MEM-02133,24,F,WEST,
MEM-02134,55,M,EAST,
MEM-02135,33,M,EAST,
MEM-02136,28,M,NORTH,
MEM-02137,78,F,EAST,
MEM-02138,34,F,SOUTH,
MEM-02139,69,F,NORTH,
MEM-02140,39,M,WEST,
MEM-02141,57,M,NORTH,
MEM-02142,33,M,SOUTH,
MEM-02143,9,F,SOUTH,
MEM-02144,57,F,WEST,
MEM-02145,40,M,NORTH,
MEM-02146,43,F,SOUTH,
MEM-02147,88,F,EAST,
MEM-02148,29,M,SOUTH,
MEM-02149,42,M,EAST,
MEM-02150,16,M,WEST,
MEM-02151,59,F,SOUTH,
MEM-02152,25,F,EAST,
MEM-02153,34,M,EAST,
MEM-02154,27,M,EAST,
MEM-02155,84,F,NORTH,
MEM-02156,36,F,NORTH,
MEM-02157,58,F,SOUTH,
MEM-02158,39,F,WEST,
MEM-02159,38,F,NORTH,
MEM-02160,60,M,EAST,
MEM-02161,43,M,SOUTH,
MEM-02162,25,M,WEST,
MEM-02163,23,M,WEST,
MEM-02164,22,F,WEST,
MEM-02165,28,M,WEST,
MEM-02166,17,F,EAST,
MEM-02167,27,M,EAST,
MEM-02168,49,F,SOUTH,
MEM-02169,35,F,EAST,
MEM-02170,57,M,EAST,
MEM-02171,41,F,SOUTH,
MEM-02172,38,F,EAST,
MEM-02173,43,M,EAST,
MEM-02174,63,M,NORTH,
MEM-02175,64,F,WEST,
MEM-02176,81,F,SOUTH,
MEM-02177,41,F,SOUTH,
MEM-02178,17,M,NORTH,
MEM-02179,46,F,NORTH,
MEM-02180,32,M,SOUTH,
MEM-02181,48,F,WEST,
MEM-02182,60,M,SOUTH,
MEM-02183,18,F,SOUTH,
MEM-02184,95,M,EAST,
MEM-02185,28,F,NORTH,
MEM-02186,64,F,SOUTH,
MEM-02187,25,M,EAST,
MEM-02188,20,F,EAST,
MEM-02189,26,F,SOUTH,
MEM-02190,67,M,NORTH,
MEM-02191,62,M,EAST,
MEM-02192,84,F,EAST,
MEM-02193,59,M,SOUTH,
MEM-02194,44,M,NORTH,
MEM-02195,35,M,WEST,
MEM-02196,70,M,SOUTH,
MEM-02197,37,M,EAST,
MEM-02198,21,M,WEST,
MEM-02199,75,F,WEST,
MEM-02200,57,M,EAST,
MEM-02201,29,F,WEST,
MEM-02202,35,M,NORTH,
MEM-02203,95,M,NORTH,
MEM-02204,31,F,EAST,
MEM-02205,25,F,WEST,
MEM-02206,59,M,SOUTH,
MEM-02207,7,M,WEST,
MEM-02208,15,M,WEST,
MEM-02209,29,M,EAST,
MEM-02210,28,F,SOUTH,
MEM-02211,39,F,SOUTH,
MEM-02212,81,F,WEST,
MEM-02213,48,M,NORTH,
MEM-02214,56,F,EAST,
MEM-02215,52,M,SOUTH,
MEM-02216,47,F,SOUTH,
MEM-02217,54,M,NORTH,
MEM-02218,47,F,EAST,2025-07-01
MEM-02219,37,F,EAST,
MEM-02220,21,F,EAST,
MEM-02221,79,M,SOUTH,
MEM-02222,75,M,SOUTH,
MEM-02223,36,M,NORTH,
MEM-02224,31,F,EAST,
MEM-02225,41,F,EAST,
MEM-02226,40,F,EAST,
MEM-02227,56,M,SOUTH,
MEM-02228,88,M,EAST,
MEM-02229,45,M,EAST,
MEM-02230,31,F,SOUTH,
MEM-02231,49,M,NORTH,
MEM-02232,38,F,EAST,
MEM-02233,34,F,SOUTH,
MEM-02234,25,M,WEST,
MEM-02235,34,F,EAST,
MEM-02236,19,M,NORTH,
MEM-02237,18,M,SOUTH,
MEM-02238,61,F,WEST,
MEM-02239,95,M,WEST,
MEM-02240,32,M,WEST,
MEM-02241,52,M,NORTH,
MEM-02242,24,F,WEST,
MEM-02243,46,F,EAST,
MEM-02244,74,F,WEST,
MEM-02245,37,F,EAST,
MEM-02246,46,M,WEST,
MEM-02247,42,F,NORTH,
MEM-02248,40,M,WEST,
MEM-02249,62,F,EAST,
MEM-02250,23,M,NORTH,
MEM-02251,42,M,NORTH,
MEM-02252,65,F,SOUTH,
MEM-02253,37,M,NORTH,
MEM-02254,95,F,SOUTH,
MEM-02255,42,F,NORTH,
MEM-02256,68,M,EAST,
MEM-02257,42,F,NORTH,
MEM-02258,58,M,WEST,
MEM-02259,32,M,NORTH,
MEM-02260,29,M,EAST,
MEM-02261,23,F,WEST,
MEM-02262,86,F,NORTH,
MEM-02263,95,F,NORTH,
MEM-02264,43,F,WEST,
MEM-02265,40,F,NORTH,
MEM-02266,39,M,SOUTH,
MEM-02267,31,M,SOUTH,
MEM-02268,41,F,NORTH,
MEM-02269,44,M,EAST,
MEM-02270,48,M,NORTH,
MEM-02271,60,F,WEST,
MEM-02272,48,M,EAST,
MEM-02273,95,F,EAST,
MEM-02274,66,M,WEST,
MEM-02275,26,M,EAST,
MEM-02276,23,F,EAST,
MEM-02277,76,F,WEST,
MEM-02278,32,M,NORTH,
MEM-02279,38,F,WEST,
MEM-02280,52,M,WEST,
MEM-02281,47,M,WEST,
MEM-02282,12,M,NORTH,
MEM-02283,41,M,WEST,
MEM-02284,80,M,NORTH,
MEM-02285,37,M,WEST,
MEM-02286,43,M,SOUTH,
MEM-02287,46,F,NORTH,
MEM-02288,51,M,NORTH,
MEM-02289,20,M,SOUTH,
MEM-02290,66,M,SOUTH,
MEM-02291,30,F,WEST,
MEM-02292,77,M,SOUTH,
MEM-02293,55,F,SOUTH,
MEM-02294,54,M,NORTH,
MEM-02295,95,M,SOUTH,
MEM-02296,57,M,NORTH,
MEM-02297,37,F,NORTH,
MEM-02298,83,M,SOUTH,
MEM-02299,70,F,NORTH,
MEM-02300,26,M,SOUTH,
MEM-02301,32,M,NORTH,
MEM-02302,36,M,NORTH,
MEM-02303,56,F,NORTH,
MEM-02304,66,M,NORTH,
MEM-02305,54,F,EAST,
MEM-02306,45,M,NORTH,
MEM-02307,47,M,WEST,
MEM-02308,48,M,EAST,
MEM-02309,46,F,EAST,
MEM-02310,41,M,WEST,
MEM-02311,21,M,EAST,
MEM-02312,12,F,EAST,
MEM-02313,32,F,NORTH,
MEM-02314,58,F,SOUTH,
MEM-02315,51,F,EAST,
MEM-02316,8,M,SOUTH,
MEM-02317,30,F,SOUTH,
MEM-02318,54,M,SOUTH,
MEM-02319,53,F,EAST,2025-10-13
MEM-02320,50,M,NORTH,
MEM-02321,70,F,SOUTH,
MEM-02322,43,M,SOUTH,
MEM-02323,17,M,WEST,
MEM-02324,10,F,SOUTH,
MEM-02325,39,F,EAST,
MEM-02326,95,F,NORTH,
MEM-02327,15,F,WEST,
MEM-02328,35,M,EAST,
MEM-02329,32,F,NORTH,
MEM-02330,52,F,EAST,
MEM-02331,34,F,NORTH,
MEM-02332,50,F,WEST,
MEM-02333,36,F,NORTH,
MEM-02334,95,F,EAST,
MEM-02335,58,M,NORTH,
MEM-02336,30,M,EAST,
MEM-02337,60,F,NORTH,
MEM-02338,66,M,WEST,
MEM-02339,34,M,WEST,
MEM-02340,34,M,WEST,
MEM-02341,40,F,NORTH,
MEM-02342,66,M,NORTH,
MEM-02343,67,M,WEST,
MEM-02344,77,M,WEST,
MEM-02345,56,F,EAST,
MEM-02346,29,F,NORTH,
MEM-02347,36,F,WEST,
MEM-02348,33,M,WEST,
MEM-02349,45,F,NORTH,
MEM-02350,28,M,WEST,
MEM-02351,35,M,WEST,
MEM-02352,62,M,WEST,
MEM-02353,40,M,NORTH,
MEM-02354,27,M,WEST,
MEM-02355,30,M,NORTH,
MEM-02356,70,M,WEST,
MEM-02357,80,F,NORTH,
MEM-02358,74,M,NORTH,
MEM-02359,23,F,NORTH,
MEM-02360,52,M,NORTH,
MEM-02361,41,M,SOUTH,
MEM-02362,54,F,NORTH,
MEM-02363,72,M,EAST,
MEM-02364,27,F,WEST,
MEM-02365,41,F,SOUTH,
MEM-02366,61,M,EAST,
MEM-02367,53,F,WEST,
MEM-02368,48,M,EAST,
MEM-02369,50,M,SOUTH,
MEM-02370,55,F,WEST,
MEM-02371,23,F,SOUTH,
MEM-02372,56,M,NORTH,
MEM-02373,28,F,WEST,
MEM-02374,73,M,EAST,
MEM-02375,22,F,NORTH,
MEM-02376,10,F,WEST,
MEM-02377,61,M,WEST,
MEM-02378,46,M,WEST,
MEM-02379,95,F,WEST,
MEM-02380,40,F,WEST,
MEM-02381,68,F,NORTH,
MEM-02382,40,M,SOUTH,
MEM-02383,43,M,SOUTH,
MEM-02384,27,M,SOUTH,
MEM-02385,53,F,WEST,
MEM-02386,80,F,SOUTH,
MEM-02387,94,M,EAST,
MEM-02388,66,M,NORTH,
MEM-02389,18,F,NORTH,
MEM-02390,41,M,SOUTH,
MEM-02391,36,F,EAST,
MEM-02392,38,F,WEST,
MEM-02393,22,M,NORTH,
MEM-02394,73,F,NORTH,
MEM-02395,29,M,SOUTH,
MEM-02396,39,M,SOUTH,
MEM-02397,95,M,WEST,
MEM-02398,43,F,SOUTH,
MEM-02399,43,M,SOUTH,
MEM-02400,63,F,SOUTH,
MEM-02401,19,M,SOUTH,
MEM-02402,44,F,SOUTH,
MEM-02403,19,F,SOUTH,
MEM-02404,38,M,EAST,
MEM-02405,16,F,WEST,
MEM-02406,35,F,SOUTH,
MEM-02407,56,F,NORTH,
MEM-02408,65,F,WEST,
MEM-02409,95,F,EAST,
MEM-02410,21,F,WEST,
MEM-02411,37,M,SOUTH,
MEM-02412,36,M,SOUTH,
MEM-02413,31,F,NORTH,
MEM-02414,37,F,NORTH,
MEM-02415,23,M,WEST,
MEM-02416,41,F,EAST,
MEM-02417,46,M,EAST,
MEM-02418,40,F,EAST,
MEM-02419,55,F,WEST,
MEM-02420,60,M,SOUTH,
MEM-02421,30,M,WEST,
MEM-02422,50,M,EAST,
MEM-02423,95,F,SOUTH,
MEM-02424,14,F,WEST,
MEM-02425,69,F,WEST,
MEM-02426,34,F,WEST,
MEM-02427,74,F,EAST,
MEM-02428,25,M,EAST,
MEM-02429,36,M,NORTH,
MEM-02430,64,F,SOUTH,
MEM-02431,84,F,SOUTH,
MEM-02432,45,F,EAST,
MEM-02433,25,M,EAST,
MEM-02434,47,M,EAST,
MEM-02435,95,M,WEST,
MEM-02436,33,F,NORTH,
MEM-02437,73,M,EAST,
MEM-02438,34,M,WEST,
MEM-02439,43,M,SOUTH,
MEM-02440,87,M,NORTH,
MEM-02441,64,F,EAST,
MEM-02442,85,M,EAST,
MEM-02443,22,M,NORTH,
MEM-02444,9,F,SOUTH,
MEM-02445,40,F,WEST,
MEM-02446,55,F,EAST,
MEM-02447,38,F,EAST,
MEM-02448,59,M,EAST,
MEM-02449,59,F,WEST,
MEM-02450,49,M,WEST,
MEM-02451,25,F,NORTH,
MEM-02452,21,F,EAST,
MEM-02453,53,F,WEST,
MEM-02454,45,F,SOUTH,
MEM-02455,95,F,EAST,
MEM-02456,32,F,EAST,
MEM-02457,50,M,WEST,
MEM-02458,34,F,NORTH,
MEM-02459,17,M,NORTH,
MEM-02460,56,F,WEST,
MEM-02461,16,M,EAST,
MEM-02462,87,F,EAST,
MEM-02463,67,F,SOUTH,
MEM-02464,28,M,WEST,
MEM-02465,47,M,NORTH,
MEM-02466,36,F,NORTH,
MEM-02467,31,F,NORTH,
MEM-02468,51,F,EAST,
MEM-02469,17,F,WEST,
MEM-02470,44,F,EAST,
MEM-02471,37,F,WEST,
MEM-02472,46,M,EAST,
MEM-02473,33,F,NORTH,
MEM-02474,62,F,EAST,
MEM-02475,49,M,SOUTH,
MEM-02476,42,M,SOUTH,
MEM-02477,55,F,EAST,
MEM-02478,64,M,WEST,
MEM-02479,40,F,SOUTH,
MEM-02480,71,F,NORTH,
MEM-02481,25,M,WEST,
MEM-02482,34,M,EAST,
MEM-02483,49,M,WEST,
MEM-02484,38,F,EAST,
MEM-02485,10,F,SOUTH,
MEM-02486,35,M,WEST,
MEM-02487,72,F,SOUTH,
MEM-02488,73,F,NORTH,
MEM-02489,19,F,SOUTH,
MEM-02490,38,F,EAST,
MEM-02491,40,F,NORTH,
MEM-02492,42,F,SOUTH,
MEM-02493,31,F,NORTH,
MEM-02494,23,M,WEST,
MEM-02495,83,M,SOUTH,
MEM-02496,20,F,NORTH,
MEM-02497,35,M,WEST,
MEM-02498,25,F,NORTH,
MEM-02499,47,F,EAST,
MEM-02500,34,F,EAST,
MEM-02501,23,F,NORTH,
MEM-02502,31,M,NORTH,
MEM-02503,34,M,SOUTH,
MEM-02504,33,M,WEST,
MEM-02505,57,M,EAST,
MEM-02506,16,M,NORTH,
MEM-02507,29,F,NORTH,
MEM-02508,34,M,WEST,
MEM-02509,20,F,EAST,
MEM-02510,35,F,EAST,
MEM-02511,26,M,EAST,
MEM-02512,39,F,SOUTH,
MEM-02513,33,M,WEST,
MEM-02514,95,M,WEST,
MEM-02515,42,F,SOUTH,
MEM-02516,64,M,SOUTH,
MEM-02517,37,F,NORTH,
MEM-02518,38,M,NORTH,
MEM-02519,51,M,EAST,
MEM-02520,95,M,SOUTH,
MEM-02521,59,F,SOUTH,
MEM-02522,64,M,WEST,
MEM-02523,65,F,SOUTH,
MEM-02524,38,F,EAST,
MEM-02525,43,F,NORTH,
MEM-02526,54,M,NORTH,
MEM-02527,68,F,NORTH,
MEM-02528,19,M,SOUTH,
MEM-02529,24,M,WEST,
MEM-02530,39,F,EAST,
MEM-02531,77,F,SOUTH,
MEM-02532,41,M,WEST,
MEM-02533,41,M,SOUTH,
MEM-02534,32,F,SOUTH,
MEM-02535,55,F,SOUTH,
MEM-02536,60,M,WEST,
MEM-02537,35,F,SOUTH,
MEM-02538,24,F,SOUTH,2025-08-14
MEM-02539,51,M,SOUTH,
MEM-02540,31,M,SOUTH,
MEM-02541,95,F,WEST,
MEM-02542,21,M,WEST,
MEM-02543,31,M,NORTH,
MEM-02544,79,M,EAST,
MEM-02545,78,M,NORTH,
MEM-02546,49,M,EAST,
MEM-02547,17,M,EAST,
MEM-02548,41,M,NORTH,
MEM-02549,37,F,EAST,
MEM-02550,40,F,EAST,
MEM-02551,26,F,EAST,2025-11-14
MEM-02552,60,M,WEST,
MEM-02553,46,M,EAST,
MEM-02554,21,F,NORTH,
MEM-02555,66,M,EAST,
MEM-02556,40,M,NORTH,
MEM-02557,73,M,EAST,
MEM-02558,43,M,WEST,
MEM-02559,71,F,SOUTH,
MEM-02560,9,M,EAST,
MEM-02561,35,F,SOUTH,
MEM-02562,75,M,WEST,
MEM-02563,24,F,WEST,
MEM-02564,8,F,SOUTH,
MEM-02565,7,F,EAST,
MEM-02566,32,F,WEST,
MEM-02567,43,F,WEST,
MEM-02568,39,F,EAST,
MEM-02569,78,M,EAST,
MEM-02570,37,F,SOUTH,
MEM-02571,40,F,WEST,
MEM-02572,11,M,WEST,
MEM-02573,37,M,EAST,
MEM-02574,37,M,WEST,
MEM-02575,68,F,SOUTH,
MEM-02576,75,M,NORTH,
MEM-02577,44,M,WEST,
MEM-02578,35,M,SOUTH,
MEM-02579,9,M,WEST,
MEM-02580,36,M,SOUTH,
MEM-02581,36,M,NORTH,
MEM-02582,37,M,NORTH,
MEM-02583,57,F,NORTH,
MEM-02584,51,F,NORTH,
MEM-02585,57,M,NORTH,
MEM-02586,62,M,NORTH,
MEM-02587,27,M,SOUTH,
MEM-02588,59,F,NORTH,
MEM-02589,29,F,WEST,
MEM-02590,13,M,WEST,
MEM-02591,25,F,WEST,
MEM-02592,50,F,SOUTH,
MEM-02593,19,M,WEST,
MEM-02594,12,F,SOUTH,
MEM-02595,27,M,SOUTH,
MEM-02596,33,M,SOUTH,
MEM-02597,15,F,WEST,
MEM-02598,18,F,NORTH,
MEM-02599,61,M,WEST,
MEM-02600,52,M,SOUTH,
MEM-02601,21,F,SOUTH,
MEM-02602,17,M,WEST,
MEM-02603,58,M,EAST,
MEM-02604,36,M,WEST,
MEM-02605,19,M,NORTH,
MEM-02606,56,M,NORTH,
MEM-02607,36,M,SOUTH,
MEM-02608,40,M,EAST,
MEM-02609,26,F,NORTH,
MEM-02610,83,M,WEST,
MEM-02611,20,M,NORTH,
MEM-02612,38,M,SOUTH,2025-11-07
MEM-02613,67,F,WEST,
MEM-02614,68,F,NORTH,
MEM-02615,95,M,EAST,
MEM-02616,28,F,SOUTH,
MEM-02617,42,M,SOUTH,
MEM-02618,19,M,WEST,
MEM-02619,43,F,WEST,
MEM-02620,32,F,EAST,
MEM-02621,36,M,NORTH,
MEM-02622,40,M,WEST,
MEM-02623,56,F,SOUTH,
MEM-02624,40,M,NORTH,
MEM-02625,32,F,EAST,
MEM-02626,73,M,NORTH,
MEM-02627,65,F,WEST,
MEM-02628,48,M,WEST,
MEM-02629,85,M,EAST,
MEM-02630,54,M,SOUTH,
MEM-02631,19,F,NORTH,
MEM-02632,85,F,SOUTH,
MEM-02633,25,F,SOUTH,
MEM-02634,9,F,EAST,
MEM-02635,26,M,WEST,
MEM-02636,26,F,WEST,
MEM-02637,63,M,SOUTH,
MEM-02638,39,F,EAST,
MEM-02639,26,M,EAST,
MEM-02640,17,F,WEST,
MEM-02641,33,F,SOUTH,
MEM-02642,38,M,EAST,
MEM-02643,82,F,WEST,
MEM-02644,29,M,NORTH,
MEM-02645,63,M,WEST,
MEM-02646,54,F,EAST,
MEM-02647,30,M,EAST,
MEM-02648,15,F,NORTH,
MEM-02649,64,M,EAST,
MEM-02650,77,M,EAST,
MEM-02651,88,F,SOUTH,
MEM-02652,75,F,EAST,
MEM-02653,42,F,WEST,
MEM-02654,29,F,SOUTH,
MEM-02655,68,M,NORTH,
MEM-02656,56,F,SOUTH,
MEM-02657,11,M,SOUTH,
MEM-02658,44,F,WEST,
MEM-02659,30,F,WEST,
MEM-02660,62,M,WEST,
MEM-02661,55,M,NORTH,
MEM-02662,34,F,EAST,
MEM-02663,32,F,WEST,
MEM-02664,58,M,SOUTH,
MEM-02665,33,F,NORTH,
MEM-02666,33,F,EAST,
MEM-02667,66,F,WEST,
MEM-02668,45,M,NORTH,
MEM-02669,56,M,WEST,
MEM-02670,23,F,NORTH,
MEM-02671,39,M,EAST,
MEM-02672,52,M,NORTH,
MEM-02673,31,F,NORTH,
MEM-02674,6,M,SOUTH,
MEM-02675,13,M,SOUTH,
MEM-02676,95,M,NORTH,
MEM-02677,38,M,EAST,
MEM-02678,53,F,SOUTH,
MEM-02679,33,M,SOUTH,
MEM-02680,35,F,NORTH,
MEM-02681,34,F,EAST,
MEM-02682,84,M,SOUTH,
MEM-02683,72,F,SOUTH,
MEM-02684,84,M,WEST,
MEM-02685,40,M,EAST,
MEM-02686,54,M,WEST,
MEM-02687,52,F,EAST,
MEM-02688,31,M,SOUTH,
MEM-02689,36,F,SOUTH,
MEM-02690,22,M,SOUTH,
MEM-02691,23,M,EAST,
MEM-02692,29,F,EAST,
MEM-02693,46,M,WEST,
MEM-02694,13,F,WEST,
MEM-02695,45,F,WEST,
MEM-02696,69,M,WEST,
MEM-02697,17,F,SOUTH,
MEM-02698,33,M,NORTH,
MEM-02699,43,M,NORTH,
MEM-02700,68,M,WEST,
MEM-02701,45,F,NORTH,
MEM-02702,27,M,NORTH,
MEM-02703,95,F,WEST,
MEM-02704,37,F,WEST,
MEM-02705,27,M,NORTH,
MEM-02706,53,M,SOUTH,
MEM-02707,42,F,EAST,
MEM-02708,39,F,EAST,
MEM-02709,83,M,EAST,
MEM-02710,59,M,EAST,
MEM-02711,51,F,NORTH,
MEM-02712,47,F,WEST,
MEM-02713,20,F,EAST,
MEM-02714,19,M,WEST,
MEM-02715,20,M,NORTH,
MEM-02716,21,M,WEST,
MEM-02717,31,F,EAST,
MEM-02718,80,F,EAST,
MEM-02719,47,M,WEST,
MEM-02720,90,M,NORTH,
MEM-02721,42,F,SOUTH,
MEM-02722,83,F,NORTH,
MEM-02723,42,F,NORTH,
MEM-02724,50,M,SOUTH,
MEM-02725,27,M,EAST,
MEM-02726,33,F,EAST,
MEM-02727,32,M,NORTH,
MEM-02728,75,M,EAST,
MEM-02729,44,M,NORTH,
MEM-02730,35,M,EAST,
MEM-02731,63,M,EAST,
MEM-02732,21,F,SOUTH,
MEM-02733,19,M,EAST,
MEM-02734,24,F,NORTH,
MEM-02735,92,F,NORTH,
MEM-02736,51,F,EAST,
MEM-02737,73,M,SOUTH,
MEM-02738,23,M,WEST,
MEM-02739,20,F,NORTH,
MEM-02740,65,M,WEST,
MEM-02741,76,F,SOUTH,
MEM-02742,55,F,EAST,
MEM-02743,95,F,SOUTH,
MEM-02744,21,M,WEST,
MEM-02745,74,F,WEST,
MEM-02746,30,F,NORTH,
MEM-02747,13,F,NORTH,
MEM-02748,45,F,WEST,
MEM-02749,38,F,WEST,
MEM-02750,47,F,EAST,
MEM-02751,45,F,NORTH,
MEM-02752,49,F,WEST,
MEM-02753,70,M,WEST,
MEM-02754,57,M,NORTH,
MEM-02755,59,M,EAST,
MEM-02756,73,F,SOUTH,
MEM-02757,41,M,WEST,
MEM-02758,29,M,EAST,
MEM-02759,8,F,WEST,
MEM-02760,17,F,SOUTH,
MEM-02761,35,F,NORTH,
MEM-02762,95,M,NORTH,
MEM-02763,48,M,NORTH,
MEM-02764,27,F,EAST,
MEM-02765,21,M,EAST,
MEM-02766,19,F,NORTH,
MEM-02767,53,F,SOUTH,
MEM-02768,34,F,WEST,
MEM-02769,28,M,NORTH,
MEM-02770,50,F,EAST,
MEM-02771,36,M,SOUTH,
MEM-02772,22,M,EAST,
MEM-02773,62,F,WEST,
MEM-02774,50,F,NORTH,
MEM-02775,26,F,NORTH,
MEM-02776,33,M,WEST,
MEM-02777,31,F,NORTH,
MEM-02778,72,F,SOUTH,
MEM-02779,25,M,WEST,
MEM-02780,54,F,WEST,
MEM-02781,53,F,WEST,
MEM-02782,55,M,SOUTH,
MEM-02783,49,M,SOUTH,
MEM-02784,13,M,NORTH,
MEM-02785,67,M,SOUTH,
MEM-02786,65,M,SOUTH,
MEM-02787,39,M,NORTH,
MEM-02788,65,F,NORTH,
MEM-02789,53,F,NORTH,
MEM-02790,53,F,SOUTH,
MEM-02791,66,F,NORTH,
MEM-02792,34,M,EAST,
MEM-02793,58,F,EAST,
MEM-02794,45,F,NORTH,
MEM-02795,36,F,WEST,
MEM-02796,57,F,EAST,
MEM-02797,47,M,EAST,
MEM-02798,29,M,NORTH,
MEM-02799,43,M,NORTH,
MEM-02800,56,M,NORTH,
MEM-02801,87,M,NORTH,
MEM-02802,60,F,NORTH,
MEM-02803,16,M,NORTH,
MEM-02804,31,F,SOUTH,
MEM-02805,70,M,WEST,
MEM-02806,25,M,NORTH,
MEM-02807,76,M,NORTH,
MEM-02808,52,M,NORTH,
MEM-02809,90,F,EAST,
MEM-02810,19,F,WEST,
MEM-02811,44,F,EAST,
MEM-02812,51,F,SOUTH,
MEM-02813,77,F,NORTH,
MEM-02814,31,F,WEST,
MEM-02815,35,M,EAST,
MEM-02816,41,F,EAST,
MEM-02817,49,F,WEST,
MEM-02818,41,M,SOUTH,
MEM-02819,95,F,NORTH,
MEM-02820,21,F,WEST,
MEM-02821,60,M,WEST,
MEM-02822,59,M,EAST,
MEM-02823,33,M,WEST,
MEM-02824,15,F,WEST,
MEM-02825,26,F,WEST,
MEM-02826,59,M,WEST,
MEM-02827,36,F,EAST,
MEM-02828,85,F,NORTH,
MEM-02829,54,F,SOUTH,
MEM-02830,24,M,EAST,
MEM-02831,36,M,WEST,
MEM-02832,10,F,SOUTH,
MEM-02833,38,M,NORTH,
MEM-02834,44,M,WEST,
MEM-02835,54,M,NORTH,
MEM-02836,63,F,EAST,
MEM-02837,95,M,SOUTH,
MEM-02838,51,F,EAST,
MEM-02839,36,F,NORTH,
MEM-02840,73,M,EAST,
MEM-02841,78,M,WEST,
MEM-02842,15,F,WEST,
MEM-02843,33,M,NORTH,
MEM-02844,45,F,EAST,
MEM-02845,25,M,EAST,
MEM-02846,46,F,WEST,
MEM-02847,89,M,WEST,
MEM-02848,9,M,EAST,
MEM-02849,14,F,SOUTH,
MEM-02850,15,M,NORTH,
MEM-02851,95,M,SOUTH,
MEM-02852,69,M,EAST,
MEM-02853,41,F,EAST,
MEM-02854,32,F,EAST,
MEM-02855,54,M,WEST,
MEM-02856,54,M,EAST,
MEM-02857,22,M,WEST,
MEM-02858,54,F,NORTH,
MEM-02859,36,F,EAST,
MEM-02860,19,M,WEST,
MEM-02861,60,F,SOUTH,
MEM-02862,56,F,EAST,
MEM-02863,47,F,WEST,
MEM-02864,24,F,NORTH,
MEM-02865,57,M,WEST,
MEM-02866,19,M,NORTH,
MEM-02867,35,F,NORTH,
MEM-02868,59,M,WEST,
MEM-02869,21,M,EAST,
MEM-02870,35,F,WEST,
MEM-02871,46,F,SOUTH,
MEM-02872,57,M,WEST,
MEM-02873,38,M,SOUTH,
MEM-02874,56,M,WEST,
MEM-02875,79,M,NORTH,
MEM-02876,44,F,EAST,
MEM-02877,50,M,SOUTH,
MEM-02878,33,M,EAST,
MEM-02879,20,M,NORTH,
MEM-02880,42,F,EAST,
MEM-02881,35,M,EAST,
MEM-02882,33,F,EAST,
MEM-02883,62,F,EAST,
MEM-02884,24,M,WEST,
MEM-02885,71,M,WEST,
MEM-02886,24,M,SOUTH,
MEM-02887,95,F,EAST,
MEM-02888,21,F,SOUTH,
MEM-02889,32,M,NORTH,
MEM-02890,20,M,SOUTH,
MEM-02891,76,F,EAST,
MEM-02892,38,F,WEST,
MEM-02893,48,M,NORTH,
MEM-02894,23,F,NORTH,
MEM-02895,83,M,WEST,2025-10-09
MEM-02896,32,M,EAST,
MEM-02897,31,F,SOUTH,
MEM-02898,75,F,WEST,
MEM-02899,82,M,NORTH,
MEM-02900,55,F,EAST,
MEM-02901,62,F,SOUTH,
MEM-02902,53,F,NORTH,
MEM-02903,25,M,SOUTH,
MEM-02904,43,M,EAST,
MEM-02905,17,F,EAST,
MEM-02906,58,F,EAST,
MEM-02907,52,F,SOUTH,
MEM-02908,42,M,NORTH,
MEM-02909,25,M,SOUTH,
MEM-02910,17,M,NORTH,
MEM-02911,28,M,SOUTH,
MEM-02912,73,F,SOUTH,
MEM-02913,19,F,EAST,
MEM-02914,17,M,EAST,
MEM-02915,75,F,SOUTH,
MEM-02916,41,M,EAST,
MEM-02917,56,M,NORTH,
MEM-02918,45,M,SOUTH,
MEM-02919,53,M,NORTH,
MEM-02920,49,M,WEST,
MEM-02921,40,M,EAST,
MEM-02922,26,F,WEST,
MEM-02923,36,F,EAST,
MEM-02924,31,F,NORTH,
MEM-02925,48,F,NORTH,
MEM-02926,20,F,SOUTH,
MEM-02927,85,M,EAST,
MEM-02928,58,M,SOUTH,
MEM-02929,41,F,WEST,
MEM-02930,33,F,NORTH,
MEM-02931,25,F,WEST,
MEM-02932,30,M,WEST,
MEM-02933,48,F,EAST,
MEM-02934,27,F,WEST,
MEM-02935,26,M,WEST,
MEM-02936,35,M,SOUTH,
MEM-02937,26,M,SOUTH,
MEM-02938,53,F,WEST,
MEM-02939,62,F,SOUTH,
MEM-02940,27,M,SOUTH,
MEM-02941,50,F,WEST,
MEM-02942,45,F,WEST,
MEM-02943,73,F,WEST,
MEM-02944,43,F,NORTH,
MEM-02945,87,F,WEST,
MEM-02946,37,F,NORTH,
MEM-02947,26,F,EAST,
MEM-02948,60,F,EAST,
MEM-02949,28,M,SOUTH,
MEM-02950,24,M,EAST,
MEM-02951,41,M,SOUTH,
MEM-02952,26,M,SOUTH,
MEM-02953,45,F,WEST,
MEM-02954,25,M,WEST,
MEM-02955,74,F,NORTH,
MEM-02956,60,F,WEST,
MEM-02957,31,F,SOUTH,
MEM-02958,51,M,SOUTH,
MEM-02959,33,M,WEST,
MEM-02960,43,F,NORTH,
MEM-02961,39,M,WEST,
MEM-02962,37,M,SOUTH,
MEM-02963,38,F,SOUTH,
MEM-02964,38,M,EAST,
MEM-02965,59,F,SOUTH,
MEM-02966,28,F,WEST,
MEM-02967,20,M,NORTH,
MEM-02968,33,M,WEST,
MEM-02969,28,F,SOUTH,
MEM-02970,28,F,WEST,
MEM-02971,43,M,SOUTH,
MEM-02972,57,M,EAST,
MEM-02973,49,M,SOUTH,
MEM-02974,56,F,NORTH,
MEM-02975,50,F,SOUTH,
MEM-02976,34,M,EAST,
MEM-02977,33,M,NORTH,
MEM-02978,19,F,NORTH,
MEM-02979,29,M,NORTH,
MEM-02980,31,M,SOUTH,
MEM-02981,21,F,EAST,
MEM-02982,46,M,EAST,
MEM-02983,95,M,EAST,
MEM-02984,39,F,SOUTH,
MEM-02985,34,F,WEST,
MEM-02986,46,M,EAST,
MEM-02987,26,M,NORTH,
MEM-02988,35,F,EAST,
MEM-02989,23,F,WEST,
MEM-02990,39,M,EAST,
MEM-02991,12,F,SOUTH,
MEM-02992,29,F,EAST,
MEM-02993,70,F,WEST,
MEM-02994,25,F,NORTH,
MEM-02995,17,F,NORTH,
MEM-02996,17,F,SOUTH,
MEM-02997,15,F,NORTH,
MEM-02998,40,F,EAST,
MEM-02999,25,F,SOUTH,
MEM-03000,39,F,EAST,
MEM-03001,23,F,SOUTH,
MEM-03002,61,F,SOUTH,
MEM-03003,31,M,NORTH,
MEM-03004,50,F,EAST,
MEM-03005,48,M,WEST,
MEM-03006,30,M,NORTH,
MEM-03007,80,M,WEST,
MEM-03008,8,M,SOUTH,
MEM-03009,25,F,NORTH,
MEM-03010,56,F,NORTH,
MEM-03011,20,M,SOUTH,
MEM-03012,35,M,EAST,
MEM-03013,61,M,EAST,
MEM-03014,39,M,WEST,
MEM-03015,39,F,SOUTH,
MEM-03016,78,M,EAST,
MEM-03017,19,F,SOUTH,
MEM-03018,20,M,SOUTH,
MEM-03019,12,F,SOUTH,
MEM-03020,42,F,SOUTH,
MEM-03021,25,M,SOUTH,
MEM-03022,31,F,NORTH,
MEM-03023,45,F,WEST,
MEM-03024,50,M,WEST,
MEM-03025,57,M,WEST,
MEM-03026,8,F,WEST,
MEM-03027,19,M,WEST,
MEM-03028,11,F,WEST,
MEM-03029,24,M,NORTH,
MEM-03030,86,M,EAST,
MEM-03031,33,F,NORTH,
MEM-03032,80,M,EAST,
MEM-03033,61,M,EAST,
MEM-03034,26,M,NORTH,
MEM-03035,22,F,WEST,
MEM-03036,51,F,EAST,
MEM-03037,55,F,WEST,
MEM-03038,49,F,NORTH,
MEM-03039,31,M,EAST,
MEM-03040,57,M,WEST,
MEM-03041,42,F,SOUTH,
MEM-03042,48,F,EAST,
MEM-03043,31,F,SOUTH,
MEM-03044,53,F,WEST,
MEM-03045,30,M,WEST,
MEM-03046,34,M,SOUTH,
MEM-03047,39,F,WEST,
MEM-03048,33,F,EAST,
MEM-03049,25,F,SOUTH,
MEM-03050,23,M,WEST,
MEM-03051,25,F,SOUTH,
MEM-03052,38,F,EAST,
MEM-03053,33,F,EAST,
MEM-03054,12,F,SOUTH,
MEM-03055,56,M,SOUTH,
MEM-03056,22,M,SOUTH,
MEM-03057,63,M,WEST,
MEM-03058,29,M,EAST,
MEM-03059,47,F,SOUTH,
MEM-03060,73,M,SOUTH,
MEM-03061,10,M,SOUTH,
MEM-03062,26,M,EAST,
MEM-03063,81,M,SOUTH,
MEM-03064,34,M,NORTH,
MEM-03065,28,F,WEST,
MEM-03066,58,F,WEST,
MEM-03067,44,M,EAST,
MEM-03068,35,F,WEST,
MEM-03069,79,M,WEST,
MEM-03070,39,F,NORTH,
MEM-03071,95,M,WEST,
MEM-03072,86,F,WEST,
MEM-03073,53,F,SOUTH,
MEM-03074,39,M,WEST,
MEM-03075,35,M,NORTH,
MEM-03076,41,F,EAST,
MEM-03077,20,M,NORTH,
MEM-03078,20,M,SOUTH,
MEM-03079,34,M,WEST,
MEM-03080,45,M,EAST,2025-09-09
MEM-03081,17,F,SOUTH,
MEM-03082,61,F,EAST,
MEM-03083,33,F,SOUTH,
MEM-03084,34,F,WEST,
MEM-03085,28,M,EAST,
MEM-03086,55,F,EAST,
MEM-03087,23,M,SOUTH,
MEM-03088,85,M,WEST,
MEM-03089,95,M,WEST,
MEM-03090,11,M,NORTH,
MEM-03091,40,F,SOUTH,
MEM-03092,54,F,EAST,
MEM-03093,25,F,SOUTH,
MEM-03094,43,M,SOUTH,
MEM-03095,26,M,NORTH,
MEM-03096,41,M,NORTH,
MEM-03097,7,M,NORTH,
MEM-03098,81,F,NORTH,
MEM-03099,41,F,SOUTH,
MEM-03100,49,F,NORTH,
MEM-03101,77,M,EAST,
MEM-03102,44,F,SOUTH,
MEM-03103,31,F,NORTH,
MEM-03104,14,M,NORTH,
MEM-03105,73,F,NORTH,
MEM-03106,22,F,EAST,
MEM-03107,84,M,WEST,
MEM-03108,32,M,WEST,
MEM-03109,62,M,WEST,
MEM-03110,37,F,EAST,
MEM-03111,25,M,NORTH,
MEM-03112,63,M,SOUTH,
MEM-03113,25,M,NORTH,
MEM-03114,23,M,NORTH,
MEM-03115,24,M,NORTH,
MEM-03116,36,F,SOUTH,
MEM-03117,28,F,EAST,
MEM-03118,66,F,EAST,
MEM-03119,29,M,SOUTH,
MEM-03120,12,M,NORTH,
MEM-03121,51,F,NORTH,
MEM-03122,7,M,NORTH,
MEM-03123,48,M,EAST,
MEM-03124,49,F,WEST,
MEM-03125,34,F,EAST,
MEM-03126,61,F,SOUTH,
MEM-03127,28,F,EAST,
MEM-03128,25,F,EAST,
MEM-03129,37,F,EAST,
MEM-03130,35,M,NORTH,
MEM-03131,41,M,EAST,
MEM-03132,45,F,SOUTH,
MEM-03133,25,F,WEST,
MEM-03134,61,F,EAST,
MEM-03135,49,F,EAST,
MEM-03136,34,M,EAST,
MEM-03137,41,F,NORTH,
MEM-03138,44,F,WEST,
MEM-03139,89,F,WEST,
MEM-03140,20,M,WEST,
MEM-03141,84,M,EAST,
MEM-03142,95,F,NORTH,
MEM-03143,16,F,EAST,
MEM-03144,44,F,SOUTH,
MEM-03145,45,F,WEST,
MEM-03146,27,F,EAST,
MEM-03147,62,F,EAST,
MEM-03148,35,F,NORTH,
MEM-03149,42,F,NORTH,
MEM-03150,77,M,NORTH,
MEM-03151,82,M,NORTH,
MEM-03152,31,M,EAST,
MEM-03153,24,M,NORTH,
MEM-03154,72,F,WEST,
MEM-03155,60,F,WEST,
MEM-03156,66,F,WEST,
MEM-03157,46,F,NORTH,
MEM-03158,27,F,NORTH,
MEM-03159,29,F,WEST,
MEM-03160,33,M,SOUTH,
MEM-03161,29,F,NORTH,
MEM-03162,48,F,EAST,
MEM-03163,63,M,NORTH,
MEM-03164,57,M,WEST,
MEM-03165,30,M,EAST,
MEM-03166,32,M,SOUTH,
MEM-03167,36,M,EAST,
MEM-03168,44,M,SOUTH,
MEM-03169,45,M,WEST,
MEM-03170,41,M,EAST,
MEM-03171,39,F,EAST,
MEM-03172,79,M,WEST,
MEM-03173,22,F,EAST,
MEM-03174,33,F,EAST,
MEM-03175,17,F,EAST,
MEM-03176,68,F,WEST,
MEM-03177,31,F,WEST,
MEM-03178,38,M,EAST,
MEM-03179,28,M,WEST,
MEM-03180,39,F,SOUTH,
MEM-03181,95,M,SOUTH,
MEM-03182,25,F,SOUTH,
MEM-03183,23,M,WEST,
MEM-03184,43,F,EAST,
MEM-03185,17,F,NORTH,
MEM-03186,34,F,SOUTH,
MEM-03187,55,M,WEST,
MEM-03188,43,F,NORTH,
MEM-03189,52,F,SOUTH,
MEM-03190,21,M,WEST,
MEM-03191,66,F,SOUTH,
MEM-03192,38,M,SOUTH,
MEM-03193,58,M,NORTH,
MEM-03194,20,M,EAST,
MEM-03195,53,F,WEST,
MEM-03196,41,F,NORTH,
MEM-03197,59,M,EAST,
MEM-03198,22,M,WEST,
MEM-03199,24,F,NORTH,
MEM-03200,35,F,EAST,
MEM-03201,12,M,EAST,
MEM-03202,11,F,EAST,
MEM-03203,47,F,EAST,
MEM-03204,44,M,NORTH,
MEM-03205,45,F,NORTH,
MEM-03206,15,F,NORTH,
MEM-03207,43,M,NORTH,
MEM-03208,18,M,WEST,
MEM-03209,17,F,NORTH,
MEM-03210,43,F,NORTH,
MEM-03211,14,F,EAST,
MEM-03212,19,M,NORTH,
MEM-03213,23,M,NORTH,
MEM-03214,11,F,WEST,
MEM-03215,54,M,WEST,
MEM-03216,28,F,WEST,
MEM-03217,31,F,WEST,
MEM-03218,76,M,NORTH,
MEM-03219,47,M,SOUTH,
MEM-03220,75,F,WEST,
MEM-03221,39,M,WEST,
MEM-03222,18,F,NORTH,
MEM-03223,31,F,SOUTH,
MEM-03224,38,M,NORTH,
MEM-03225,34,M,NORTH,
MEM-03226,48,M,SOUTH,
MEM-03227,28,F,WEST,
MEM-03228,29,F,EAST,
MEM-03229,50,F,SOUTH,
MEM-03230,51,M,SOUTH,
MEM-03231,36,M,EAST,
MEM-03232,37,M,NORTH,
MEM-03233,26,M,WEST,
MEM-03234,37,M,SOUTH,
MEM-03235,36,F,WEST,
MEM-03236,13,M,WEST,
MEM-03237,25,M,WEST,
MEM-03238,53,F,WEST,
MEM-03239,30,F,WEST,
MEM-03240,21,F,NORTH,
MEM-03241,41,F,EAST,
MEM-03242,39,F,SOUTH,
MEM-03243,19,M,NORTH,
MEM-03244,42,M,EAST,
MEM-03245,78,M,WEST,
MEM-03246,75,F,EAST,
MEM-03247,53,M,NORTH,
MEM-03248,40,F,SOUTH,
MEM-03249,95,M,WEST,
MEM-03250,36,F,NORTH,
MEM-03251,95,F,EAST,
MEM-03252,41,F,SOUTH,
MEM-03253,16,M,SOUTH,
MEM-03254,15,F,SOUTH,
MEM-03255,35,F,SOUTH,
MEM-03256,60,M,EAST,
MEM-03257,63,F,SOUTH,
MEM-03258,61,M,EAST,
MEM-03259,21,F,EAST,
MEM-03260,18,F,WEST,
MEM-03261,11,F,SOUTH,
MEM-03262,11,M,NORTH,
MEM-03263,41,M,SOUTH,
MEM-03264,6,M,SOUTH,
MEM-03265,44,F,NORTH,
MEM-03266,29,F,WEST,
MEM-03267,60,F,WEST,
MEM-03268,74,M,NORTH,
MEM-03269,63,F,SOUTH,
MEM-03270,16,F,WEST,
MEM-03271,43,F,SOUTH,
MEM-03272,79,F,SOUTH,
MEM-03273,51,F,SOUTH,
MEM-03274,20,M,WEST,
MEM-03275,36,F,WEST,
MEM-03276,30,F,EAST,
MEM-03277,61,F,SOUTH,
MEM-03278,50,M,SOUTH,
MEM-03279,40,F,EAST,
MEM-03280,32,F,NORTH,
MEM-03281,85,F,SOUTH,
MEM-03282,50,F,SOUTH,
MEM-03283,95,F,EAST,
MEM-03284,39,F,EAST,
MEM-03285,45,F,WEST,
MEM-03286,52,M,SOUTH,
MEM-03287,52,M,WEST,
MEM-03288,32,F,WEST,
MEM-03289,51,M,NORTH,
MEM-03290,57,F,EAST,
MEM-03291,29,F,NORTH,
MEM-03292,52,M,EAST,
MEM-03293,35,M,NORTH,
MEM-03294,44,F,EAST,
MEM-03295,32,F,EAST,
MEM-03296,42,F,WEST,
MEM-03297,64,F,NORTH,
MEM-03298,46,M,EAST,
MEM-03299,62,M,WEST,
MEM-03300,21,F,NORTH,
MEM-03301,41,M,NORTH,
MEM-03302,72,M,SOUTH,
MEM-03303,17,F,SOUTH,
MEM-03304,22,M,WEST,
MEM-03305,30,F,NORTH,
MEM-03306,16,F,WEST,
MEM-03307,18,F,WEST,
MEM-03308,23,M,SOUTH,
MEM-03309,38,M,NORTH,
MEM-03310,9,M,SOUTH,
MEM-03311,31,M,SOUTH,
MEM-03312,35,M,NORTH,
MEM-03313,52,M,EAST,
MEM-03314,20,F,NORTH,
MEM-03315,9,F,WEST,
MEM-03316,30,M,WEST,
MEM-03317,45,F,EAST,
MEM-03318,28,F,EAST,
MEM-03319,30,M,WEST,
MEM-03320,32,F,SOUTH,
MEM-03321,28,M,WEST,
MEM-03322,55,F,SOUTH,
MEM-03323,14,F,NORTH,
MEM-03324,43,M,WEST,
MEM-03325,35,F,NORTH,
MEM-03326,68,F,SOUTH,
MEM-03327,29,F,EAST,
MEM-03328,35,F,EAST,
MEM-03329,33,F,SOUTH,
MEM-03330,25,F,WEST,
MEM-03331,16,M,WEST,
MEM-03332,25,M,NORTH,
MEM-03333,18,F,WEST,
MEM-03334,43,M,EAST,
MEM-03335,44,M,WEST,
MEM-03336,15,F,WEST,
MEM-03337,28,F,EAST,
MEM-03338,12,F,NORTH,
MEM-03339,23,F,NORTH,
MEM-03340,33,F,NORTH,
MEM-03341,61,F,NORTH,
MEM-03342,95,F,NORTH,
MEM-03343,85,M,SOUTH,
MEM-03344,36,M,SOUTH,
MEM-03345,35,M,SOUTH,
MEM-03346,49,F,NORTH,
MEM-03347,46,F,EAST,
MEM-03348,41,F,SOUTH,
MEM-03349,20,M,SOUTH,
MEM-03350,14,F,WEST,
MEM-03351,35,M,NORTH,
MEM-03352,69,M,NORTH,
MEM-03353,60,M,NORTH,
MEM-03354,36,M,NORTH,
MEM-03355,25,M,EAST,
MEM-03356,59,M,EAST,
MEM-03357,42,M,EAST,
MEM-03358,55,M,SOUTH,
MEM-03359,68,F,NORTH,
MEM-03360,37,F,NORTH,
MEM-03361,22,M,SOUTH,
MEM-03362,52,F,SOUTH,
MEM-03363,25,M,NORTH,
MEM-03364,63,M,SOUTH,
MEM-03365,51,F,EAST,
MEM-03366,41,M,SOUTH,
MEM-03367,44,M,WEST,
MEM-03368,54,M,WEST,
MEM-03369,41,M,EAST,
MEM-03370,38,M,SOUTH,
MEM-03371,37,F,SOUTH,
MEM-03372,45,M,WEST,
MEM-03373,34,F,SOUTH,
MEM-03374,28,M,EAST,
MEM-03375,37,M,WEST,
MEM-03376,39,M,EAST,
MEM-03377,63,M,SOUTH,
MEM-03378,28,M,WEST,
MEM-03379,30,F,NORTH,
MEM-03380,32,M,EAST,
MEM-03381,52,F,EAST,
MEM-03382,40,M,EAST,
MEM-03383,15,M,NORTH,
MEM-03384,50,M,SOUTH,
MEM-03385,32,F,EAST,
MEM-03386,73,M,SOUTH,
MEM-03387,27,M,EAST,
MEM-03388,43,F,WEST,
MEM-03389,35,F,NORTH,
MEM-03390,20,F,EAST,
MEM-03391,21,M,WEST,
MEM-03392,75,F,SOUTH,
MEM-03393,67,F,SOUTH,
MEM-03394,52,M,NORTH,
MEM-03395,48,M,SOUTH,
MEM-03396,62,F,SOUTH,
MEM-03397,44,M,WEST,
MEM-03398,39,M,EAST,
MEM-03399,59,F,EAST,
MEM-03400,48,F,SOUTH,
MEM-03401,25,F,EAST,
MEM-03402,49,F,SOUTH,
MEM-03403,59,F,NORTH,
MEM-03404,44,M,SOUTH,
MEM-03405,29,M,WEST,
MEM-03406,26,F,EAST,
MEM-03407,38,M,EAST,
MEM-03408,60,F,EAST,
MEM-03409,63,M,EAST,
MEM-03410,46,F,WEST,
MEM-03411,28,M,WEST,
MEM-03412,19,M,WEST,
MEM-03413,60,M,WEST,
MEM-03414,46,M,SOUTH,
MEM-03415,95,F,NORTH,
MEM-03416,54,M,WEST,
MEM-03417,53,M,WEST,
MEM-03418,54,F,WEST,
MEM-03419,34,F,NORTH,
MEM-03420,17,F,EAST,
MEM-03421,62,F,NORTH,
MEM-03422,47,F,NORTH,
MEM-03423,48,F,NORTH,
MEM-03424,32,F,WEST,
MEM-03425,95,F,WEST,
MEM-03426,68,F,EAST,
MEM-03427,48,M,EAST,
MEM-03428,55,F,NORTH,
MEM-03429,65,F,NORTH,
MEM-03430,35,M,NORTH,
MEM-03431,94,M,WEST,
MEM-03432,35,M,EAST,
MEM-03433,52,F,SOUTH,
MEM-03434,31,M,EAST,
MEM-03435,59,M,WEST,
MEM-03436,45,F,EAST,
MEM-03437,67,M,SOUTH,
MEM-03438,28,F,WEST,
MEM-03439,29,F,WEST,
MEM-03440,19,M,WEST,
MEM-03441,33,M,NORTH,
MEM-03442,58,F,WEST,
MEM-03443,49,F,EAST,
MEM-03444,25,M,WEST,
MEM-03445,31,F,WEST,
MEM-03446,48,M,WEST,
MEM-03447,78,F,WEST,
MEM-03448,27,M,SOUTH,
MEM-03449,20,M,WEST,
MEM-03450,67,M,EAST,
MEM-03451,26,F,WEST,
MEM-03452,65,F,WEST,
MEM-03453,57,F,SOUTH,
MEM-03454,37,M,EAST,
MEM-03455,32,F,NORTH,
MEM-03456,40,M,WEST,
MEM-03457,49,F,SOUTH,
MEM-03458,67,M,NORTH,
MEM-03459,13,M,WEST,
MEM-03460,67,F,WEST,
MEM-03461,38,M,SOUTH,
MEM-03462,48,M,WEST,
MEM-03463,71,F,EAST,
MEM-03464,21,M,WEST,
MEM-03465,66,M,NORTH,
MEM-03466,74,M,NORTH,
MEM-03467,55,M,EAST,
MEM-03468,35,F,SOUTH,
MEM-03469,45,F,WEST,
MEM-03470,63,M,WEST,
MEM-03471,47,F,SOUTH,
MEM-03472,24,M,WEST,
MEM-03473,42,F,WEST,
MEM-03474,47,F,NORTH,
MEM-03475,50,F,EAST,
MEM-03476,41,M,SOUTH,
MEM-03477,95,F,EAST,
MEM-03478,22,M,EAST,
MEM-03479,36,M,EAST,
MEM-03480,59,M,NORTH,
MEM-03481,20,M,NORTH,
MEM-03482,37,F,SOUTH,
MEM-03483,33,F,NORTH,
MEM-03484,37,F,WEST,
MEM-03485,39,F,WEST,
MEM-03486,25,M,SOUTH,
MEM-03487,24,M,WEST,
MEM-03488,47,M,SOUTH,
MEM-03489,42,F,EAST,
MEM-03490,15,M,SOUTH,
MEM-03491,31,F,WEST,
MEM-03492,27,F,WEST,
MEM-03493,46,M,WEST,
MEM-03494,75,M,WEST,
MEM-03495,28,M,EAST,
MEM-03496,28,F,EAST,
MEM-03497,68,M,WEST,
MEM-03498,35,M,NORTH,
MEM-03499,46,F,NORTH,
MEM-03500,47,M,EAST,
MEM-03501,80,M,SOUTH,
MEM-03502,38,M,NORTH,
MEM-03503,24,M,SOUTH,
MEM-03504,24,F,WEST,
MEM-03505,17,F,NORTH,
MEM-03506,31,F,SOUTH,
MEM-03507,25,F,SOUTH,
MEM-03508,23,M,SOUTH,
MEM-03509,31,M,SOUTH,
MEM-03510,43,F,SOUTH,
MEM-03511,31,F,NORTH,
MEM-03512,24,M,WEST,
MEM-03513,95,M,NORTH,
MEM-03514,20,F,SOUTH,
MEM-03515,48,M,NORTH,
MEM-03516,66,F,SOUTH,
MEM-03517,43,F,SOUTH,
MEM-03518,49,M,SOUTH,
MEM-03519,47,F,WEST,
MEM-03520,18,F,SOUTH,
MEM-03521,6,M,SOUTH,
MEM-03522,31,M,SOUTH,
MEM-03523,20,F,WEST,
MEM-03524,33,F,SOUTH,
MEM-03525,47,F,SOUTH,
MEM-03526,40,F,EAST,
MEM-03527,66,M,EAST,
MEM-03528,61,M,EAST,
MEM-03529,44,M,SOUTH,
MEM-03530,20,F,NORTH,
MEM-03531,38,M,WEST,
MEM-03532,28,F,WEST,
MEM-03533,29,F,EAST,
MEM-03534,33,F,SOUTH,
MEM-03535,69,M,NORTH,
MEM-03536,52,F,SOUTH,
MEM-03537,64,M,WEST,
MEM-03538,25,M,SOUTH,
MEM-03539,36,M,NORTH,
MEM-03540,95,F,WEST,
MEM-03541,14,M,EAST,
MEM-03542,52,F,NORTH,
MEM-03543,66,M,EAST,
MEM-03544,60,M,NORTH,
MEM-03545,61,F,WEST,
MEM-03546,23,F,NORTH,
MEM-03547,25,M,WEST,
MEM-03548,16,F,SOUTH,
MEM-03549,42,F,WEST,
MEM-03550,26,F,NORTH,
MEM-03551,59,F,WEST,
MEM-03552,44,F,EAST,
MEM-03553,58,F,SOUTH,
MEM-03554,43,F,EAST,
MEM-03555,29,F,WEST,
MEM-03556,8,F,EAST,
MEM-03557,25,F,SOUTH,
MEM-03558,54,M,WEST,
MEM-03559,33,M,WEST,
MEM-03560,89,M,NORTH,
MEM-03561,24,M,WEST,
MEM-03562,26,F,WEST,
MEM-03563,50,M,SOUTH,
MEM-03564,33,M,WEST,
MEM-03565,24,M,EAST,
MEM-03566,17,F,WEST,
MEM-03567,39,F,SOUTH,
MEM-03568,79,M,WEST,
MEM-03569,55,M,EAST,
MEM-03570,15,F,WEST,
MEM-03571,38,M,WEST,
MEM-03572,35,F,EAST,
MEM-03573,95,F,NORTH,
MEM-03574,30,M,SOUTH,
MEM-03575,24,F,EAST,
MEM-03576,86,F,SOUTH,
MEM-03577,45,F,SOUTH,
MEM-03578,39,M,SOUTH,
MEM-03579,53,F,NORTH,
MEM-03580,38,M,SOUTH,
MEM-03581,56,F,SOUTH,
MEM-03582,31,F,EAST,
MEM-03583,50,F,SOUTH,
MEM-03584,51,M,EAST,
MEM-03585,23,M,EAST,
MEM-03586,48,F,NORTH,
MEM-03587,48,M,WEST,
MEM-03588,55,F,SOUTH,
MEM-03589,55,M,SOUTH,
MEM-03590,88,F,SOUTH,
MEM-03591,39,F,WEST,
MEM-03592,21,F,SOUTH,
MEM-03593,46,M,SOUTH,
MEM-03594,38,M,EAST,
MEM-03595,13,M,WEST,
MEM-03596,18,F,EAST,
MEM-03597,34,M,EAST,
MEM-03598,28,M,EAST,
MEM-03599,36,F,NORTH,
MEM-03600,70,F,NORTH,
MEM-03601,50,M,WEST,
MEM-03602,43,M,EAST,
MEM-03603,20,F,SOUTH,
MEM-03604,20,M,EAST,
MEM-03605,17,M,SOUTH,
MEM-03606,85,F,EAST,
MEM-03607,13,F,WEST,
MEM-03608,27,M,WEST,
MEM-03609,43,F,EAST,
MEM-03610,45,F,WEST,
MEM-03611,89,F,WEST,
MEM-03612,60,M,SOUTH,
MEM-03613,95,M,EAST,
MEM-03614,26,M,SOUTH,
MEM-03615,59,M,NORTH,
MEM-03616,33,F,WEST,
MEM-03617,35,F,WEST,
MEM-03618,24,M,WEST,
MEM-03619,65,M,WEST,
MEM-03620,26,M,EAST,
MEM-03621,67,F,SOUTH,
MEM-03622,48,F,WEST,
MEM-03623,34,M,EAST,
MEM-03624,69,M,SOUTH,
MEM-03625,46,F,EAST,
MEM-03626,32,M,SOUTH,
MEM-03627,44,M,WEST,
MEM-03628,23,F,EAST,
MEM-03629,21,M,SOUTH,
MEM-03630,8,M,NORTH,
MEM-03631,53,M,SOUTH,
MEM-03632,80,F,EAST,
MEM-03633,20,F,WEST,
MEM-03634,42,F,SOUTH,
MEM-03635,53,F,NORTH,
MEM-03636,95,M,EAST,
MEM-03637,14,M,SOUTH,
MEM-03638,15,F,NORTH,
MEM-03639,55,M,EAST,
MEM-03640,25,M,WEST,
MEM-03641,19,F,NORTH,
MEM-03642,40,M,NORTH,
MEM-03643,46,F,NORTH,
MEM-03644,48,F,WEST,
MEM-03645,32,M,WEST,
MEM-03646,44,F,EAST,
MEM-03647,65,F,WEST,
MEM-03648,57,M,WEST,
MEM-03649,19,M,NORTH,
MEM-03650,15,F,WEST,
MEM-03651,55,F,SOUTH,
MEM-03652,20,M,SOUTH,
MEM-03653,65,M,WEST,
MEM-03654,87,M,WEST,
MEM-03655,30,M,EAST,
MEM-03656,50,M,WEST,
MEM-03657,23,F,WEST,
MEM-03658,58,M,SOUTH,
MEM-03659,14,F,NORTH,
MEM-03660,68,M,EAST,
MEM-03661,93,M,NORTH,
MEM-03662,29,M,SOUTH,
MEM-03663,49,F,SOUTH,
MEM-03664,43,M,WEST,
MEM-03665,17,M,WEST,
MEM-03666,18,F,WEST,
MEM-03667,86,F,NORTH,
MEM-03668,90,F,NORTH,
MEM-03669,52,F,SOUTH,
MEM-03670,79,F,WEST,
MEM-03671,20,F,WEST,2025-07-01
MEM-03672,33,F,SOUTH,
MEM-03673,35,M,NORTH,
MEM-03674,41,F,WEST,
MEM-03675,50,M,SOUTH,
MEM-03676,28,F,EAST,
MEM-03677,26,M,SOUTH,
MEM-03678,90,M,SOUTH,
MEM-03679,19,F,SOUTH,
MEM-03680,54,F,EAST,
MEM-03681,32,M,NORTH,
MEM-03682,24,M,EAST,
MEM-03683,43,F,EAST,
MEM-03684,23,F,EAST,
MEM-03685,47,M,SOUTH,
MEM-03686,60,M,EAST,
MEM-03687,51,M,WEST,
MEM-03688,44,F,WEST,
MEM-03689,70,F,NORTH,
MEM-03690,23,F,SOUTH,
MEM-03691,40,F,WEST,
MEM-03692,32,M,WEST,
MEM-03693,21,F,SOUTH,
MEM-03694,19,M,WEST,
MEM-03695,54,F,SOUTH,
MEM-03696,51,M,WEST,
MEM-03697,31,M,EAST,
MEM-03698,14,F,EAST,
MEM-03699,46,F,WEST,
MEM-03700,54,M,EAST,
MEM-03701,21,M,EAST,
MEM-03702,23,M,EAST,
MEM-03703,39,M,WEST,
MEM-03704,92,M,NORTH,
MEM-03705,44,F,WEST,
MEM-03706,29,F,SOUTH,
MEM-03707,38,F,NORTH,
MEM-03708,27,M,SOUTH,
MEM-03709,54,M,NORTH,
MEM-03710,14,F,WEST,
MEM-03711,21,M,WEST,
MEM-03712,39,F,SOUTH,
MEM-03713,31,M,WEST,
MEM-03714,52,F,NORTH,
MEM-03715,22,M,WEST,
MEM-03716,37,F,WEST,
MEM-03717,58,F,EAST,
MEM-03718,45,F,WEST,
MEM-03719,26,M,SOUTH,
MEM-03720,44,F,NORTH,
MEM-03721,43,M,WEST,
MEM-03722,32,M,EAST,
MEM-03723,95,M,EAST,
MEM-03724,34,M,NORTH,
MEM-03725,56,M,SOUTH,
MEM-03726,69,F,EAST,
MEM-03727,46,M,WEST,
MEM-03728,37,M,NORTH,
MEM-03729,54,M,WEST,
MEM-03730,37,M,EAST,
MEM-03731,26,M,NORTH,
MEM-03732,34,M,NORTH,
MEM-03733,28,F,EAST,
MEM-03734,59,F,SOUTH,
MEM-03735,24,F,SOUTH,
MEM-03736,95,M,EAST,
MEM-03737,39,F,EAST,
MEM-03738,34,F,EAST,
MEM-03739,82,F,SOUTH,
MEM-03740,9,F,NORTH,
MEM-03741,61,M,SOUTH,
MEM-03742,50,M,SOUTH,
MEM-03743,36,M,SOUTH,
MEM-03744,26,M,NORTH,
MEM-03745,65,M,NORTH,
MEM-03746,68,F,NORTH,
MEM-03747,55,F,WEST,
MEM-03748,43,M,SOUTH,
MEM-03749,26,M,WEST,
MEM-03750,80,F,WEST,
MEM-03751,53,M,EAST,
MEM-03752,22,F,WEST,
MEM-03753,41,M,SOUTH,
MEM-03754,45,M,WEST,
MEM-03755,35,F,SOUTH,
MEM-03756,46,M,WEST,
MEM-03757,65,F,EAST,
MEM-03758,37,F,SOUTH,
MEM-03759,63,M,SOUTH,
MEM-03760,34,F,EAST,
MEM-03761,27,M,EAST,
MEM-03762,29,M,WEST,
MEM-03763,22,M,EAST,
MEM-03764,51,F,NORTH,
MEM-03765,71,F,WEST,
MEM-03766,43,M,SOUTH,
MEM-03767,48,F,SOUTH,
MEM-03768,95,M,NORTH,
MEM-03769,46,F,SOUTH,
MEM-03770,66,F,NORTH,
MEM-03771,46,M,NORTH,
MEM-03772,48,F,WEST,
MEM-03773,48,F,WEST,
MEM-03774,39,M,NORTH,
MEM-03775,50,M,NORTH,
MEM-03776,95,M,NORTH,
MEM-03777,37,M,EAST,
MEM-03778,15,F,NORTH,
MEM-03779,52,F,EAST,
MEM-03780,20,F,EAST,
MEM-03781,76,M,EAST,
MEM-03782,59,M,NORTH,
MEM-03783,43,F,SOUTH,
MEM-03784,40,F,WEST,
MEM-03785,39,F,SOUTH,
MEM-03786,42,M,NORTH,
MEM-03787,90,M,NORTH,
MEM-03788,23,F,EAST,
MEM-03789,54,M,NORTH,
MEM-03790,28,M,WEST,
MEM-03791,53,F,SOUTH,
MEM-03792,29,M,SOUTH,
MEM-03793,36,F,SOUTH,
MEM-03794,54,M,SOUTH,
MEM-03795,22,M,NORTH,
MEM-03796,83,M,SOUTH,
MEM-03797,50,F,NORTH,
MEM-03798,50,M,SOUTH,
MEM-03799,57,M,WEST,
MEM-03800,20,M,SOUTH,
MEM-03801,74,F,EAST,
MEM-03802,15,M,NORTH,
MEM-03803,12,F,SOUTH,
MEM-03804,65,M,SOUTH,
MEM-03805,53,F,NORTH,
MEM-03806,82,F,NORTH,
MEM-03807,21,M,NORTH,
MEM-03808,7,F,NORTH,
MEM-03809,66,M,NORTH,
MEM-03810,60,F,NORTH,
MEM-03811,31,F,SOUTH,
MEM-03812,27,M,NORTH,
MEM-03813,20,F,NORTH,
MEM-03814,53,F,WEST,
MEM-03815,66,M,SOUTH,
MEM-03816,63,M,NORTH,
MEM-03817,52,F,WEST,
MEM-03818,42,M,WEST,
MEM-03819,31,M,NORTH,
MEM-03820,29,M,EAST,
MEM-03821,75,F,WEST,
MEM-03822,22,F,NORTH,
MEM-03823,24,F,NORTH,
MEM-03824,36,M,SOUTH,
MEM-03825,33,F,WEST,
MEM-03826,37,M,EAST,
MEM-03827,58,F,NORTH,
MEM-03828,47,F,EAST,
MEM-03829,46,M,NORTH,
MEM-03830,44,F,EAST,
MEM-03831,51,M,WEST,
MEM-03832,31,F,NORTH,
MEM-03833,34,M,EAST,
MEM-03834,47,F,WEST,
MEM-03835,29,F,WEST,
MEM-03836,52,M,NORTH,
MEM-03837,17,M,WEST,
MEM-03838,39,M,EAST,
MEM-03839,20,F,EAST,2025-09-19
MEM-03840,33,F,NORTH,
MEM-03841,52,F,NORTH,
MEM-03842,34,F,WEST,
MEM-03843,53,M,SOUTH,
MEM-03844,56,M,SOUTH,
MEM-03845,43,F,SOUTH,
MEM-03846,48,F,SOUTH,
MEM-03847,44,F,SOUTH,
MEM-03848,44,M,EAST,
MEM-03849,73,F,SOUTH,
MEM-03850,27,M,WEST,
MEM-03851,24,F,WEST,
MEM-03852,7,F,EAST,
MEM-03853,39,F,EAST,
MEM-03854,30,F,EAST,
MEM-03855,29,F,NORTH,
MEM-03856,24,F,NORTH,
MEM-03857,51,M,EAST,
MEM-03858,26,F,SOUTH,
MEM-03859,71,M,EAST,
MEM-03860,46,F,WEST,
MEM-03861,32,F,EAST,
MEM-03862,67,F,SOUTH,
MEM-03863,29,M,NORTH,
MEM-03864,44,F,EAST,
MEM-03865,38,F,SOUTH,
MEM-03866,47,M,NORTH,
MEM-03867,90,F,NORTH,
MEM-03868,41,M,NORTH,
MEM-03869,28,F,NORTH,
MEM-03870,34,M,SOUTH,
MEM-03871,82,M,WEST,
MEM-03872,66,F,NORTH,
MEM-03873,76,M,EAST,
MEM-03874,11,M,WEST,
MEM-03875,57,M,WEST,
MEM-03876,43,F,WEST,
MEM-03877,26,F,SOUTH,
MEM-03878,18,M,WEST,
MEM-03879,27,M,NORTH,2025-12-10
MEM-03880,40,M,WEST,
MEM-03881,34,M,EAST,
MEM-03882,26,F,EAST,
MEM-03883,53,M,EAST,
MEM-03884,27,F,WEST,
MEM-03885,70,F,NORTH,
MEM-03886,20,M,WEST,
MEM-03887,40,M,EAST,
MEM-03888,32,M,NORTH,
MEM-03889,28,M,NORTH,
MEM-03890,24,M,WEST,
MEM-03891,30,M,SOUTH,
MEM-03892,18,M,SOUTH,
MEM-03893,95,M,SOUTH,
MEM-03894,51,M,SOUTH,
MEM-03895,47,M,WEST,
MEM-03896,39,F,SOUTH,
MEM-03897,43,M,SOUTH,
MEM-03898,51,M,EAST,
MEM-03899,33,F,SOUTH,
MEM-03900,85,F,SOUTH,
MEM-03901,18,F,NORTH,
MEM-03902,29,F,WEST,
MEM-03903,60,M,EAST,
MEM-03904,23,F,WEST,
MEM-03905,33,M,SOUTH,
MEM-03906,34,F,WEST,
MEM-03907,72,M,NORTH,
MEM-03908,65,M,WEST,
MEM-03909,95,M,NORTH,
MEM-03910,13,F,SOUTH,
MEM-03911,16,F,SOUTH,
MEM-03912,38,M,SOUTH,
MEM-03913,9,M,NORTH,
MEM-03914,29,F,NORTH,
MEM-03915,46,M,WEST,
MEM-03916,52,M,SOUTH,
MEM-03917,26,M,NORTH,
MEM-03918,52,F,NORTH,
MEM-03919,52,F,EAST,
MEM-03920,64,F,WEST,
MEM-03921,41,M,NORTH,
MEM-03922,12,F,SOUTH,
MEM-03923,43,F,SOUTH,
MEM-03924,67,M,EAST,
MEM-03925,27,M,SOUTH,
MEM-03926,32,M,WEST,
MEM-03927,16,M,EAST,
MEM-03928,32,M,SOUTH,
MEM-03929,34,M,EAST,
MEM-03930,24,M,SOUTH,
MEM-03931,26,M,WEST,
MEM-03932,38,M,WEST,
MEM-03933,43,F,EAST,
MEM-03934,66,F,SOUTH,
MEM-03935,52,M,SOUTH,
MEM-03936,52,F,WEST,
MEM-03937,43,F,EAST,
MEM-03938,95,M,EAST,
MEM-03939,26,M,WEST,
MEM-03940,42,F,EAST,
MEM-03941,30,M,SOUTH,
MEM-03942,28,M,NORTH,
MEM-03943,36,M,WEST,
MEM-03944,54,F,EAST,
MEM-03945,69,M,SOUTH,
MEM-03946,32,M,NORTH,
MEM-03947,50,F,EAST,
MEM-03948,82,F,EAST,
MEM-03949,31,M,EAST,
MEM-03950,63,F,EAST,
MEM-03951,19,F,WEST,
MEM-03952,12,M,EAST,
MEM-03953,48,M,EAST,
MEM-03954,61,M,EAST,
MEM-03955,29,M,NORTH,
MEM-03956,32,M,SOUTH,
MEM-03957,57,M,WEST,
MEM-03958,16,M,EAST,
MEM-03959,55,M,SOUTH,
MEM-03960,39,F,NORTH,
MEM-03961,43,F,SOUTH,
MEM-03962,45,F,EAST,
MEM-03963,22,F,SOUTH,
MEM-03964,69,F,WEST,
MEM-03965,74,F,SOUTH,
MEM-03966,92,F,WEST,
MEM-03967,45,M,NORTH,
MEM-03968,37,M,NORTH,
MEM-03969,35,F,NORTH,
MEM-03970,61,F,WEST,
MEM-03971,64,M,SOUTH,
MEM-03972,26,F,SOUTH,
MEM-03973,48,M,NORTH,
MEM-03974,58,M,EAST,
MEM-03975,18,M,WEST,
MEM-03976,29,M,SOUTH,
MEM-03977,29,M,WEST,
MEM-03978,30,F,SOUTH,
MEM-03979,22,M,WEST,
MEM-03980,56,M,SOUTH,
MEM-03981,38,M,NORTH,
MEM-03982,32,F,WEST,
MEM-03983,25,M,WEST,
MEM-03984,18,F,WEST,
MEM-03985,42,F,SOUTH,
MEM-03986,26,M,EAST,
MEM-03987,53,F,NORTH,
MEM-03988,37,M,WEST,
MEM-03989,95,M,EAST,
MEM-03990,77,M,WEST,
MEM-03991,42,M,WEST,
MEM-03992,68,F,NORTH,
MEM-03993,24,M,NORTH,
MEM-03994,23,F,WEST,
MEM-03995,52,M,WEST,
MEM-03996,83,M,EAST,
MEM-03997,44,M,SOUTH,
MEM-03998,26,M,NORTH,
MEM-03999,35,F,SOUTH,
MEM-04000,36,M,WEST,
MEM-04001,44,F,EAST,
MEM-04002,54,F,SOUTH,
MEM-04003,25,F,NORTH,
MEM-04004,32,M,SOUTH,
MEM-04005,25,F,EAST,
MEM-04006,44,M,NORTH,
MEM-04007,52,F,SOUTH,
MEM-04008,49,F,NORTH,
MEM-04009,18,F,SOUTH,
MEM-04010,61,F,SOUTH,
MEM-04011,94,F,WEST,
MEM-04012,17,M,SOUTH,
MEM-04013,25,F,SOUTH,
MEM-04014,38,F,EAST,
MEM-04015,93,F,WEST,
MEM-04016,24,M,SOUTH,
MEM-04017,39,F,WEST,
MEM-04018,56,F,NORTH,
MEM-04019,19,F,WEST,
MEM-04020,79,F,SOUTH,
MEM-04021,95,F,SOUTH,
MEM-04022,7,F,NORTH,
MEM-04023,26,F,EAST,
MEM-04024,51,F,WEST,
MEM-04025,13,M,WEST,
MEM-04026,27,M,NORTH,
MEM-04027,52,M,SOUTH,
MEM-04028,32,M,WEST,
MEM-04029,30,M,SOUTH,
MEM-04030,74,M,WEST,
MEM-04031,55,F,NORTH,
MEM-04032,16,F,SOUTH,
MEM-04033,25,M,WEST,
MEM-04034,95,F,NORTH,
MEM-04035,14,M,NORTH,
MEM-04036,15,M,WEST,
MEM-04037,55,F,SOUTH,
MEM-04038,46,F,WEST,
MEM-04039,37,F,WEST,
MEM-04040,36,M,EAST,
MEM-04041,43,M,SOUTH,
MEM-04042,26,M,SOUTH,
MEM-04043,27,F,WEST,
MEM-04044,74,F,WEST,
MEM-04045,36,M,EAST,
MEM-04046,14,M,SOUTH,
MEM-04047,29,M,WEST,
MEM-04048,69,F,NORTH,
MEM-04049,22,F,WEST,
MEM-04050,39,F,WEST,
MEM-04051,19,M,NORTH,
MEM-04052,36,F,NORTH,
MEM-04053,71,F,NORTH,
MEM-04054,32,F,SOUTH,
MEM-04055,83,F,SOUTH,
MEM-04056,57,F,WEST,
MEM-04057,51,F,NORTH,
MEM-04058,27,M,NORTH,
MEM-04059,41,M,EAST,
MEM-04060,64,M,WEST,
MEM-04061,80,F,EAST,
MEM-04062,57,M,EAST,
MEM-04063,20,F,SOUTH,
MEM-04064,77,F,EAST,
MEM-04065,93,M,EAST,
MEM-04066,36,M,WEST,
MEM-04067,38,F,SOUTH,
MEM-04068,39,M,NORTH,
MEM-04069,23,M,WEST,
MEM-04070,12,F,EAST,
MEM-04071,21,F,NORTH,
MEM-04072,30,F,WEST,
MEM-04073,26,F,WEST,
MEM-04074,21,F,NORTH,
MEM-04075,30,M,EAST,
MEM-04076,57,M,EAST,
MEM-04077,30,F,SOUTH,
MEM-04078,62,F,EAST,
MEM-04079,36,F,NORTH,
MEM-04080,49,F,WEST,
MEM-04081,78,M,EAST,
MEM-04082,53,M,EAST,
MEM-04083,15,M,EAST,2026-01-19
MEM-04084,34,F,NORTH,
MEM-04085,33,F,NORTH,
MEM-04086,10,M,SOUTH,
MEM-04087,28,M,EAST,
MEM-04088,76,F,WEST,
MEM-04089,73,F,NORTH,
MEM-04090,33,F,WEST,
MEM-04091,40,M,EAST,
MEM-04092,50,M,NORTH,
MEM-04093,12,F,NORTH,
MEM-04094,51,F,NORTH,
MEM-04095,51,F,WEST,
MEM-04096,20,F,SOUTH,
MEM-04097,20,M,EAST,
MEM-04098,38,M,WEST,
MEM-04099,19,F,EAST,
MEM-04100,70,F,EAST,
MEM-04101,11,F,NORTH,
MEM-04102,46,M,EAST,
MEM-04103,26,M,NORTH,
MEM-04104,25,M,WEST,
MEM-04105,42,F,EAST,
MEM-04106,8,M,WEST,
MEM-04107,38,F,EAST,
MEM-04108,26,F,EAST,
MEM-04109,53,M,SOUTH,
MEM-04110,23,M,NORTH,
MEM-04111,13,M,WEST,2026-01-20
MEM-04112,84,M,WEST,
MEM-04113,15,F,SOUTH,
MEM-04114,55,F,EAST,
MEM-04115,31,M,EAST,
MEM-04116,59,F,WEST,
MEM-04117,28,F,SOUTH,
MEM-04118,63,F,EAST,
MEM-04119,37,M,NORTH,
MEM-04120,29,F,SOUTH,
MEM-04121,33,M,SOUTH,
MEM-04122,39,M,NORTH,
MEM-04123,36,F,SOUTH,
MEM-04124,29,M,NORTH,
MEM-04125,42,M,SOUTH,
MEM-04126,57,M,WEST,
MEM-04127,37,F,SOUTH,
MEM-04128,38,M,SOUTH,
MEM-04129,95,M,EAST,
MEM-04130,38,F,NORTH,
MEM-04131,64,M,SOUTH,
MEM-04132,66,M,EAST,
MEM-04133,64,F,EAST,
MEM-04134,29,M,EAST,
MEM-04135,24,M,EAST,
MEM-04136,30,F,EAST,
MEM-04137,33,M,EAST,
MEM-04138,40,F,EAST,
MEM-04139,80,F,EAST,
MEM-04140,86,M,NORTH,
MEM-04141,15,F,WEST,
MEM-04142,75,M,SOUTH,
MEM-04143,47,M,SOUTH,
MEM-04144,23,M,NORTH,
MEM-04145,35,F,WEST,
MEM-04146,49,F,NORTH,
MEM-04147,95,F,EAST,
MEM-04148,27,M,WEST,2026-02-26
MEM-04149,14,F,NORTH,
MEM-04150,35,M,SOUTH,
MEM-04151,13,M,WEST,
MEM-04152,91,F,WEST,
MEM-04153,27,F,WEST,
MEM-04154,21,F,SOUTH,
MEM-04155,52,M,EAST,
MEM-04156,40,F,SOUTH,
MEM-04157,47,F,EAST,
MEM-04158,47,M,WEST,
MEM-04159,37,F,NORTH,
MEM-04160,26,M,NORTH,
MEM-04161,95,M,SOUTH,
MEM-04162,23,M,EAST,
MEM-04163,67,F,WEST,
MEM-04164,34,F,WEST,
MEM-04165,11,M,WEST,
MEM-04166,54,M,SOUTH,
MEM-04167,36,M,SOUTH,
MEM-04168,72,M,EAST,
MEM-04169,54,M,NORTH,
MEM-04170,48,M,EAST,
MEM-04171,80,M,EAST,
MEM-04172,32,F,EAST,
MEM-04173,84,F,SOUTH,
MEM-04174,35,M,WEST,
MEM-04175,23,M,NORTH,
MEM-04176,41,F,NORTH,
MEM-04177,54,M,NORTH,
MEM-04178,79,M,EAST,
MEM-04179,47,F,WEST,
MEM-04180,27,M,NORTH,
MEM-04181,24,M,NORTH,
MEM-04182,35,F,SOUTH,
MEM-04183,49,F,WEST,
MEM-04184,49,M,SOUTH,
MEM-04185,38,F,NORTH,
MEM-04186,15,M,SOUTH,
MEM-04187,56,F,SOUTH,
MEM-04188,33,M,SOUTH,
MEM-04189,66,M,SOUTH,
MEM-04190,19,M,EAST,
MEM-04191,32,F,NORTH,
MEM-04192,44,M,NORTH,
MEM-04193,7,M,EAST,
MEM-04194,58,F,EAST,
MEM-04195,36,F,EAST,
MEM-04196,79,F,WEST,
MEM-04197,42,F,EAST,
MEM-04198,27,F,EAST,
MEM-04199,32,F,EAST,
MEM-04200,69,M,SOUTH,
MEM-04201,25,M,EAST,
MEM-04202,23,M,SOUTH,
MEM-04203,32,F,EAST,
MEM-04204,59,M,EAST,
MEM-04205,26,M,WEST,
MEM-04206,71,M,NORTH,
MEM-04207,37,F,WEST,
MEM-04208,33,F,NORTH,
MEM-04209,39,F,SOUTH,
MEM-04210,23,M,NORTH,
MEM-04211,36,M,WEST,
MEM-04212,44,F,EAST,
MEM-04213,36,F,WEST,
MEM-04214,29,M,WEST,
MEM-04215,46,M,NORTH,
MEM-04216,40,F,SOUTH,
MEM-04217,25,F,SOUTH,
MEM-04218,63,M,EAST,
MEM-04219,95,M,WEST,
MEM-04220,54,F,SOUTH,
MEM-04221,57,F,EAST,
MEM-04222,32,F,EAST,
MEM-04223,65,M,EAST,
MEM-04224,52,F,NORTH,
MEM-04225,52,F,NORTH,
MEM-04226,49,M,EAST,
MEM-04227,71,M,NORTH,
MEM-04228,17,M,SOUTH,
MEM-04229,83,F,NORTH,
MEM-04230,56,M,WEST,
MEM-04231,26,M,EAST,
MEM-04232,42,F,NORTH,
MEM-04233,28,F,SOUTH,
MEM-04234,19,M,SOUTH,
MEM-04235,70,F,NORTH,
MEM-04236,31,F,WEST,
MEM-04237,50,M,WEST,
MEM-04238,21,F,WEST,
MEM-04239,95,F,NORTH,
MEM-04240,33,F,WEST,
MEM-04241,95,F,WEST,
MEM-04242,42,F,SOUTH,
MEM-04243,32,F,NORTH,
MEM-04244,95,M,SOUTH,
MEM-04245,30,F,NORTH,
MEM-04246,43,M,SOUTH,
MEM-04247,43,F,SOUTH,
MEM-04248,30,F,NORTH,
MEM-04249,48,M,EAST,
MEM-04250,38,F,NORTH,
MEM-04251,69,F,SOUTH,
MEM-04252,17,M,SOUTH,
MEM-04253,95,F,NORTH,
MEM-04254,45,F,WEST,
MEM-04255,41,F,SOUTH,
MEM-04256,41,F,NORTH,
MEM-04257,90,M,NORTH,
MEM-04258,21,M,EAST,
MEM-04259,33,M,NORTH,
MEM-04260,44,M,WEST,
MEM-04261,20,M,SOUTH,
MEM-04262,56,F,SOUTH,
MEM-04263,21,M,NORTH,
MEM-04264,70,F,NORTH,
MEM-04265,40,M,NORTH,
MEM-04266,71,F,SOUTH,
MEM-04267,51,M,SOUTH,
MEM-04268,29,F,SOUTH,
MEM-04269,62,F,NORTH,
MEM-04270,58,F,EAST,
MEM-04271,22,M,SOUTH,
MEM-04272,52,M,WEST,
MEM-04273,56,M,NORTH,
MEM-04274,44,M,NORTH,
MEM-04275,31,F,EAST,
MEM-04276,40,F,EAST,
MEM-04277,27,F,NORTH,
MEM-04278,63,F,WEST,
MEM-04279,19,F,WEST,
MEM-04280,76,F,SOUTH,
MEM-04281,45,M,SOUTH,
MEM-04282,38,F,EAST,
MEM-04283,34,F,NORTH,
MEM-04284,40,M,SOUTH,
MEM-04285,15,F,NORTH,
MEM-04286,33,F,NORTH,
MEM-04287,31,M,WEST,
MEM-04288,45,F,SOUTH,
MEM-04289,57,F,WEST,
MEM-04290,26,M,WEST,
MEM-04291,31,F,EAST,
MEM-04292,46,F,SOUTH,
MEM-04293,15,M,WEST,
MEM-04294,35,F,SOUTH,
MEM-04295,18,F,EAST,
MEM-04296,25,M,WEST,
MEM-04297,27,F,WEST,
MEM-04298,28,M,NORTH,
MEM-04299,38,F,WEST,
MEM-04300,72,F,WEST,
MEM-04301,40,M,WEST,
MEM-04302,39,F,WEST,
MEM-04303,11,F,NORTH,
MEM-04304,27,M,EAST,
MEM-04305,23,F,SOUTH,
MEM-04306,11,F,NORTH,
MEM-04307,12,M,NORTH,
MEM-04308,26,F,WEST,
MEM-04309,25,M,SOUTH,
MEM-04310,31,F,WEST,
MEM-04311,71,F,SOUTH,
MEM-04312,18,M,WEST,
MEM-04313,38,F,NORTH,
MEM-04314,25,F,EAST,
MEM-04315,12,F,SOUTH,
MEM-04316,95,M,SOUTH,
MEM-04317,33,M,SOUTH,
MEM-04318,36,F,NORTH,
MEM-04319,40,F,EAST,
MEM-04320,13,M,SOUTH,
MEM-04321,28,M,SOUTH,
MEM-04322,39,F,EAST,
MEM-04323,74,M,EAST,
MEM-04324,55,F,EAST,
MEM-04325,72,F,EAST,
MEM-04326,84,M,NORTH,
MEM-04327,29,M,NORTH,
MEM-04328,13,M,EAST,
MEM-04329,56,M,SOUTH,
MEM-04330,31,F,NORTH,
MEM-04331,41,M,NORTH,
MEM-04332,64,M,SOUTH,
MEM-04333,58,M,EAST,
MEM-04334,60,F,NORTH,
MEM-04335,95,M,NORTH,
MEM-04336,51,F,EAST,
MEM-04337,51,M,NORTH,
MEM-04338,34,M,NORTH,
MEM-04339,41,M,WEST,
MEM-04340,64,M,WEST,
MEM-04341,22,F,WEST,
MEM-04342,40,M,SOUTH,
MEM-04343,32,F,SOUTH,
MEM-04344,89,F,WEST,
MEM-04345,28,F,EAST,
MEM-04346,41,F,SOUTH,
MEM-04347,45,F,EAST,
MEM-04348,50,F,WEST,
MEM-04349,25,F,NORTH,
MEM-04350,45,F,EAST,
MEM-04351,14,F,EAST,
MEM-04352,64,M,SOUTH,
MEM-04353,28,M,WEST,
MEM-04354,39,F,NORTH,
MEM-04355,11,M,SOUTH,
MEM-04356,76,F,SOUTH,
MEM-04357,41,M,WEST,
MEM-04358,16,M,WEST,
MEM-04359,90,F,EAST,
MEM-04360,16,F,NORTH,
MEM-04361,59,F,WEST,
MEM-04362,29,F,SOUTH,
MEM-04363,81,F,SOUTH,
MEM-04364,38,M,SOUTH,
MEM-04365,21,M,SOUTH,
MEM-04366,54,F,SOUTH,
MEM-04367,23,F,NORTH,
MEM-04368,38,M,NORTH,
MEM-04369,44,F,SOUTH,
MEM-04370,59,M,WEST,
MEM-04371,95,M,NORTH,
MEM-04372,21,M,SOUTH,
MEM-04373,70,M,WEST,
MEM-04374,77,M,EAST,
MEM-04375,44,M,NORTH,
MEM-04376,55,F,EAST,
MEM-04377,36,M,NORTH,
MEM-04378,47,M,EAST,
MEM-04379,56,F,EAST,
MEM-04380,48,F,EAST,
MEM-04381,38,M,EAST,
MEM-04382,42,F,WEST,
MEM-04383,40,M,WEST,
MEM-04384,25,M,EAST,2026-02-09
MEM-04385,30,M,EAST,
MEM-04386,49,F,SOUTH,
MEM-04387,30,F,WEST,
MEM-04388,57,M,NORTH,
MEM-04389,76,F,WEST,
MEM-04390,31,F,EAST,
MEM-04391,42,M,EAST,
MEM-04392,14,M,WEST,
MEM-04393,41,F,SOUTH,
MEM-04394,72,M,NORTH,
MEM-04395,27,M,NORTH,
MEM-04396,23,F,EAST,
MEM-04397,43,F,NORTH,
MEM-04398,57,F,EAST,
MEM-04399,23,F,WEST,
MEM-04400,45,M,WEST,
MEM-04401,17,F,SOUTH,
MEM-04402,16,F,SOUTH,
MEM-04403,86,F,EAST,
MEM-04404,12,F,WEST,
MEM-04405,37,F,SOUTH,
MEM-04406,86,F,WEST,
MEM-04407,24,F,EAST,
MEM-04408,36,M,EAST,
MEM-04409,34,F,EAST,
MEM-04410,36,F,SOUTH,
MEM-04411,46,M,WEST,
MEM-04412,34,F,SOUTH,
MEM-04413,16,F,SOUTH,
MEM-04414,95,M,NORTH,
MEM-04415,40,M,EAST,
MEM-04416,59,F,SOUTH,
MEM-04417,49,M,NORTH,
MEM-04418,39,M,NORTH,
MEM-04419,45,M,WEST,
MEM-04420,53,F,SOUTH,
MEM-04421,43,F,SOUTH,
MEM-04422,91,M,WEST,
MEM-04423,73,F,NORTH,
MEM-04424,42,F,NORTH,
MEM-04425,95,F,EAST,
MEM-04426,23,M,SOUTH,
MEM-04427,28,M,WEST,
MEM-04428,29,M,SOUTH,
MEM-04429,14,F,NORTH,
MEM-04430,19,M,EAST,
MEM-04431,17,M,WEST,
MEM-04432,67,F,EAST,
MEM-04433,56,F,EAST,
MEM-04434,45,M,NORTH,
MEM-04435,47,F,SOUTH,
MEM-04436,43,F,WEST,
MEM-04437,59,M,NORTH,
MEM-04438,55,M,EAST,
MEM-04439,30,F,WEST,
MEM-04440,62,M,SOUTH,
MEM-04441,50,F,NORTH,
MEM-04442,15,M,NORTH,
MEM-04443,45,F,SOUTH,
MEM-04444,57,F,NORTH,
MEM-04445,50,M,NORTH,
MEM-04446,22,F,NORTH,
MEM-04447,20,M,EAST,
MEM-04448,47,F,EAST,
MEM-04449,95,M,EAST,
MEM-04450,60,M,SOUTH,
MEM-04451,56,F,WEST,
MEM-04452,19,M,SOUTH,
MEM-04453,30,M,SOUTH,
MEM-04454,29,M,NORTH,
MEM-04455,19,F,SOUTH,
MEM-04456,12,F,NORTH,
MEM-04457,25,F,WEST,
MEM-04458,21,M,EAST,
MEM-04459,37,M,EAST,
MEM-04460,17,F,EAST,
MEM-04461,76,M,NORTH,
MEM-04462,24,F,WEST,
MEM-04463,80,F,SOUTH,
MEM-04464,27,F,SOUTH,
MEM-04465,59,F,EAST,
MEM-04466,44,M,WEST,
MEM-04467,17,M,SOUTH,
MEM-04468,50,M,NORTH,
MEM-04469,36,F,WEST,
MEM-04470,64,F,WEST,
MEM-04471,88,F,WEST,
MEM-04472,55,F,EAST,
MEM-04473,30,F,WEST,
MEM-04474,66,M,WEST,
MEM-04475,39,M,NORTH,
MEM-04476,20,M,NORTH,
MEM-04477,60,M,EAST,
MEM-04478,23,M,EAST,
MEM-04479,67,F,EAST,
MEM-04480,38,F,WEST,
MEM-04481,58,F,WEST,
MEM-04482,50,F,SOUTH,
MEM-04483,72,M,NORTH,
MEM-04484,95,F,WEST,
MEM-04485,30,F,WEST,
MEM-04486,71,F,SOUTH,
MEM-04487,40,F,EAST,
MEM-04488,78,F,WEST,
MEM-04489,24,M,EAST,
MEM-04490,30,F,WEST,
MEM-04491,90,M,NORTH,
MEM-04492,30,M,NORTH,
MEM-04493,34,M,SOUTH,
MEM-04494,61,M,SOUTH,
MEM-04495,38,F,SOUTH,
MEM-04496,58,F,SOUTH,
MEM-04497,35,F,WEST,
MEM-04498,35,F,NORTH,
MEM-04499,35,M,NORTH,
MEM-04500,31,F,SOUTH,
MEM-04501,21,F,NORTH,
MEM-04502,40,M,NORTH,
MEM-04503,44,M,WEST,
MEM-04504,45,F,SOUTH,
MEM-04505,25,F,SOUTH,
MEM-04506,49,F,SOUTH,
MEM-04507,46,F,SOUTH,
MEM-04508,28,F,EAST,
MEM-04509,71,F,EAST,
MEM-04510,41,F,EAST,
MEM-04511,44,F,WEST,
MEM-04512,50,M,SOUTH,
MEM-04513,61,F,NORTH,
MEM-04514,53,M,EAST,
MEM-04515,33,F,SOUTH,
MEM-04516,41,F,NORTH,
MEM-04517,21,F,EAST,
MEM-04518,85,M,NORTH,
MEM-04519,31,M,WEST,
MEM-04520,55,F,EAST,
MEM-04521,17,M,EAST,
MEM-04522,46,M,EAST,
MEM-04523,54,M,WEST,
MEM-04524,28,F,WEST,
MEM-04525,31,M,SOUTH,
MEM-04526,39,M,SOUTH,
MEM-04527,32,M,WEST,
MEM-04528,41,M,EAST,
MEM-04529,26,M,EAST,
MEM-04530,28,F,SOUTH,
MEM-04531,43,M,SOUTH,
MEM-04532,55,F,SOUTH,
MEM-04533,46,M,WEST,
MEM-04534,17,M,WEST,
MEM-04535,34,M,WEST,
MEM-04536,61,M,NORTH,
MEM-04537,56,M,NORTH,
MEM-04538,23,F,SOUTH,
MEM-04539,20,F,NORTH,
MEM-04540,22,F,SOUTH,
MEM-04541,20,F,EAST,
MEM-04542,65,F,WEST,
MEM-04543,39,M,NORTH,
MEM-04544,75,M,WEST,
MEM-04545,36,F,SOUTH,
MEM-04546,20,F,SOUTH,
MEM-04547,26,M,SOUTH,
MEM-04548,34,F,NORTH,
MEM-04549,23,M,EAST,
MEM-04550,82,M,NORTH,
MEM-04551,50,F,EAST,
MEM-04552,28,F,EAST,
MEM-04553,32,M,WEST,
MEM-04554,46,M,SOUTH,
MEM-04555,34,M,SOUTH,
MEM-04556,20,M,NORTH,
MEM-04557,11,F,WEST,
MEM-04558,59,F,NORTH,
MEM-04559,54,F,NORTH,
MEM-04560,36,F,EAST,
MEM-04561,40,M,NORTH,
MEM-04562,51,F,SOUTH,
MEM-04563,50,M,NORTH,
MEM-04564,60,M,EAST,
MEM-04565,56,F,SOUTH,
MEM-04566,69,F,SOUTH,
MEM-04567,32,M,WEST,
MEM-04568,38,F,NORTH,
MEM-04569,76,F,SOUTH,
MEM-04570,46,F,NORTH,
MEM-04571,37,F,EAST,
MEM-04572,95,F,WEST,
MEM-04573,63,M,WEST,
MEM-04574,39,M,SOUTH,
MEM-04575,40,M,WEST,
MEM-04576,53,M,EAST,
MEM-04577,33,F,WEST,
MEM-04578,40,M,NORTH,
MEM-04579,25,M,SOUTH,
MEM-04580,52,M,SOUTH,
MEM-04581,51,M,NORTH,
MEM-04582,95,M,NORTH,
MEM-04583,32,M,EAST,
MEM-04584,37,M,SOUTH,
MEM-04585,31,M,EAST,
MEM-04586,35,F,SOUTH,
MEM-04587,48,F,NORTH,
MEM-04588,59,M,NORTH,
MEM-04589,91,F,WEST,
MEM-04590,48,F,EAST,
MEM-04591,95,M,SOUTH,
MEM-04592,24,F,WEST,
MEM-04593,45,F,SOUTH,
MEM-04594,33,F,EAST,
MEM-04595,20,M,WEST,
MEM-04596,60,M,SOUTH,
MEM-04597,10,F,SOUTH,
MEM-04598,74,M,EAST,
MEM-04599,29,M,SOUTH,
MEM-04600,33,M,NORTH,
MEM-04601,28,F,EAST,
MEM-04602,17,F,SOUTH,
MEM-04603,44,M,EAST,
MEM-04604,30,F,WEST,
MEM-04605,50,M,WEST,
MEM-04606,70,F,WEST,
MEM-04607,22,F,EAST,
MEM-04608,32,M,EAST,
MEM-04609,20,F,EAST,
MEM-04610,31,F,WEST,
MEM-04611,19,F,WEST,
MEM-04612,48,M,SOUTH,
MEM-04613,49,M,SOUTH,
MEM-04614,92,F,NORTH,
MEM-04615,64,M,NORTH,
MEM-04616,65,F,SOUTH,
MEM-04617,51,M,WEST,
MEM-04618,95,F,NORTH,
MEM-04619,17,M,WEST,
MEM-04620,47,M,SOUTH,
MEM-04621,46,F,EAST,
MEM-04622,35,F,EAST,
MEM-04623,28,F,WEST,
MEM-04624,62,F,WEST,
MEM-04625,37,F,EAST,
MEM-04626,51,F,EAST,
MEM-04627,37,M,SOUTH,
MEM-04628,37,M,EAST,
MEM-04629,34,M,NORTH,
MEM-04630,27,F,SOUTH,
MEM-04631,82,M,NORTH,
MEM-04632,46,M,NORTH,
MEM-04633,55,F,NORTH,
MEM-04634,37,M,SOUTH,
MEM-04635,47,M,SOUTH,
MEM-04636,28,M,SOUTH,
MEM-04637,67,F,NORTH,
MEM-04638,34,M,SOUTH,
MEM-04639,95,F,WEST,
MEM-04640,18,F,NORTH,
MEM-04641,69,F,WEST,
MEM-04642,46,M,WEST,
MEM-04643,26,F,WEST,
MEM-04644,63,F,EAST,
MEM-04645,56,F,WEST,
MEM-04646,16,F,EAST,
MEM-04647,62,F,NORTH,
MEM-04648,94,M,NORTH,
MEM-04649,18,M,SOUTH,
MEM-04650,49,M,WEST,
MEM-04651,32,M,EAST,
MEM-04652,41,M,NORTH,
MEM-04653,41,F,WEST,
MEM-04654,41,F,NORTH,
MEM-04655,20,F,WEST,
MEM-04656,59,M,EAST,
MEM-04657,43,F,WEST,
MEM-04658,34,M,NORTH,
MEM-04659,72,M,WEST,
MEM-04660,60,M,EAST,
MEM-04661,28,M,NORTH,
MEM-04662,45,M,NORTH,
MEM-04663,67,F,SOUTH,
MEM-04664,47,M,WEST,
MEM-04665,34,F,EAST,
MEM-04666,53,F,NORTH,
MEM-04667,51,F,NORTH,
MEM-04668,38,M,WEST,
MEM-04669,18,M,NORTH,
MEM-04670,16,F,NORTH,
MEM-04671,39,F,EAST,
MEM-04672,33,M,NORTH,
MEM-04673,50,M,WEST,
MEM-04674,62,M,SOUTH,
MEM-04675,57,F,SOUTH,
MEM-04676,88,F,NORTH,
MEM-04677,82,F,WEST,
MEM-04678,24,M,WEST,
MEM-04679,33,M,EAST,
MEM-04680,36,M,EAST,
MEM-04681,13,F,EAST,
MEM-04682,86,M,SOUTH,
MEM-04683,32,M,NORTH,
MEM-04684,41,F,NORTH,
MEM-04685,50,F,WEST,
MEM-04686,32,M,SOUTH,
MEM-04687,41,F,SOUTH,
MEM-04688,12,F,EAST,
MEM-04689,53,M,WEST,
MEM-04690,43,M,WEST,
MEM-04691,53,M,SOUTH,
MEM-04692,55,M,NORTH,
MEM-04693,27,M,EAST,
MEM-04694,18,M,NORTH,
MEM-04695,30,M,NORTH,
MEM-04696,57,F,SOUTH,
MEM-04697,10,F,SOUTH,
MEM-04698,24,M,SOUTH,
MEM-04699,48,M,SOUTH,
MEM-04700,15,F,SOUTH,
MEM-04701,50,F,SOUTH,
MEM-04702,67,M,EAST,
MEM-04703,48,F,SOUTH,
MEM-04704,41,F,EAST,
MEM-04705,85,M,EAST,
MEM-04706,27,F,SOUTH,
MEM-04707,54,F,NORTH,
MEM-04708,24,F,NORTH,
MEM-04709,39,M,EAST,
MEM-04710,27,M,WEST,
MEM-04711,22,F,SOUTH,
MEM-04712,23,M,EAST,
MEM-04713,33,F,SOUTH,
MEM-04714,17,F,NORTH,
MEM-04715,22,F,WEST,
MEM-04716,65,M,SOUTH,
MEM-04717,38,F,SOUTH,
MEM-04718,16,M,EAST,
MEM-04719,38,M,WEST,
MEM-04720,27,F,NORTH,
MEM-04721,54,M,WEST,
MEM-04722,18,F,NORTH,
MEM-04723,50,M,NORTH,
MEM-04724,22,M,NORTH,
MEM-04725,86,F,NORTH,
MEM-04726,42,M,NORTH,
MEM-04727,38,M,WEST,
MEM-04728,67,F,WEST,
MEM-04729,64,M,SOUTH,
MEM-04730,67,F,EAST,
MEM-04731,38,M,EAST,
MEM-04732,61,F,NORTH,
MEM-04733,34,M,EAST,
MEM-04734,88,F,WEST,
MEM-04735,25,M,SOUTH,
MEM-04736,51,M,EAST,
MEM-04737,18,M,EAST,
MEM-04738,15,M,NORTH,
MEM-04739,35,M,NORTH,
MEM-04740,72,M,SOUTH,
MEM-04741,36,M,EAST,
MEM-04742,15,F,EAST,
MEM-04743,48,M,EAST,
MEM-04744,48,M,SOUTH,
MEM-04745,24,F,SOUTH,
MEM-04746,28,F,EAST,
MEM-04747,59,M,WEST,
MEM-04748,51,M,NORTH,
MEM-04749,86,F,EAST,
MEM-04750,46,M,NORTH,
MEM-04751,68,F,EAST,
MEM-04752,22,M,SOUTH,
MEM-04753,24,F,WEST,
MEM-04754,52,M,WEST,
MEM-04755,25,M,WEST,
MEM-04756,59,M,WEST,
MEM-04757,45,F,NORTH,
MEM-04758,27,M,NORTH,
MEM-04759,31,F,WEST,
MEM-04760,46,F,NORTH,
MEM-04761,26,M,EAST,
MEM-04762,84,M,SOUTH,
MEM-04763,22,F,EAST,
MEM-04764,7,M,EAST,
MEM-04765,79,M,EAST,
MEM-04766,70,M,NORTH,
MEM-04767,95,F,WEST,
MEM-04768,60,F,NORTH,
MEM-04769,35,M,EAST,
MEM-04770,25,M,NORTH,
MEM-04771,55,F,NORTH,
MEM-04772,44,M,NORTH,
MEM-04773,21,F,NORTH,
MEM-04774,50,F,EAST,
MEM-04775,19,F,WEST,
MEM-04776,62,F,NORTH,
MEM-04777,58,F,EAST,
MEM-04778,60,F,EAST,
MEM-04779,31,M,SOUTH,
MEM-04780,28,M,WEST,
MEM-04781,21,M,NORTH,
MEM-04782,39,F,EAST,
MEM-04783,48,F,NORTH,
MEM-04784,58,M,EAST,
MEM-04785,51,F,EAST,
MEM-04786,77,M,WEST,
MEM-04787,37,M,WEST,
MEM-04788,28,F,EAST,
MEM-04789,51,F,NORTH,
MEM-04790,12,F,NORTH,
MEM-04791,15,M,WEST,
MEM-04792,27,M,WEST,
MEM-04793,23,F,EAST,
MEM-04794,90,M,NORTH,
MEM-04795,55,M,NORTH,
MEM-04796,95,M,SOUTH,
MEM-04797,43,M,WEST,
MEM-04798,37,F,SOUTH,
MEM-04799,28,F,EAST,
MEM-04800,45,F,EAST,
MEM-04801,22,M,EAST,
MEM-04802,35,M,SOUTH,
MEM-04803,49,M,SOUTH,
MEM-04804,29,F,SOUTH,
MEM-04805,65,F,SOUTH,
MEM-04806,16,M,EAST,
MEM-04807,21,M,EAST,
MEM-04808,34,M,NORTH,
MEM-04809,61,F,NORTH,
MEM-04810,59,M,EAST,
MEM-04811,58,M,WEST,
MEM-04812,48,M,EAST,
MEM-04813,48,M,NORTH,
MEM-04814,37,M,SOUTH,
MEM-04815,32,M,EAST,
MEM-04816,44,M,SOUTH,
MEM-04817,18,F,NORTH,
MEM-04818,29,M,WEST,
MEM-04819,40,F,NORTH,
MEM-04820,94,F,EAST,
MEM-04821,21,M,NORTH,
MEM-04822,18,M,EAST,
MEM-04823,45,M,SOUTH,
MEM-04824,49,F,WEST,
MEM-04825,48,F,SOUTH,
MEM-04826,33,M,WEST,
MEM-04827,25,M,WEST,
MEM-04828,43,F,WEST,
MEM-04829,33,M,SOUTH,
MEM-04830,53,F,NORTH,
MEM-04831,95,M,EAST,
MEM-04832,39,M,NORTH,
MEM-04833,39,M,EAST,
MEM-04834,95,F,WEST,
MEM-04835,25,M,WEST,
MEM-04836,18,F,WEST,
MEM-04837,43,M,SOUTH,
MEM-04838,49,F,EAST,
MEM-04839,43,M,WEST,
MEM-04840,55,F,NORTH,
MEM-04841,59,F,WEST,
MEM-04842,13,M,WEST,
MEM-04843,25,M,EAST,
MEM-04844,47,M,EAST,
MEM-04845,20,M,EAST,
MEM-04846,51,M,WEST,
MEM-04847,51,F,NORTH,
MEM-04848,64,M,SOUTH,
MEM-04849,47,M,EAST,
MEM-04850,25,F,NORTH,
MEM-04851,6,M,WEST,
MEM-04852,32,F,NORTH,
MEM-04853,36,M,SOUTH,
MEM-04854,45,M,WEST,
MEM-04855,38,M,EAST,
MEM-04856,69,M,EAST,
MEM-04857,5,F,NORTH,
MEM-04858,29,M,SOUTH,
MEM-04859,44,M,WEST,
MEM-04860,66,F,EAST,
MEM-04861,19,F,WEST,
MEM-04862,51,M,WEST,
MEM-04863,27,F,NORTH,
MEM-04864,41,F,EAST,
MEM-04865,8,F,NORTH,
MEM-04866,15,M,NORTH,
MEM-04867,19,F,EAST,
MEM-04868,68,M,SOUTH,
MEM-04869,15,M,EAST,
MEM-04870,32,M,WEST,
MEM-04871,25,F,EAST,
MEM-04872,24,M,SOUTH,
MEM-04873,53,F,SOUTH,
MEM-04874,15,F,SOUTH,
MEM-04875,47,M,NORTH,
MEM-04876,46,M,SOUTH,
MEM-04877,73,M,WEST,
MEM-04878,64,M,EAST,
MEM-04879,24,F,NORTH,
MEM-04880,40,M,SOUTH,
MEM-04881,40,M,WEST,
MEM-04882,51,F,SOUTH,
MEM-04883,29,M,WEST,
MEM-04884,17,F,WEST,
MEM-04885,34,F,SOUTH,
MEM-04886,52,F,EAST,
MEM-04887,33,M,SOUTH,
MEM-04888,38,M,WEST,
MEM-04889,31,M,NORTH,
MEM-04890,70,M,WEST,
MEM-04891,60,M,WEST,
MEM-04892,45,F,WEST,
MEM-04893,10,M,SOUTH,
MEM-04894,46,M,EAST,
MEM-04895,60,M,WEST,
MEM-04896,15,F,EAST,
MEM-04897,62,M,NORTH,
MEM-04898,25,M,NORTH,
MEM-04899,65,M,EAST,
MEM-04900,28,F,SOUTH,
MEM-04901,54,F,WEST,
MEM-04902,28,F,WEST,
MEM-04903,32,M,EAST,
MEM-04904,75,F,EAST,
MEM-04905,42,F,EAST,
MEM-04906,82,M,WEST,
MEM-04907,14,M,SOUTH,
MEM-04908,26,M,EAST,
MEM-04909,36,F,WEST,
MEM-04910,21,M,NORTH,
MEM-04911,70,F,SOUTH,
MEM-04912,58,F,SOUTH,
MEM-04913,50,F,SOUTH,
MEM-04914,22,M,SOUTH,
MEM-04915,43,M,SOUTH,
MEM-04916,53,F,EAST,
MEM-04917,24,F,NORTH,
MEM-04918,95,F,WEST,
MEM-04919,28,F,EAST,
MEM-04920,56,M,NORTH,
MEM-04921,48,F,SOUTH,
MEM-04922,34,F,SOUTH,
MEM-04923,39,F,EAST,
MEM-04924,27,M,NORTH,
MEM-04925,76,M,WEST,
MEM-04926,65,M,SOUTH,
MEM-04927,55,F,WEST,
MEM-04928,62,F,NORTH,
MEM-04929,57,F,SOUTH,
MEM-04930,70,M,SOUTH,
MEM-04931,58,F,NORTH,
MEM-04932,73,M,SOUTH,
MEM-04933,46,F,WEST,
MEM-04934,49,F,SOUTH,
MEM-04935,23,M,EAST,
MEM-04936,95,M,NORTH,
MEM-04937,76,M,EAST,
MEM-04938,85,M,SOUTH,
MEM-04939,16,F,NORTH,
MEM-04940,66,F,SOUTH,
MEM-04941,34,F,WEST,
MEM-04942,95,F,EAST,
MEM-04943,51,M,SOUTH,
MEM-04944,32,F,EAST,
MEM-04945,33,M,SOUTH,
MEM-04946,74,F,EAST,
MEM-04947,95,F,NORTH,
MEM-04948,41,M,WEST,
MEM-04949,83,M,WEST,
MEM-04950,56,M,SOUTH,
MEM-04951,46,M,SOUTH,
MEM-04952,37,M,NORTH,
MEM-04953,45,F,WEST,
MEM-04954,20,F,NORTH,
MEM-04955,27,F,SOUTH,
MEM-04956,46,F,SOUTH,
MEM-04957,5,F,EAST,
MEM-04958,42,F,WEST,
MEM-04959,9,F,WEST,
MEM-04960,46,F,EAST,
MEM-04961,73,F,EAST,
MEM-04962,34,F,NORTH,
MEM-04963,36,F,WEST,
MEM-04964,34,F,EAST,
MEM-04965,10,M,SOUTH,
MEM-04966,29,F,SOUTH,
MEM-04967,29,M,SOUTH,
MEM-04968,42,F,SOUTH,
MEM-04969,46,M,SOUTH,
MEM-04970,44,M,NORTH,
MEM-04971,95,M,EAST,
MEM-04972,21,M,WEST,
MEM-04973,49,F,NORTH,
MEM-04974,65,M,EAST,
MEM-04975,95,F,EAST,
MEM-04976,11,M,NORTH,
MEM-04977,62,F,NORTH,
MEM-04978,73,F,EAST,
MEM-04979,47,M,WEST,
MEM-04980,12,F,EAST,
MEM-04981,58,F,NORTH,
MEM-04982,46,F,WEST,
MEM-04983,25,M,EAST,
MEM-04984,16,F,WEST,
MEM-04985,23,M,SOUTH,
MEM-04986,55,M,WEST,
MEM-04987,37,F,EAST,
MEM-04988,49,M,WEST,
MEM-04989,19,M,WEST,
MEM-04990,31,F,SOUTH,
MEM-04991,52,M,NORTH,
MEM-04992,20,M,EAST,
MEM-04993,25,F,EAST,
MEM-04994,54,M,NORTH,
MEM-04995,95,M,WEST,
MEM-04996,56,F,WEST,
MEM-04997,59,F,SOUTH,
MEM-04998,44,F,WEST,
MEM-04999,36,F,NORTH,
MEM-05000,34,F,SOUTH,
MEM-05001,36,F,NORTH,
MEM-05002,67,F,SOUTH,
MEM-05003,43,M,WEST,
MEM-05004,52,F,NORTH,
MEM-05005,56,M,NORTH,
MEM-05006,37,F,WEST,
MEM-05007,17,F,EAST,
MEM-05008,71,F,EAST,
MEM-05009,45,M,EAST,
MEM-05010,28,M,NORTH,
MEM-05011,66,M,EAST,
MEM-05012,14,M,EAST,
MEM-05013,33,M,EAST,
MEM-05014,63,F,NORTH,
MEM-05015,42,M,NORTH,
MEM-05016,22,M,WEST,
MEM-05017,51,F,EAST,
MEM-05018,72,M,SOUTH,
MEM-05019,58,F,EAST,
MEM-05020,29,M,WEST,
MEM-05021,5,M,SOUTH,
MEM-05022,54,F,EAST,
MEM-05023,38,F,WEST,
MEM-05024,52,M,NORTH,
MEM-05025,23,M,NORTH,
MEM-05026,34,M,SOUTH,
MEM-05027,37,M,NORTH,
MEM-05028,66,M,EAST,
MEM-05029,25,M,NORTH,
MEM-05030,39,M,NORTH,
MEM-05031,27,M,WEST,
MEM-05032,56,F,SOUTH,
MEM-05033,39,M,NORTH,
MEM-05034,33,M,EAST,
MEM-05035,26,F,SOUTH,
MEM-05036,38,F,EAST,
MEM-05037,23,F,WEST,
MEM-05038,45,F,WEST,
MEM-05039,24,F,WEST,
MEM-05040,58,M,SOUTH,
MEM-05041,38,F,WEST,
MEM-05042,36,F,WEST,
MEM-05043,57,M,NORTH,
MEM-05044,67,M,EAST,
MEM-05045,34,F,NORTH,
MEM-05046,79,M,WEST,
MEM-05047,38,F,SOUTH,
MEM-05048,50,F,SOUTH,
MEM-05049,13,M,SOUTH,
MEM-05050,56,F,NORTH,
MEM-05051,22,M,SOUTH,
MEM-05052,38,M,SOUTH,
MEM-05053,95,F,SOUTH,
MEM-05054,63,M,SOUTH,
MEM-05055,9,F,NORTH,
MEM-05056,38,M,SOUTH,
MEM-05057,27,F,EAST,
MEM-05058,23,M,EAST,
MEM-05059,17,M,NORTH,
MEM-05060,66,M,WEST,
MEM-05061,49,M,SOUTH,
MEM-05062,28,F,EAST,
MEM-05063,50,M,SOUTH,
MEM-05064,78,M,SOUTH,
MEM-05065,55,M,WEST,
MEM-05066,29,F,WEST,
MEM-05067,74,M,EAST,
MEM-05068,64,M,EAST,
MEM-05069,45,F,WEST,
MEM-05070,37,M,WEST,
MEM-05071,25,M,SOUTH,
MEM-05072,49,F,SOUTH,
MEM-05073,37,M,WEST,
MEM-05074,56,F,EAST,
MEM-05075,35,M,SOUTH,
MEM-05076,38,F,SOUTH,
MEM-05077,35,M,EAST,
MEM-05078,8,M,WEST,
MEM-05079,95,F,WEST,
MEM-05080,33,M,SOUTH,
MEM-05081,20,F,WEST,
MEM-05082,52,F,EAST,
MEM-05083,63,M,SOUTH,
MEM-05084,95,F,WEST,
MEM-05085,46,F,WEST,
MEM-05086,77,M,EAST,
MEM-05087,62,F,NORTH,
MEM-05088,44,F,NORTH,
MEM-05089,18,F,NORTH,
MEM-05090,48,F,NORTH,
MEM-05091,15,F,WEST,
MEM-05092,25,M,NORTH,
MEM-05093,29,M,WEST,
MEM-05094,38,F,NORTH,
MEM-05095,13,F,NORTH,
MEM-05096,58,M,WEST,
MEM-05097,49,F,SOUTH,
MEM-05098,5,F,WEST,
MEM-05099,40,F,EAST,
MEM-05100,56,M,SOUTH,
MEM-05101,32,M,SOUTH,
MEM-05102,22,M,SOUTH,
MEM-05103,55,F,EAST,
MEM-05104,78,M,EAST,
MEM-05105,39,F,NORTH,
MEM-05106,42,M,SOUTH,
MEM-05107,54,F,NORTH,
MEM-05108,55,M,EAST,
MEM-05109,83,F,NORTH,
MEM-05110,38,M,SOUTH,
MEM-05111,30,M,SOUTH,
MEM-05112,40,M,SOUTH,
MEM-05113,60,M,WEST,
MEM-05114,14,F,EAST,
MEM-05115,19,F,WEST,
MEM-05116,27,F,EAST,
MEM-05117,19,F,WEST,
MEM-05118,33,F,SOUTH,
MEM-05119,51,M,NORTH,
MEM-05120,19,F,WEST,
MEM-05121,27,F,WEST,
MEM-05122,18,F,SOUTH,
MEM-05123,72,F,WEST,
MEM-05124,19,M,WEST,
MEM-05125,74,M,EAST,
MEM-05126,36,M,SOUTH,
MEM-05127,28,F,NORTH,
MEM-05128,23,M,EAST,
MEM-05129,41,F,NORTH,
MEM-05130,43,F,NORTH,
MEM-05131,50,M,NORTH,
MEM-05132,36,F,NORTH,
MEM-05133,43,F,NORTH,
MEM-05134,22,F,EAST,
MEM-05135,42,F,WEST,
MEM-05136,18,M,NORTH,
MEM-05137,72,M,EAST,
MEM-05138,67,M,WEST,
MEM-05139,57,F,EAST,
MEM-05140,10,F,WEST,
MEM-05141,33,M,WEST,
MEM-05142,12,F,SOUTH,
MEM-05143,41,F,NORTH,
MEM-05144,26,F,SOUTH,
MEM-05145,51,F,SOUTH,
MEM-05146,22,F,WEST,
MEM-05147,28,F,WEST,
MEM-05148,33,F,WEST,
MEM-05149,26,M,WEST,
MEM-05150,79,M,NORTH,
MEM-05151,71,M,EAST,
MEM-05152,58,M,NORTH,
MEM-05153,85,M,SOUTH,
MEM-05154,15,M,WEST,
MEM-05155,28,M,EAST,
MEM-05156,17,M,EAST,
MEM-05157,43,M,WEST,
MEM-05158,10,M,SOUTH,
MEM-05159,26,F,SOUTH,
MEM-05160,35,F,SOUTH,
MEM-05161,44,M,NORTH,
MEM-05162,19,M,SOUTH,
MEM-05163,74,F,EAST,
MEM-05164,29,F,NORTH,
MEM-05165,52,F,SOUTH,
MEM-05166,46,F,WEST,
MEM-05167,57,M,WEST,
MEM-05168,66,M,SOUTH,
MEM-05169,27,M,WEST,
MEM-05170,38,F,EAST,
MEM-05171,39,M,WEST,
MEM-05172,24,M,NORTH,
MEM-05173,41,M,EAST,
MEM-05174,58,M,SOUTH,
MEM-05175,39,M,EAST,
MEM-05176,50,M,NORTH,
MEM-05177,37,M,WEST,
MEM-05178,69,F,SOUTH,
MEM-05179,27,F,WEST,
MEM-05180,29,F,WEST,
MEM-05181,27,F,WEST,
MEM-05182,34,M,EAST,
MEM-05183,40,M,SOUTH,
MEM-05184,44,M,WEST,
MEM-05185,19,F,SOUTH,
MEM-05186,8,M,WEST,
MEM-05187,10,F,NORTH,
MEM-05188,24,M,WEST,
MEM-05189,31,F,EAST,
MEM-05190,37,F,WEST,
MEM-05191,16,M,SOUTH,
MEM-05192,45,M,EAST,
MEM-05193,50,F,SOUTH,
MEM-05194,29,M,NORTH,
MEM-05195,62,M,SOUTH,
MEM-05196,69,M,WEST,
MEM-05197,51,M,EAST,
MEM-05198,53,F,WEST,
MEM-05199,77,M,SOUTH,
MEM-05200,17,F,EAST,
MEM-05201,28,F,SOUTH,
MEM-05202,48,F,WEST,
MEM-05203,49,M,EAST,
MEM-05204,62,M,EAST,
MEM-05205,29,F,NORTH,
MEM-05206,29,M,WEST,
MEM-05207,40,M,WEST,
MEM-05208,64,F,SOUTH,
MEM-05209,54,M,SOUTH,
MEM-05210,52,F,WEST,
MEM-05211,65,M,WEST,
MEM-05212,40,M,WEST,
MEM-05213,33,M,NORTH,
MEM-05214,22,F,WEST,
MEM-05215,71,F,WEST,
MEM-05216,44,M,NORTH,
MEM-05217,30,M,SOUTH,
MEM-05218,16,M,SOUTH,
MEM-05219,47,M,EAST,
MEM-05220,19,F,WEST,
MEM-05221,41,F,SOUTH,
MEM-05222,40,M,NORTH,
MEM-05223,55,F,WEST,
MEM-05224,40,F,NORTH,
MEM-05225,30,F,NORTH,
MEM-05226,17,M,WEST,
MEM-05227,66,F,NORTH,
MEM-05228,25,M,SOUTH,
MEM-05229,46,M,EAST,
MEM-05230,50,F,SOUTH,
MEM-05231,30,F,NORTH,
MEM-05232,35,M,WEST,
MEM-05233,24,M,NORTH,
MEM-05234,46,F,SOUTH,
MEM-05235,63,F,WEST,
MEM-05236,16,M,NORTH,
MEM-05237,48,F,NORTH,
MEM-05238,95,F,SOUTH,
MEM-05239,54,M,NORTH,
MEM-05240,19,F,WEST,
MEM-05241,19,F,WEST,
MEM-05242,21,F,WEST,
MEM-05243,37,F,SOUTH,
MEM-05244,18,M,NORTH,
MEM-05245,34,M,EAST,
MEM-05246,75,F,WEST,
MEM-05247,26,M,WEST,
MEM-05248,24,M,WEST,
MEM-05249,74,M,WEST,
MEM-05250,93,F,EAST,
MEM-05251,64,M,SOUTH,
MEM-05252,16,F,WEST,
MEM-05253,24,F,WEST,
MEM-05254,13,M,EAST,
MEM-05255,82,M,SOUTH,
MEM-05256,29,F,NORTH,
MEM-05257,59,F,NORTH,
MEM-05258,62,F,SOUTH,
MEM-05259,50,F,EAST,
MEM-05260,58,M,EAST,
MEM-05261,23,M,EAST,
MEM-05262,70,M,EAST,
MEM-05263,14,M,NORTH,
MEM-05264,36,F,NORTH,
MEM-05265,16,F,WEST,
MEM-05266,40,F,SOUTH,
MEM-05267,95,M,NORTH,
MEM-05268,34,F,NORTH,
MEM-05269,19,M,EAST,
MEM-05270,89,F,NORTH,
MEM-05271,31,M,WEST,
MEM-05272,23,F,WEST,
MEM-05273,44,F,WEST,
MEM-05274,35,F,NORTH,
MEM-05275,95,F,SOUTH,
MEM-05276,36,F,SOUTH,
MEM-05277,31,F,WEST,
MEM-05278,52,M,EAST,
MEM-05279,11,M,NORTH,
MEM-05280,45,F,SOUTH,
MEM-05281,38,F,SOUTH,
MEM-05282,44,F,EAST,
MEM-05283,74,F,WEST,
MEM-05284,8,M,WEST,
MEM-05285,65,F,WEST,
MEM-05286,11,M,WEST,
MEM-05287,29,F,NORTH,
MEM-05288,33,F,SOUTH,
MEM-05289,52,M,WEST,
MEM-05290,69,F,SOUTH,
MEM-05291,62,M,WEST,
MEM-05292,31,M,WEST,
MEM-05293,15,F,SOUTH,
MEM-05294,28,M,EAST,
MEM-05295,19,F,WEST,
MEM-05296,90,F,SOUTH,
MEM-05297,47,M,WEST,
MEM-05298,26,F,SOUTH,
MEM-05299,37,M,SOUTH,
MEM-05300,89,M,NORTH,
MEM-05301,23,M,WEST,
MEM-05302,63,F,SOUTH,
MEM-05303,22,F,WEST,
MEM-05304,65,M,SOUTH,
MEM-05305,95,F,NORTH,
MEM-05306,35,F,WEST,
MEM-05307,21,M,NORTH,
MEM-05308,25,F,WEST,
MEM-05309,21,F,NORTH,
MEM-05310,86,M,WEST,
MEM-05311,43,M,WEST,
MEM-05312,48,M,EAST,
MEM-05313,27,F,EAST,
MEM-05314,33,M,EAST,
MEM-05315,93,M,EAST,
MEM-05316,73,M,WEST,
MEM-05317,14,F,WEST,
MEM-05318,65,F,WEST,
MEM-05319,39,F,NORTH,
MEM-05320,70,M,WEST,
MEM-05321,27,F,NORTH,
MEM-05322,27,M,SOUTH,
MEM-05323,95,F,SOUTH,
MEM-05324,33,M,NORTH,
MEM-05325,56,F,NORTH,
MEM-05326,26,M,SOUTH,
MEM-05327,31,F,SOUTH,
MEM-05328,17,M,EAST,
MEM-05329,27,F,NORTH,
MEM-05330,35,F,NORTH,
MEM-05331,24,F,EAST,
MEM-05332,63,M,EAST,
MEM-05333,27,M,EAST,
MEM-05334,33,M,EAST,
MEM-05335,34,M,NORTH,
MEM-05336,38,M,WEST,
MEM-05337,27,F,WEST,
MEM-05338,30,F,EAST,
MEM-05339,9,M,EAST,
MEM-05340,78,M,WEST,
MEM-05341,39,M,WEST,
MEM-05342,78,F,SOUTH,
MEM-05343,58,M,NORTH,
MEM-05344,37,M,NORTH,
MEM-05345,50,F,WEST,
MEM-05346,75,M,SOUTH,
MEM-05347,41,F,SOUTH,
MEM-05348,95,M,NORTH,
MEM-05349,53,F,EAST,
MEM-05350,28,F,NORTH,
MEM-05351,18,M,WEST,
MEM-05352,22,M,WEST,
MEM-05353,23,M,WEST,
MEM-05354,30,M,NORTH,
MEM-05355,42,M,WEST,
MEM-05356,67,F,WEST,
MEM-05357,36,M,WEST,
MEM-05358,61,M,SOUTH,
MEM-05359,44,M,WEST,
MEM-05360,20,M,SOUTH,
MEM-05361,88,M,NORTH,
MEM-05362,57,M,WEST,
MEM-05363,48,M,EAST,
MEM-05364,22,M,EAST,
MEM-05365,20,F,WEST,
MEM-05366,65,F,WEST,
MEM-05367,63,M,SOUTH,
MEM-05368,24,M,EAST,
MEM-05369,63,F,SOUTH,
MEM-05370,39,M,WEST,
MEM-05371,63,F,SOUTH,
MEM-05372,81,F,NORTH,
MEM-05373,46,M,EAST,
MEM-05374,80,M,EAST,
MEM-05375,21,F,SOUTH,
MEM-05376,50,F,EAST,
MEM-05377,59,M,NORTH,
MEM-05378,19,M,SOUTH,
MEM-05379,16,F,SOUTH,
MEM-05380,41,M,EAST,
MEM-05381,65,M,WEST,
MEM-05382,68,M,EAST,
MEM-05383,8,M,SOUTH,
MEM-05384,25,M,NORTH,
MEM-05385,33,F,SOUTH,
MEM-05386,41,F,SOUTH,
MEM-05387,9,M,WEST,
MEM-05388,13,M,WEST,
MEM-05389,10,F,SOUTH,
MEM-05390,51,M,SOUTH,
MEM-05391,58,F,EAST,
MEM-05392,9,F,EAST,
MEM-05393,34,F,EAST,
MEM-05394,34,F,EAST,
MEM-05395,13,F,WEST,
MEM-05396,26,F,EAST,
MEM-05397,62,F,SOUTH,
MEM-05398,20,F,NORTH,
MEM-05399,43,M,SOUTH,
MEM-05400,56,M,SOUTH,
MEM-05401,51,M,WEST,
MEM-05402,72,M,EAST,
MEM-05403,76,M,SOUTH,
MEM-05404,51,F,SOUTH,
MEM-05405,47,F,WEST,
MEM-05406,27,M,EAST,
MEM-05407,83,M,EAST,
MEM-05408,61,F,EAST,
MEM-05409,36,F,EAST,
MEM-05410,42,M,NORTH,
MEM-05411,40,F,NORTH,
MEM-05412,26,F,WEST,
MEM-05413,34,F,NORTH,
MEM-05414,16,M,NORTH,
MEM-05415,75,F,EAST,
MEM-05416,66,M,SOUTH,
MEM-05417,41,F,NORTH,
MEM-05418,39,M,WEST,
MEM-05419,64,M,NORTH,
MEM-05420,95,M,EAST,
MEM-05421,40,F,EAST,
MEM-05422,51,F,WEST,
MEM-05423,70,F,EAST,
MEM-05424,32,F,SOUTH,
MEM-05425,49,M,EAST,
MEM-05426,50,M,WEST,
MEM-05427,41,F,WEST,
MEM-05428,18,F,NORTH,
MEM-05429,49,F,WEST,
MEM-05430,24,M,WEST,
MEM-05431,45,F,EAST,
MEM-05432,82,M,NORTH,
MEM-05433,47,M,WEST,
MEM-05434,30,F,WEST,
MEM-05435,21,F,EAST,
MEM-05436,95,M,SOUTH,
MEM-05437,45,F,WEST,
MEM-05438,78,M,NORTH,
MEM-05439,15,M,EAST,
MEM-05440,65,M,WEST,
MEM-05441,48,M,WEST,
MEM-05442,36,M,EAST,
MEM-05443,32,M,NORTH,
MEM-05444,77,M,SOUTH,
MEM-05445,75,F,WEST,
MEM-05446,25,F,SOUTH,
MEM-05447,31,F,WEST,
MEM-05448,48,F,NORTH,
MEM-05449,33,F,NORTH,
MEM-05450,37,F,WEST,
MEM-05451,20,M,NORTH,
MEM-05452,19,F,EAST,
MEM-05453,21,F,NORTH,
MEM-05454,48,F,EAST,
MEM-05455,59,F,SOUTH,
MEM-05456,18,F,NORTH,
MEM-05457,52,M,EAST,
MEM-05458,20,M,WEST,
MEM-05459,95,M,EAST,
MEM-05460,39,M,SOUTH,
MEM-05461,20,F,WEST,
MEM-05462,40,F,EAST,
MEM-05463,55,M,NORTH,
MEM-05464,32,M,EAST,
MEM-05465,62,M,NORTH,
MEM-05466,51,M,WEST,
MEM-05467,71,M,NORTH,
MEM-05468,54,M,SOUTH,
MEM-05469,19,M,NORTH,
MEM-05470,37,F,EAST,
MEM-05471,23,F,SOUTH,
MEM-05472,40,F,EAST,
MEM-05473,58,F,WEST,
MEM-05474,31,M,NORTH,
MEM-05475,54,F,NORTH,
MEM-05476,60,M,SOUTH,2026-01-01
MEM-05477,52,M,SOUTH,
MEM-05478,15,F,NORTH,
MEM-05479,74,F,NORTH,
MEM-05480,50,M,NORTH,
MEM-05481,40,M,SOUTH,
MEM-05482,35,M,NORTH,
MEM-05483,21,M,EAST,
MEM-05484,23,M,EAST,
MEM-05485,67,M,NORTH,
MEM-05486,45,F,WEST,
MEM-05487,58,M,NORTH,
MEM-05488,81,M,NORTH,
MEM-05489,10,M,NORTH,
MEM-05490,80,F,WEST,
MEM-05491,30,F,SOUTH,
MEM-05492,62,M,SOUTH,
MEM-05493,35,M,NORTH,
MEM-05494,77,F,EAST,
MEM-05495,56,F,SOUTH,
MEM-05496,26,F,WEST,
MEM-05497,16,M,SOUTH,
MEM-05498,60,F,SOUTH,
MEM-05499,36,M,NORTH,
MEM-05500,5,M,SOUTH,
MEM-05501,52,F,SOUTH,
MEM-05502,8,M,EAST,
MEM-05503,70,F,SOUTH,
MEM-05504,29,F,SOUTH,
MEM-05505,37,M,EAST,
MEM-05506,59,M,SOUTH,
MEM-05507,34,F,SOUTH,
MEM-05508,32,M,EAST,
MEM-05509,50,M,NORTH,
MEM-05510,16,F,NORTH,
MEM-05511,51,F,WEST,
MEM-05512,45,M,WEST,
MEM-05513,49,F,EAST,
MEM-05514,44,F,NORTH,
MEM-05515,64,F,WEST,
MEM-05516,43,M,WEST,
MEM-05517,15,M,EAST,
MEM-05518,36,F,NORTH,
MEM-05519,46,M,NORTH,
MEM-05520,69,M,WEST,
MEM-05521,43,M,WEST,
MEM-05522,26,F,EAST,
MEM-05523,37,M,WEST,
MEM-05524,50,F,SOUTH,
MEM-05525,28,M,WEST,
MEM-05526,17,M,NORTH,
MEM-05527,14,F,NORTH,
MEM-05528,38,M,SOUTH,
MEM-05529,42,M,EAST,
MEM-05530,68,F,EAST,
MEM-05531,31,F,NORTH,
MEM-05532,51,M,EAST,
MEM-05533,26,M,NORTH,
MEM-05534,95,F,SOUTH,
MEM-05535,68,F,SOUTH,
MEM-05536,42,F,WEST,
MEM-05537,37,M,SOUTH,
MEM-05538,72,F,NORTH,
MEM-05539,27,F,WEST,
MEM-05540,56,M,NORTH,
MEM-05541,27,F,SOUTH,
MEM-05542,42,M,SOUTH,
MEM-05543,33,M,SOUTH,
MEM-05544,59,F,SOUTH,
MEM-05545,16,M,NORTH,
MEM-05546,41,F,EAST,
MEM-05547,73,M,SOUTH,
MEM-05548,49,F,NORTH,
MEM-05549,41,M,SOUTH,
MEM-05550,46,F,EAST,
MEM-05551,21,F,SOUTH,
MEM-05552,42,M,NORTH,
MEM-05553,22,F,SOUTH,
MEM-05554,34,M,NORTH,
MEM-05555,69,F,WEST,
MEM-05556,33,F,NORTH,
MEM-05557,19,F,NORTH,
MEM-05558,42,M,WEST,
MEM-05559,25,M,EAST,
MEM-05560,18,M,EAST,
MEM-05561,21,M,EAST,
MEM-05562,95,F,NORTH,
MEM-05563,22,M,EAST,
MEM-05564,29,F,NORTH,
MEM-05565,37,M,EAST,
MEM-05566,34,M,WEST,
MEM-05567,23,M,EAST,
MEM-05568,48,M,NORTH,
MEM-05569,53,M,NORTH,
MEM-05570,40,M,SOUTH,
MEM-05571,25,F,NORTH,
MEM-05572,42,F,EAST,
MEM-05573,40,M,WEST,
MEM-05574,76,M,SOUTH,
MEM-05575,45,F,WEST,
MEM-05576,18,F,WEST,
MEM-05577,57,F,NORTH,
MEM-05578,36,M,WEST,
MEM-05579,38,F,NORTH,
MEM-05580,49,F,EAST,
MEM-05581,30,F,EAST,
MEM-05582,36,F,NORTH,
MEM-05583,31,F,NORTH,
MEM-05584,20,F,WEST,
MEM-05585,31,M,SOUTH,
MEM-05586,51,M,EAST,
MEM-05587,40,M,SOUTH,
MEM-05588,48,M,EAST,
MEM-05589,35,F,EAST,
MEM-05590,45,M,NORTH,
MEM-05591,65,F,WEST,
MEM-05592,40,F,NORTH,
MEM-05593,15,F,NORTH,
MEM-05594,89,M,NORTH,
MEM-05595,32,F,NORTH,
MEM-05596,51,F,EAST,
MEM-05597,31,M,EAST,
MEM-05598,43,M,WEST,
MEM-05599,73,F,WEST,
MEM-05600,30,M,EAST,
MEM-05601,29,M,EAST,
MEM-05602,45,F,NORTH,
MEM-05603,73,M,EAST,
MEM-05604,19,F,NORTH,
MEM-05605,31,F,EAST,
MEM-05606,28,M,WEST,
MEM-05607,17,M,WEST,
MEM-05608,95,M,NORTH,
MEM-05609,74,M,SOUTH,
MEM-05610,29,M,NORTH,
MEM-05611,45,F,NORTH,
MEM-05612,23,F,NORTH,
MEM-05613,25,M,NORTH,
MEM-05614,52,F,EAST,
MEM-05615,28,M,SOUTH,
MEM-05616,26,M,SOUTH,
MEM-05617,10,F,SOUTH,
MEM-05618,43,M,SOUTH,
MEM-05619,18,F,SOUTH,
MEM-05620,17,F,SOUTH,
MEM-05621,82,M,NORTH,
MEM-05622,51,F,NORTH,
MEM-05623,15,M,NORTH,
MEM-05624,69,F,WEST,
MEM-05625,74,M,NORTH,
MEM-05626,40,M,NORTH,
MEM-05627,40,F,EAST,
MEM-05628,42,F,EAST,
MEM-05629,35,F,EAST,
MEM-05630,41,M,EAST,
MEM-05631,16,F,SOUTH,
MEM-05632,61,F,NORTH,
MEM-05633,45,M,WEST,
MEM-05634,28,M,NORTH,
MEM-05635,20,F,EAST,
MEM-05636,27,F,WEST,
MEM-05637,43,M,NORTH,
MEM-05638,28,F,NORTH,
MEM-05639,20,M,SOUTH,
MEM-05640,47,F,WEST,
MEM-05641,53,M,SOUTH,
MEM-05642,15,M,NORTH,
MEM-05643,42,M,SOUTH,
MEM-05644,70,M,NORTH,
MEM-05645,20,M,WEST,
MEM-05646,34,M,WEST,
MEM-05647,45,F,NORTH,
MEM-05648,64,M,NORTH,
MEM-05649,27,M,WEST,
MEM-05650,19,M,WEST,
MEM-05651,24,M,NORTH,
MEM-05652,26,M,NORTH,
MEM-05653,56,M,EAST,
MEM-05654,53,M,NORTH,
MEM-05655,48,M,NORTH,
MEM-05656,29,F,WEST,
MEM-05657,7,F,SOUTH,
MEM-05658,39,M,NORTH,
MEM-05659,75,M,WEST,
MEM-05660,57,M,SOUTH,
MEM-05661,95,M,WEST,
MEM-05662,68,F,NORTH,
MEM-05663,20,F,EAST,
MEM-05664,33,M,NORTH,
MEM-05665,19,F,NORTH,
MEM-05666,88,M,NORTH,
MEM-05667,24,M,NORTH,
MEM-05668,48,F,WEST,
MEM-05669,50,F,SOUTH,
MEM-05670,44,M,SOUTH,
MEM-05671,41,F,NORTH,
MEM-05672,40,M,WEST,
MEM-05673,46,M,NORTH,
MEM-05674,17,M,EAST,
MEM-05675,19,F,WEST,
MEM-05676,71,M,SOUTH,
MEM-05677,42,F,WEST,
MEM-05678,38,M,SOUTH,
MEM-05679,34,M,WEST,
MEM-05680,42,M,SOUTH,
MEM-05681,36,F,WEST,
MEM-05682,45,F,EAST,
MEM-05683,53,M,NORTH,
MEM-05684,32,M,NORTH,
MEM-05685,25,M,EAST,
MEM-05686,57,F,EAST,
MEM-05687,29,M,WEST,
MEM-05688,39,M,EAST,
MEM-05689,83,F,NORTH,
MEM-05690,29,F,NORTH,
MEM-05691,35,M,EAST,
MEM-05692,67,F,WEST,
MEM-05693,95,M,NORTH,
MEM-05694,23,M,NORTH,
MEM-05695,15,M,EAST,
MEM-05696,23,F,SOUTH,
MEM-05697,68,F,SOUTH,
MEM-05698,28,F,EAST,
MEM-05699,23,F,EAST,
MEM-05700,53,M,EAST,
MEM-05701,78,M,EAST,
MEM-05702,63,F,EAST,
MEM-05703,44,F,EAST,
MEM-05704,58,M,WEST,
MEM-05705,31,F,NORTH,
MEM-05706,50,F,SOUTH,
MEM-05707,32,F,SOUTH,
MEM-05708,41,M,WEST,
MEM-05709,50,F,EAST,
MEM-05710,17,F,NORTH,
MEM-05711,67,F,WEST,
MEM-05712,56,F,SOUTH,
MEM-05713,37,M,NORTH,
MEM-05714,25,F,SOUTH,
MEM-05715,74,F,SOUTH,
MEM-05716,21,M,NORTH,
MEM-05717,21,M,WEST,
MEM-05718,57,M,SOUTH,
MEM-05719,37,F,SOUTH,
MEM-05720,13,F,WEST,
MEM-05721,18,M,NORTH,
MEM-05722,72,F,EAST,
MEM-05723,56,M,NORTH,
MEM-05724,32,F,SOUTH,
MEM-05725,21,F,EAST,
MEM-05726,33,F,WEST,
MEM-05727,51,M,EAST,
MEM-05728,13,F,SOUTH,
MEM-05729,34,M,NORTH,
MEM-05730,31,F,SOUTH,
MEM-05731,45,M,WEST,
MEM-05732,63,F,SOUTH,
MEM-05733,50,M,WEST,
MEM-05734,37,M,WEST,
MEM-05735,22,F,SOUTH,
MEM-05736,5,M,WEST,
MEM-05737,68,F,NORTH,
MEM-05738,26,F,WEST,
MEM-05739,47,F,EAST,
MEM-05740,21,M,WEST,
MEM-05741,36,F,WEST,
MEM-05742,64,F,NORTH,
MEM-05743,59,F,EAST,
MEM-05744,30,F,EAST,
MEM-05745,11,M,EAST,
MEM-05746,87,M,SOUTH,
MEM-05747,56,M,WEST,
MEM-05748,45,F,EAST,
MEM-05749,56,M,WEST,
MEM-05750,50,M,NORTH,
MEM-05751,82,M,NORTH,
MEM-05752,64,M,NORTH,
MEM-05753,43,M,EAST,
MEM-05754,30,M,SOUTH,
MEM-05755,18,F,WEST,
MEM-05756,36,M,EAST,
MEM-05757,24,F,SOUTH,
MEM-05758,34,F,SOUTH,
MEM-05759,73,F,SOUTH,
MEM-05760,7,M,NORTH,
MEM-05761,23,M,NORTH,
MEM-05762,9,F,WEST,
MEM-05763,22,M,EAST,
MEM-05764,62,M,EAST,
MEM-05765,14,F,EAST,
MEM-05766,22,F,WEST,
MEM-05767,46,M,NORTH,
MEM-05768,37,M,EAST,
MEM-05769,47,F,WEST,
MEM-05770,54,M,SOUTH,
MEM-05771,18,M,EAST,
MEM-05772,65,M,EAST,
MEM-05773,40,M,SOUTH,
MEM-05774,34,M,EAST,
MEM-05775,57,M,EAST,
MEM-05776,6,M,SOUTH,
MEM-05777,70,F,NORTH,
MEM-05778,51,M,SOUTH,
MEM-05779,20,F,WEST,
MEM-05780,33,M,WEST,
MEM-05781,74,F,WEST,
MEM-05782,84,M,WEST,
MEM-05783,40,M,EAST,
MEM-05784,64,M,NORTH,
MEM-05785,72,M,EAST,
MEM-05786,27,F,EAST,
MEM-05787,29,M,WEST,
MEM-05788,56,F,WEST,
MEM-05789,24,M,EAST,
MEM-05790,32,M,WEST,
MEM-05791,81,F,NORTH,
MEM-05792,75,M,SOUTH,
MEM-05793,6,M,NORTH,
MEM-05794,65,F,EAST,
MEM-05795,32,M,EAST,
MEM-05796,59,M,SOUTH,
MEM-05797,34,M,NORTH,
MEM-05798,61,F,NORTH,
MEM-05799,30,M,EAST,
MEM-05800,36,F,WEST,
MEM-05801,54,F,WEST,
MEM-05802,17,F,SOUTH,
MEM-05803,63,F,WEST,
MEM-05804,58,M,NORTH,
MEM-05805,42,F,SOUTH,
MEM-05806,34,F,EAST,
MEM-05807,25,M,EAST,
MEM-05808,54,M,SOUTH,
MEM-05809,24,M,EAST,
MEM-05810,95,M,SOUTH,
MEM-05811,43,F,NORTH,
MEM-05812,35,F,SOUTH,
MEM-05813,71,F,SOUTH,
MEM-05814,58,F,SOUTH,
MEM-05815,5,M,NORTH,
MEM-05816,87,F,WEST,
MEM-05817,24,F,SOUTH,
MEM-05818,61,F,EAST,
MEM-05819,73,M,NORTH,
MEM-05820,27,F,NORTH,
MEM-05821,35,F,EAST,
MEM-05822,42,M,EAST,
MEM-05823,86,F,EAST,
MEM-05824,49,F,WEST,
MEM-05825,41,F,NORTH,
MEM-05826,8,M,EAST,
MEM-05827,34,F,SOUTH,
MEM-05828,30,M,WEST,
MEM-05829,18,F,EAST,
MEM-05830,95,F,WEST,
MEM-05831,27,M,SOUTH,
MEM-05832,28,M,EAST,
MEM-05833,37,F,SOUTH,
MEM-05834,16,M,WEST,
MEM-05835,52,M,EAST,
MEM-05836,14,M,SOUTH,
MEM-05837,55,F,WEST,
MEM-05838,61,F,SOUTH,
MEM-05839,30,M,WEST,2025-06-16
MEM-05840,56,F,WEST,
MEM-05841,52,F,WEST,
MEM-05842,61,M,NORTH,
MEM-05843,42,F,EAST,
MEM-05844,19,M,EAST,
MEM-05845,51,F,WEST,
MEM-05846,91,F,NORTH,
MEM-05847,48,M,SOUTH,
MEM-05848,43,F,SOUTH,
MEM-05849,95,F,EAST,
MEM-05850,27,M,WEST,
MEM-05851,52,M,SOUTH,
MEM-05852,38,M,SOUTH,
MEM-05853,73,M,NORTH,
MEM-05854,61,F,EAST,
MEM-05855,9,M,EAST,
MEM-05856,31,M,WEST,
MEM-05857,26,M,WEST,
MEM-05858,41,M,WEST,
MEM-05859,52,M,WEST,
MEM-05860,36,F,WEST,
MEM-05861,81,M,NORTH,
MEM-05862,39,M,EAST,
MEM-05863,34,M,SOUTH,
MEM-05864,40,F,EAST,
MEM-05865,60,M,EAST,
MEM-05866,20,F,NORTH,
MEM-05867,21,M,NORTH,
MEM-05868,45,F,WEST,
MEM-05869,57,M,NORTH,
MEM-05870,75,M,NORTH,
MEM-05871,49,F,NORTH,
MEM-05872,18,F,SOUTH,
MEM-05873,42,F,SOUTH,
MEM-05874,76,F,EAST,
MEM-05875,47,M,EAST,
MEM-05876,36,M,NORTH,
MEM-05877,5,F,EAST,
MEM-05878,43,M,SOUTH,
MEM-05879,21,M,WEST,
MEM-05880,21,F,SOUTH,
MEM-05881,32,M,SOUTH,
MEM-05882,70,F,SOUTH,
MEM-05883,41,M,WEST,
MEM-05884,28,F,SOUTH,
MEM-05885,26,M,WEST,
MEM-05886,77,F,SOUTH,
MEM-05887,50,M,EAST,
MEM-05888,68,M,NORTH,
MEM-05889,45,F,NORTH,
MEM-05890,95,M,SOUTH,
MEM-05891,44,F,EAST,
MEM-05892,40,M,WEST,
MEM-05893,54,F,SOUTH,
MEM-05894,61,M,WEST,
MEM-05895,17,F,SOUTH,
MEM-05896,44,M,NORTH,
MEM-05897,52,F,EAST,
MEM-05898,25,F,NORTH,
MEM-05899,69,M,NORTH,
MEM-05900,52,F,NORTH,
MEM-05901,32,M,SOUTH,
MEM-05902,16,F,EAST,
MEM-05903,22,M,SOUTH,
MEM-05904,53,F,NORTH,
MEM-05905,28,F,EAST,
MEM-05906,37,F,EAST,
MEM-05907,75,F,WEST,
MEM-05908,19,M,SOUTH,
MEM-05909,12,M,NORTH,
MEM-05910,63,F,SOUTH,
MEM-05911,41,F,WEST,
MEM-05912,24,M,SOUTH,
MEM-05913,64,M,SOUTH,
MEM-05914,58,M,EAST,
MEM-05915,36,F,SOUTH,
MEM-05916,40,M,SOUTH,
MEM-05917,37,F,WEST,
MEM-05918,57,M,WEST,
MEM-05919,56,F,EAST,
MEM-05920,27,M,WEST,
MEM-05921,16,M,NORTH,
MEM-05922,21,M,SOUTH,
MEM-05923,31,M,EAST,
MEM-05924,31,M,NORTH,2025-09-27
MEM-05925,22,F,NORTH,
MEM-05926,95,F,SOUTH,
MEM-05927,46,M,WEST,
MEM-05928,24,M,WEST,
MEM-05929,26,F,NORTH,
MEM-05930,34,F,SOUTH,
MEM-05931,47,F,SOUTH,
MEM-05932,10,M,NORTH,
MEM-05933,24,M,WEST,
MEM-05934,47,M,EAST,
MEM-05935,34,F,NORTH,
MEM-05936,41,M,WEST,
MEM-05937,74,F,WEST,
MEM-05938,43,M,NORTH,
MEM-05939,54,M,WEST,
MEM-05940,26,F,WEST,
MEM-05941,26,M,WEST,
MEM-05942,46,M,NORTH,
MEM-05943,62,F,EAST,
MEM-05944,26,F,NORTH,
MEM-05945,35,M,EAST,
MEM-05946,33,F,EAST,
MEM-05947,56,F,WEST,
MEM-05948,21,M,EAST,
MEM-05949,13,F,EAST,
MEM-05950,37,M,NORTH,
MEM-05951,19,M,EAST,
MEM-05952,49,M,NORTH,
MEM-05953,34,F,NORTH,
MEM-05954,30,F,EAST,
MEM-05955,53,F,WEST,
MEM-05956,9,F,NORTH,
MEM-05957,42,F,WEST,
MEM-05958,40,F,WEST,
MEM-05959,52,M,EAST,
MEM-05960,26,M,SOUTH,
MEM-05961,31,M,WEST,
MEM-05962,55,F,SOUTH,
MEM-05963,29,M,NORTH,
MEM-05964,70,M,WEST,
MEM-05965,12,M,NORTH,
MEM-05966,37,F,EAST,
MEM-05967,36,F,EAST,
MEM-05968,27,F,WEST,
MEM-05969,49,M,SOUTH,
MEM-05970,74,M,WEST,
MEM-05971,17,M,WEST,
MEM-05972,31,M,NORTH,
MEM-05973,44,M,NORTH,
MEM-05974,26,M,SOUTH,
MEM-05975,18,M,EAST,
MEM-05976,60,M,NORTH,
MEM-05977,85,F,WEST,
MEM-05978,37,M,EAST,
MEM-05979,85,F,SOUTH,
MEM-05980,44,M,EAST,
MEM-05981,28,M,WEST,
MEM-05982,38,F,EAST,
MEM-05983,45,M,WEST,
MEM-05984,51,M,SOUTH,
MEM-05985,23,M,WEST,
MEM-05986,20,M,NORTH,
MEM-05987,36,M,NORTH,
MEM-05988,70,M,WEST,
MEM-05989,21,M,WEST,
MEM-05990,31,M,SOUTH,
MEM-05991,29,M,EAST,
MEM-05992,13,M,NORTH,
MEM-05993,23,M,WEST,
MEM-05994,46,M,EAST,
MEM-05995,43,F,EAST,
MEM-05996,64,M,EAST,
MEM-05997,50,M,WEST,
MEM-05998,55,M,SOUTH,
MEM-05999,50,F,WEST,
MEM-06000,66,F,NORTH,
MEM-06001,40,F,NORTH,
MEM-06002,71,M,WEST,
MEM-06003,25,F,NORTH,
MEM-06004,47,M,WEST,
MEM-06005,62,F,SOUTH,
MEM-06006,17,M,WEST,
MEM-06007,32,F,WEST,
MEM-06008,14,F,WEST,
MEM-06009,13,F,SOUTH,
MEM-06010,26,M,SOUTH,
MEM-06011,51,F,NORTH,
MEM-06012,32,F,WEST,
MEM-06013,50,M,SOUTH,
MEM-06014,16,F,EAST,
MEM-06015,34,F,EAST,
MEM-06016,47,F,SOUTH,
MEM-06017,44,F,NORTH,
MEM-06018,31,F,SOUTH,
MEM-06019,16,M,EAST,
MEM-06020,37,F,NORTH,
MEM-06021,37,M,EAST,
MEM-06022,75,M,WEST,
MEM-06023,32,F,EAST,
MEM-06024,26,F,NORTH,
MEM-06025,76,F,SOUTH,
MEM-06026,21,F,WEST,
MEM-06027,17,F,SOUTH,
MEM-06028,56,M,EAST,
MEM-06029,67,F,WEST,
MEM-06030,46,F,WEST,
MEM-06031,26,F,EAST,
MEM-06032,47,M,WEST,
MEM-06033,24,F,SOUTH,
MEM-06034,30,M,NORTH,
MEM-06035,50,F,NORTH,
MEM-06036,68,F,EAST,
MEM-06037,28,F,EAST,
MEM-06038,36,M,EAST,
MEM-06039,48,M,WEST,
MEM-06040,41,F,WEST,
MEM-06041,81,M,WEST,
MEM-06042,95,F,WEST,
MEM-06043,85,M,SOUTH,
MEM-06044,11,M,NORTH,
MEM-06045,39,M,EAST,
MEM-06046,19,F,NORTH,
MEM-06047,46,F,NORTH,
MEM-06048,38,M,NORTH,
MEM-06049,69,F,NORTH,
MEM-06050,46,M,NORTH,
MEM-06051,17,F,SOUTH,
MEM-06052,32,F,SOUTH,
MEM-06053,12,M,EAST,
MEM-06054,17,M,WEST,
MEM-06055,69,M,EAST,
MEM-06056,18,F,WEST,
MEM-06057,59,M,WEST,
MEM-06058,39,F,NORTH,
MEM-06059,41,M,SOUTH,
MEM-06060,29,F,SOUTH,
MEM-06061,57,M,WEST,
MEM-06062,41,F,WEST,
MEM-06063,54,M,SOUTH,
MEM-06064,42,M,SOUTH,
MEM-06065,38,M,SOUTH,
MEM-06066,88,M,NORTH,
MEM-06067,13,M,NORTH,
MEM-06068,48,F,EAST,
MEM-06069,28,M,EAST,
MEM-06070,43,M,EAST,
MEM-06071,29,M,WEST,
MEM-06072,38,F,WEST,
MEM-06073,95,F,EAST,
MEM-06074,49,F,NORTH,
MEM-06075,57,M,EAST,
MEM-06076,95,M,SOUTH,
MEM-06077,23,M,EAST,
MEM-06078,21,M,WEST,
MEM-06079,35,M,EAST,
MEM-06080,53,F,WEST,
MEM-06081,43,F,SOUTH,
MEM-06082,60,F,NORTH,
MEM-06083,76,M,NORTH,
MEM-06084,26,F,SOUTH,
MEM-06085,74,M,EAST,
MEM-06086,26,F,EAST,
MEM-06087,26,M,SOUTH,
MEM-06088,53,F,NORTH,
MEM-06089,20,M,NORTH,
MEM-06090,46,M,SOUTH,
MEM-06091,21,M,SOUTH,
MEM-06092,18,M,NORTH,
MEM-06093,20,F,WEST,
MEM-06094,41,F,NORTH,
MEM-06095,33,M,WEST,
MEM-06096,34,M,NORTH,
MEM-06097,50,M,WEST,
MEM-06098,40,F,SOUTH,
MEM-06099,50,F,EAST,
MEM-06100,24,M,EAST,
MEM-06101,47,M,WEST,
MEM-06102,26,F,SOUTH,
MEM-06103,24,M,WEST,
MEM-06104,54,F,EAST,
MEM-06105,26,F,EAST,
MEM-06106,67,M,EAST,
MEM-06107,52,F,WEST,
MEM-06108,22,M,EAST,
MEM-06109,40,M,NORTH,
MEM-06110,85,F,NORTH,
MEM-06111,27,F,EAST,
MEM-06112,30,M,EAST,
MEM-06113,50,M,SOUTH,
MEM-06114,39,M,SOUTH,
MEM-06115,52,M,WEST,
MEM-06116,31,F,WEST,
MEM-06117,29,F,SOUTH,
MEM-06118,30,F,EAST,
MEM-06119,59,F,SOUTH,
MEM-06120,17,M,SOUTH,
MEM-06121,36,F,EAST,
MEM-06122,23,M,EAST,
MEM-06123,56,M,WEST,
MEM-06124,44,F,EAST,
MEM-06125,33,F,NORTH,
MEM-06126,42,M,SOUTH,
MEM-06127,56,F,SOUTH,
MEM-06128,10,F,NORTH,
MEM-06129,13,M,SOUTH,
MEM-06130,7,F,EAST,
MEM-06131,29,F,SOUTH,
MEM-06132,16,F,NORTH,
MEM-06133,22,M,WEST,
MEM-06134,75,M,SOUTH,
MEM-06135,43,M,NORTH,
MEM-06136,17,M,SOUTH,
MEM-06137,55,F,EAST,
MEM-06138,43,M,SOUTH,
MEM-06139,78,M,EAST,
MEM-06140,35,F,SOUTH,
MEM-06141,35,F,NORTH,
MEM-06142,22,M,NORTH,
MEM-06143,48,M,EAST,
MEM-06144,61,F,NORTH,
MEM-06145,26,F,EAST,
MEM-06146,39,M,EAST,
MEM-06147,34,M,SOUTH,
MEM-06148,63,M,WEST,
MEM-06149,25,F,WEST,
MEM-06150,33,M,WEST,
MEM-06151,39,M,NORTH,
MEM-06152,48,F,NORTH,
MEM-06153,51,M,EAST,
MEM-06154,13,M,WEST,
MEM-06155,39,F,SOUTH,
MEM-06156,41,M,EAST,
MEM-06157,50,M,WEST,
MEM-06158,49,M,EAST,
MEM-06159,30,F,EAST,
MEM-06160,47,F,WEST,
MEM-06161,62,M,NORTH,
MEM-06162,68,F,SOUTH,
MEM-06163,34,M,WEST,
MEM-06164,28,M,EAST,
MEM-06165,39,M,WEST,
MEM-06166,58,M,SOUTH,
MEM-06167,32,M,WEST,
MEM-06168,33,F,WEST,
MEM-06169,61,F,NORTH,
MEM-06170,23,M,NORTH,
MEM-06171,62,M,WEST,
MEM-06172,69,F,SOUTH,
MEM-06173,44,F,EAST,
MEM-06174,94,F,EAST,
MEM-06175,90,M,EAST,
MEM-06176,56,M,SOUTH,
MEM-06177,28,M,EAST,
MEM-06178,66,M,WEST,2026-03-09
MEM-06179,24,M,WEST,
MEM-06180,62,M,SOUTH,
MEM-06181,11,F,EAST,
MEM-06182,76,M,SOUTH,
MEM-06183,45,F,EAST,
MEM-06184,20,F,EAST,
MEM-06185,49,F,NORTH,
MEM-06186,56,F,NORTH,
MEM-06187,24,M,EAST,
MEM-06188,24,M,NORTH,
MEM-06189,37,F,SOUTH,
MEM-06190,44,M,NORTH,
MEM-06191,39,F,WEST,
MEM-06192,33,M,EAST,
MEM-06193,26,F,WEST,
MEM-06194,53,M,SOUTH,
MEM-06195,90,M,SOUTH,
MEM-06196,36,M,EAST,
MEM-06197,49,F,NORTH,
MEM-06198,51,M,EAST,
MEM-06199,10,M,SOUTH,
MEM-06200,38,F,NORTH,
MEM-06201,54,F,NORTH,
MEM-06202,25,M,NORTH,
MEM-06203,81,M,WEST,
MEM-06204,39,M,WEST,
MEM-06205,41,M,EAST,
MEM-06206,35,M,EAST,
MEM-06207,5,F,NORTH,
MEM-06208,46,F,NORTH,
MEM-06209,43,M,SOUTH,
MEM-06210,64,F,SOUTH,
MEM-06211,55,M,EAST,
MEM-06212,43,F,WEST,
MEM-06213,54,M,SOUTH,
MEM-06214,24,F,WEST,
MEM-06215,70,M,NORTH,
MEM-06216,53,F,SOUTH,
MEM-06217,63,F,WEST,
MEM-06218,56,M,SOUTH,
MEM-06219,80,F,EAST,
MEM-06220,95,F,WEST,
MEM-06221,29,M,EAST,
MEM-06222,46,F,EAST,
MEM-06223,41,F,SOUTH,
MEM-06224,31,M,NORTH,
MEM-06225,67,M,NORTH,
MEM-06226,41,M,WEST,
MEM-06227,67,M,WEST,
MEM-06228,33,F,NORTH,
MEM-06229,67,F,SOUTH,
MEM-06230,11,M,SOUTH,
MEM-06231,74,M,SOUTH,
MEM-06232,15,F,EAST,
MEM-06233,15,F,WEST,
MEM-06234,46,M,SOUTH,
MEM-06235,16,M,WEST,
MEM-06236,28,F,WEST,
MEM-06237,53,M,SOUTH,
MEM-06238,17,M,WEST,
MEM-06239,14,F,EAST,
MEM-06240,12,F,SOUTH,
MEM-06241,24,M,SOUTH,
MEM-06242,18,M,WEST,
MEM-06243,50,F,WEST,
MEM-06244,28,F,NORTH,
MEM-06245,50,M,SOUTH,
MEM-06246,28,M,NORTH,
MEM-06247,33,M,EAST,
MEM-06248,22,M,NORTH,
MEM-06249,34,M,NORTH,
MEM-06250,86,F,WEST,
MEM-06251,16,F,NORTH,
MEM-06252,78,F,WEST,
MEM-06253,29,M,SOUTH,
MEM-06254,24,M,EAST,
MEM-06255,23,M,WEST,
MEM-06256,40,M,SOUTH,
MEM-06257,43,F,WEST,
MEM-06258,12,M,EAST,
MEM-06259,81,M,NORTH,
MEM-06260,20,M,EAST,
MEM-06261,18,M,SOUTH,
MEM-06262,35,F,NORTH,
MEM-06263,24,M,NORTH,
MEM-06264,28,M,WEST,
MEM-06265,51,M,SOUTH,
MEM-06266,21,F,NORTH,
MEM-06267,24,M,SOUTH,
MEM-06268,95,M,SOUTH,
MEM-06269,49,M,NORTH,
MEM-06270,28,F,WEST,
MEM-06271,26,M,SOUTH,
MEM-06272,52,F,EAST,
MEM-06273,41,M,SOUTH,
MEM-06274,35,M,EAST,
MEM-06275,16,M,EAST,
MEM-06276,58,M,EAST,
MEM-06277,45,M,SOUTH,
MEM-06278,13,M,WEST,
MEM-06279,19,F,EAST,
MEM-06280,15,F,EAST,
MEM-06281,29,M,NORTH,
MEM-06282,15,M,EAST,
MEM-06283,41,M,WEST,
MEM-06284,52,F,EAST,
MEM-06285,45,F,WEST,
MEM-06286,15,M,SOUTH,
MEM-06287,29,F,NORTH,
MEM-06288,39,M,WEST,
MEM-06289,45,M,WEST,
MEM-06290,51,M,WEST,
MEM-06291,48,M,SOUTH,
MEM-06292,35,M,NORTH,
MEM-06293,73,M,EAST,
MEM-06294,35,F,EAST,
MEM-06295,59,M,WEST,
MEM-06296,18,M,NORTH,
MEM-06297,54,M,NORTH,
MEM-06298,24,M,SOUTH,
MEM-06299,31,M,NORTH,
MEM-06300,23,F,WEST,
MEM-06301,45,F,WEST,
MEM-06302,28,F,NORTH,
MEM-06303,59,M,NORTH,
MEM-06304,31,F,WEST,
MEM-06305,67,F,EAST,
MEM-06306,22,M,EAST,
MEM-06307,20,M,NORTH,
MEM-06308,95,F,NORTH,
MEM-06309,37,F,SOUTH,
MEM-06310,23,M,SOUTH,
MEM-06311,40,M,SOUTH,
MEM-06312,16,F,NORTH,
MEM-06313,48,M,SOUTH,
MEM-06314,56,M,EAST,
MEM-06315,29,M,EAST,
MEM-06316,54,M,WEST,
MEM-06317,48,M,SOUTH,
MEM-06318,44,F,EAST,
MEM-06319,9,M,NORTH,
MEM-06320,68,F,SOUTH,
MEM-06321,60,M,SOUTH,
MEM-06322,58,F,SOUTH,
MEM-06323,21,M,WEST,
MEM-06324,61,F,SOUTH,
MEM-06325,29,F,NORTH,
MEM-06326,52,M,WEST,
MEM-06327,43,M,SOUTH,
MEM-06328,65,M,NORTH,
MEM-06329,32,M,NORTH,
MEM-06330,66,F,NORTH,
MEM-06331,94,M,NORTH,
MEM-06332,63,M,EAST,
MEM-06333,83,F,WEST,
MEM-06334,35,F,SOUTH,
MEM-06335,62,F,EAST,
MEM-06336,17,F,NORTH,
MEM-06337,39,M,NORTH,
MEM-06338,57,M,WEST,
MEM-06339,37,M,WEST,
MEM-06340,72,M,SOUTH,
MEM-06341,41,F,WEST,
MEM-06342,45,M,NORTH,
MEM-06343,34,M,NORTH,
MEM-06344,77,M,WEST,
MEM-06345,34,F,EAST,
MEM-06346,17,M,SOUTH,
MEM-06347,36,M,SOUTH,
MEM-06348,22,F,EAST,
MEM-06349,22,M,NORTH,
MEM-06350,72,M,NORTH,
MEM-06351,24,F,EAST,
MEM-06352,12,F,EAST,
MEM-06353,30,F,EAST,
MEM-06354,37,F,WEST,
MEM-06355,27,M,WEST,
MEM-06356,16,M,WEST,
MEM-06357,95,M,SOUTH,
MEM-06358,76,M,NORTH,
MEM-06359,48,M,NORTH,
MEM-06360,64,M,WEST,
MEM-06361,24,M,NORTH,
MEM-06362,38,F,WEST,
MEM-06363,33,M,SOUTH,
MEM-06364,25,M,EAST,
MEM-06365,75,M,WEST,
MEM-06366,40,F,SOUTH,
MEM-06367,57,F,SOUTH,
MEM-06368,29,M,NORTH,
MEM-06369,35,M,SOUTH,
MEM-06370,59,F,NORTH,
MEM-06371,86,M,NORTH,
MEM-06372,53,F,EAST,
MEM-06373,11,M,SOUTH,
MEM-06374,15,M,SOUTH,
MEM-06375,36,M,SOUTH,
MEM-06376,13,M,WEST,
MEM-06377,62,F,SOUTH,
MEM-06378,46,F,EAST,
MEM-06379,38,M,EAST,
MEM-06380,18,F,SOUTH,
MEM-06381,95,M,SOUTH,
MEM-06382,23,M,EAST,
MEM-06383,22,M,EAST,
MEM-06384,28,F,WEST,
MEM-06385,26,M,EAST,
MEM-06386,49,M,NORTH,
MEM-06387,57,M,EAST,
MEM-06388,46,F,NORTH,
MEM-06389,21,F,WEST,
MEM-06390,65,M,NORTH,
MEM-06391,64,F,EAST,
MEM-06392,40,F,NORTH,
MEM-06393,92,F,NORTH,
MEM-06394,32,M,SOUTH,
MEM-06395,39,M,EAST,
MEM-06396,13,F,EAST,
MEM-06397,34,M,EAST,
MEM-06398,23,F,EAST,
MEM-06399,37,M,SOUTH,
MEM-06400,34,M,EAST,
MEM-06401,32,F,EAST,
MEM-06402,68,F,NORTH,
MEM-06403,64,M,SOUTH,
MEM-06404,63,F,EAST,
MEM-06405,39,M,EAST,
MEM-06406,33,M,EAST,
MEM-06407,45,F,SOUTH,
MEM-06408,41,M,EAST,
MEM-06409,49,F,SOUTH,
MEM-06410,44,F,SOUTH,
MEM-06411,31,M,WEST,
MEM-06412,36,F,EAST,
MEM-06413,39,F,WEST,
MEM-06414,71,M,SOUTH,
MEM-06415,44,F,SOUTH,
MEM-06416,40,F,WEST,
MEM-06417,44,M,WEST,
MEM-06418,30,F,SOUTH,
MEM-06419,50,M,NORTH,
MEM-06420,28,F,NORTH,
MEM-06421,21,F,NORTH,
MEM-06422,44,M,SOUTH,
MEM-06423,40,F,NORTH,
MEM-06424,4,F,NORTH,
MEM-06425,51,M,WEST,
MEM-06426,61,F,WEST,
MEM-06427,22,F,EAST,
MEM-06428,34,F,NORTH,
MEM-06429,54,M,WEST,
MEM-06430,78,F,WEST,
MEM-06431,68,M,SOUTH,
MEM-06432,42,F,WEST,
MEM-06433,17,F,EAST,
MEM-06434,91,F,WEST,
MEM-06435,28,F,EAST,
MEM-06436,84,M,SOUTH,
MEM-06437,68,F,NORTH,
MEM-06438,84,F,NORTH,
MEM-06439,42,M,NORTH,
MEM-06440,76,F,WEST,
MEM-06441,24,M,EAST,
MEM-06442,59,F,WEST,
MEM-06443,54,M,NORTH,
MEM-06444,38,M,NORTH,
MEM-06445,19,M,SOUTH,
MEM-06446,71,F,WEST,
MEM-06447,38,M,NORTH,
MEM-06448,52,F,SOUTH,
MEM-06449,66,F,WEST,
MEM-06450,27,F,SOUTH,
MEM-06451,32,F,WEST,
MEM-06452,41,M,EAST,
MEM-06453,35,F,NORTH,
MEM-06454,42,F,WEST,
MEM-06455,95,F,WEST,
MEM-06456,59,M,SOUTH,
MEM-06457,47,F,WEST,
MEM-06458,49,F,SOUTH,
MEM-06459,49,F,NORTH,
MEM-06460,45,M,SOUTH,
MEM-06461,49,M,WEST,
MEM-06462,40,F,EAST,
MEM-06463,33,M,EAST,
MEM-06464,69,M,EAST,
MEM-06465,95,M,WEST,
MEM-06466,25,F,EAST,
MEM-06467,43,M,NORTH,
MEM-06468,13,F,EAST,
MEM-06469,60,F,SOUTH,
MEM-06470,25,F,SOUTH,
MEM-06471,26,M,WEST,
MEM-06472,4,F,SOUTH,
MEM-06473,28,F,SOUTH,
MEM-06474,59,M,WEST,
MEM-06475,23,M,WEST,
MEM-06476,95,M,EAST,
MEM-06477,42,M,WEST,
MEM-06478,54,F,EAST,
MEM-06479,66,F,EAST,
MEM-06480,16,F,EAST,
MEM-06481,55,F,SOUTH,
MEM-06482,37,F,SOUTH,
MEM-06483,70,F,SOUTH,
MEM-06484,16,M,SOUTH,
MEM-06485,24,M,EAST,
MEM-06486,36,M,SOUTH,
MEM-06487,95,F,SOUTH,
MEM-06488,27,M,EAST,
MEM-06489,43,M,SOUTH,
MEM-06490,14,M,WEST,
MEM-06491,34,M,SOUTH,
MEM-06492,92,F,EAST,
MEM-06493,36,F,SOUTH,
MEM-06494,37,F,NORTH,
MEM-06495,57,F,NORTH,
MEM-06496,40,F,WEST,
MEM-06497,95,M,NORTH,
MEM-06498,56,F,EAST,
MEM-06499,32,M,WEST,
MEM-06500,54,M,NORTH,
MEM-06501,31,F,NORTH,
MEM-06502,25,M,EAST,
MEM-06503,65,F,WEST,
MEM-06504,14,M,WEST,
MEM-06505,60,M,NORTH,
MEM-06506,41,M,NORTH,
MEM-06507,36,M,WEST,
MEM-06508,48,F,EAST,
MEM-06509,45,M,NORTH,
MEM-06510,29,F,NORTH,
MEM-06511,42,F,EAST,
MEM-06512,25,F,NORTH,
MEM-06513,10,F,NORTH,
MEM-06514,56,M,WEST,
MEM-06515,89,M,NORTH,
MEM-06516,38,M,WEST,
MEM-06517,64,F,EAST,
MEM-06518,34,F,WEST,
MEM-06519,38,M,SOUTH,
MEM-06520,40,F,SOUTH,
MEM-06521,73,M,NORTH,
MEM-06522,16,F,SOUTH,
MEM-06523,26,M,EAST,
MEM-06524,49,M,WEST,
MEM-06525,61,M,EAST,
MEM-06526,28,F,WEST,
MEM-06527,14,M,EAST,
MEM-06528,43,M,SOUTH,
MEM-06529,34,F,SOUTH,
MEM-06530,8,F,EAST,
MEM-06531,67,M,WEST,
MEM-06532,50,M,SOUTH,
MEM-06533,45,F,SOUTH,
MEM-06534,31,M,NORTH,
MEM-06535,26,M,NORTH,
MEM-06536,53,F,NORTH,
MEM-06537,63,M,NORTH,
MEM-06538,43,F,SOUTH,
MEM-06539,38,F,WEST,
MEM-06540,54,M,WEST,
MEM-06541,53,M,WEST,
MEM-06542,43,F,EAST,
MEM-06543,75,M,NORTH,
MEM-06544,78,F,SOUTH,
MEM-06545,27,F,WEST,
MEM-06546,33,M,NORTH,
MEM-06547,26,F,NORTH,
MEM-06548,46,F,NORTH,
MEM-06549,17,F,WEST,
MEM-06550,36,F,EAST,
MEM-06551,70,F,WEST,
MEM-06552,83,M,SOUTH,
MEM-06553,20,M,NORTH,
MEM-06554,29,M,EAST,
MEM-06555,32,F,SOUTH,
MEM-06556,49,F,NORTH,
MEM-06557,16,F,WEST,
MEM-06558,21,F,EAST,
MEM-06559,40,F,NORTH,
MEM-06560,16,M,SOUTH,
MEM-06561,75,M,SOUTH,
MEM-06562,32,F,SOUTH,
MEM-06563,23,F,NORTH,
MEM-06564,53,M,EAST,
MEM-06565,64,M,SOUTH,
MEM-06566,54,F,SOUTH,
MEM-06567,45,M,NORTH,
MEM-06568,40,F,WEST,
MEM-06569,21,F,SOUTH,
MEM-06570,26,M,SOUTH,
MEM-06571,39,F,NORTH,
MEM-06572,18,M,SOUTH,
MEM-06573,28,F,NORTH,
MEM-06574,70,F,NORTH,
MEM-06575,23,F,SOUTH,
MEM-06576,62,F,NORTH,
MEM-06577,39,F,EAST,
MEM-06578,33,M,NORTH,
MEM-06579,15,M,WEST,
MEM-06580,52,F,SOUTH,
MEM-06581,26,F,SOUTH,
MEM-06582,26,F,WEST,
MEM-06583,41,M,WEST,
MEM-06584,19,F,WEST,
MEM-06585,19,M,SOUTH,
MEM-06586,14,F,WEST,
MEM-06587,38,F,SOUTH,
MEM-06588,46,F,EAST,
MEM-06589,61,F,NORTH,
MEM-06590,34,M,SOUTH,
MEM-06591,65,F,EAST,
MEM-06592,18,M,WEST,
MEM-06593,75,M,NORTH,
MEM-06594,44,F,SOUTH,
MEM-06595,20,M,EAST,
MEM-06596,72,F,NORTH,
MEM-06597,27,M,WEST,
MEM-06598,83,M,SOUTH,
MEM-06599,23,M,EAST,
MEM-06600,95,F,NORTH,
MEM-06601,35,F,SOUTH,
MEM-06602,20,F,WEST,
MEM-06603,26,M,NORTH,
MEM-06604,37,M,SOUTH,
MEM-06605,37,F,NORTH,
MEM-06606,24,M,EAST,
MEM-06607,41,F,WEST,
MEM-06608,47,F,WEST,
MEM-06609,73,F,WEST,
MEM-06610,24,F,NORTH,
MEM-06611,39,F,WEST,
MEM-06612,55,F,NORTH,
MEM-06613,34,M,NORTH,
MEM-06614,39,F,SOUTH,
MEM-06615,28,F,SOUTH,
MEM-06616,95,M,NORTH,
MEM-06617,24,F,EAST,
MEM-06618,56,M,EAST,
MEM-06619,38,M,NORTH,
MEM-06620,18,F,WEST,
MEM-06621,47,M,WEST,
MEM-06622,64,F,SOUTH,
MEM-06623,40,M,SOUTH,
MEM-06624,65,M,NORTH,
MEM-06625,7,F,NORTH,
MEM-06626,26,F,EAST,
MEM-06627,21,F,SOUTH,
MEM-06628,22,F,NORTH,
MEM-06629,75,M,EAST,
MEM-06630,79,F,WEST,
MEM-06631,53,M,WEST,
MEM-06632,36,M,WEST,
MEM-06633,35,M,EAST,
MEM-06634,47,F,EAST,
MEM-06635,53,M,SOUTH,
MEM-06636,48,M,NORTH,
MEM-06637,21,M,SOUTH,
MEM-06638,16,M,SOUTH,
MEM-06639,34,F,NORTH,
MEM-06640,39,F,WEST,
MEM-06641,95,M,EAST,
MEM-06642,52,F,WEST,
MEM-06643,9,M,EAST,
MEM-06644,14,F,NORTH,
MEM-06645,29,F,SOUTH,
MEM-06646,42,M,SOUTH,
MEM-06647,70,F,EAST,
MEM-06648,78,F,SOUTH,
MEM-06649,40,F,SOUTH,
MEM-06650,17,F,EAST,
MEM-06651,54,M,EAST,
MEM-06652,59,F,NORTH,
MEM-06653,27,M,WEST,
MEM-06654,63,F,NORTH,
MEM-06655,68,F,SOUTH,
MEM-06656,76,F,NORTH,
MEM-06657,63,F,EAST,
MEM-06658,32,F,EAST,
MEM-06659,60,M,WEST,
MEM-06660,70,M,WEST,
MEM-06661,30,M,EAST,
MEM-06662,54,M,SOUTH,
MEM-06663,28,F,SOUTH,
MEM-06664,70,F,EAST,
MEM-06665,62,M,WEST,
MEM-06666,33,F,WEST,
MEM-06667,45,F,WEST,
MEM-06668,43,M,EAST,
MEM-06669,13,M,SOUTH,
MEM-06670,55,M,SOUTH,
MEM-06671,23,M,NORTH,
MEM-06672,18,F,NORTH,
MEM-06673,18,F,NORTH,
MEM-06674,20,M,WEST,
MEM-06675,95,F,EAST,
MEM-06676,53,M,SOUTH,
MEM-06677,77,M,NORTH,
MEM-06678,34,M,NORTH,
MEM-06679,19,F,SOUTH,
MEM-06680,68,M,WEST,
MEM-06681,41,F,NORTH,
MEM-06682,95,F,SOUTH,
MEM-06683,49,F,NORTH,
MEM-06684,25,M,SOUTH,
MEM-06685,81,F,SOUTH,
MEM-06686,84,F,EAST,
MEM-06687,65,M,NORTH,
MEM-06688,65,M,WEST,
MEM-06689,81,M,EAST,
MEM-06690,48,F,SOUTH,
MEM-06691,72,M,NORTH,
MEM-06692,95,F,WEST,
MEM-06693,60,M,NORTH,
MEM-06694,66,M,NORTH,
MEM-06695,22,F,WEST,
MEM-06696,68,M,EAST,
MEM-06697,71,F,NORTH,
MEM-06698,22,M,SOUTH,
MEM-06699,35,M,SOUTH,
MEM-06700,17,F,WEST,
MEM-06701,41,M,NORTH,
MEM-06702,44,M,WEST,
MEM-06703,36,M,EAST,
MEM-06704,52,M,WEST,
MEM-06705,30,M,SOUTH,
MEM-06706,50,M,EAST,
MEM-06707,23,M,WEST,
MEM-06708,43,M,WEST,
MEM-06709,45,F,NORTH,
MEM-06710,35,M,NORTH,
MEM-06711,69,F,EAST,
MEM-06712,45,F,SOUTH,
MEM-06713,34,F,EAST,
MEM-06714,37,M,EAST,
MEM-06715,67,F,NORTH,
MEM-06716,24,M,NORTH,
MEM-06717,26,M,WEST,
MEM-06718,18,M,NORTH,
MEM-06719,40,M,SOUTH,
MEM-06720,22,M,NORTH,
MEM-06721,58,M,WEST,
MEM-06722,42,M,NORTH,
MEM-06723,47,F,SOUTH,
MEM-06724,53,F,NORTH,
MEM-06725,62,F,EAST,
MEM-06726,21,M,WEST,
MEM-06727,77,M,EAST,
MEM-06728,45,M,WEST,
MEM-06729,63,M,SOUTH,
MEM-06730,18,M,SOUTH,
MEM-06731,59,F,NORTH,
MEM-06732,32,F,EAST,
MEM-06733,47,M,SOUTH,
MEM-06734,95,F,SOUTH,
MEM-06735,20,F,NORTH,
MEM-06736,45,M,NORTH,
MEM-06737,49,M,SOUTH,
MEM-06738,45,M,SOUTH,
MEM-06739,19,F,NORTH,
MEM-06740,23,F,WEST,
MEM-06741,79,M,SOUTH,
MEM-06742,51,M,NORTH,
MEM-06743,31,F,EAST,
MEM-06744,48,M,EAST,
MEM-06745,53,F,EAST,
MEM-06746,21,M,WEST,
MEM-06747,77,M,WEST,
MEM-06748,89,F,WEST,
MEM-06749,36,F,NORTH,
MEM-06750,71,F,WEST,
MEM-06751,17,M,SOUTH,
MEM-06752,40,F,NORTH,
MEM-06753,22,M,SOUTH,
MEM-06754,28,F,NORTH,
MEM-06755,22,M,SOUTH,
MEM-06756,59,F,EAST,
MEM-06757,53,F,NORTH,
MEM-06758,31,M,SOUTH,
MEM-06759,62,F,NORTH,
MEM-06760,59,F,NORTH,
MEM-06761,31,M,SOUTH,
MEM-06762,14,F,NORTH,
MEM-06763,46,M,EAST,
MEM-06764,74,F,EAST,
MEM-06765,93,F,NORTH,
MEM-06766,68,M,SOUTH,
MEM-06767,15,F,WEST,
MEM-06768,95,F,SOUTH,
MEM-06769,46,F,NORTH,
MEM-06770,34,F,NORTH,
MEM-06771,43,F,EAST,
MEM-06772,55,F,EAST,
MEM-06773,26,M,NORTH,
MEM-06774,43,F,NORTH,
MEM-06775,50,F,SOUTH,
MEM-06776,38,F,WEST,
MEM-06777,41,F,NORTH,
MEM-06778,35,M,WEST,
MEM-06779,30,M,WEST,
MEM-06780,57,M,WEST,
MEM-06781,27,M,WEST,
MEM-06782,74,M,NORTH,
MEM-06783,49,M,SOUTH,
MEM-06784,22,M,WEST,
MEM-06785,60,M,NORTH,
MEM-06786,33,M,NORTH,
MEM-06787,60,M,EAST,
MEM-06788,19,F,SOUTH,
MEM-06789,47,F,WEST,
MEM-06790,43,M,EAST,
MEM-06791,14,M,SOUTH,
MEM-06792,33,M,SOUTH,
MEM-06793,26,M,EAST,
MEM-06794,27,M,EAST,
MEM-06795,78,F,NORTH,
MEM-06796,24,F,EAST,
MEM-06797,24,M,SOUTH,
MEM-06798,36,F,EAST,
MEM-06799,50,M,EAST,
MEM-06800,56,M,SOUTH,
MEM-06801,51,M,NORTH,
MEM-06802,65,M,SOUTH,
MEM-06803,26,F,SOUTH,
MEM-06804,57,F,NORTH,
MEM-06805,56,F,NORTH,
MEM-06806,86,M,SOUTH,
MEM-06807,23,F,EAST,
MEM-06808,48,F,NORTH,
MEM-06809,14,M,WEST,
MEM-06810,60,M,EAST,
MEM-06811,93,M,WEST,
MEM-06812,24,M,NORTH,
MEM-06813,43,F,NORTH,
MEM-06814,32,M,SOUTH,
MEM-06815,43,F,EAST,
MEM-06816,72,M,NORTH,
MEM-06817,27,F,SOUTH,
MEM-06818,61,M,NORTH,
MEM-06819,48,M,WEST,
MEM-06820,61,F,WEST,
MEM-06821,28,F,WEST,
MEM-06822,22,M,EAST,
MEM-06823,23,F,NORTH,
MEM-06824,38,F,NORTH,
MEM-06825,49,M,SOUTH,
MEM-06826,71,F,SOUTH,
MEM-06827,42,F,EAST,
MEM-06828,37,F,NORTH,
MEM-06829,71,F,EAST,
MEM-06830,65,M,EAST,
MEM-06831,10,M,WEST,
MEM-06832,28,F,NORTH,
MEM-06833,27,F,NORTH,
MEM-06834,53,M,NORTH,
MEM-06835,46,F,SOUTH,
MEM-06836,53,F,NORTH,
MEM-06837,32,M,WEST,
MEM-06838,33,F,WEST,
MEM-06839,25,F,WEST,
MEM-06840,40,F,WEST,
MEM-06841,50,F,EAST,
MEM-06842,72,F,NORTH,
MEM-06843,21,F,WEST,
MEM-06844,89,F,NORTH,
MEM-06845,34,M,SOUTH,
MEM-06846,34,F,EAST,
MEM-06847,37,M,NORTH,
MEM-06848,52,M,EAST,
MEM-06849,36,F,SOUTH,
MEM-06850,73,F,EAST,
MEM-06851,29,F,SOUTH,
MEM-06852,91,F,NORTH,
MEM-06853,32,M,EAST,
MEM-06854,35,F,SOUTH,
MEM-06855,47,F,WEST,
MEM-06856,47,M,SOUTH,
MEM-06857,38,F,NORTH,
MEM-06858,37,F,SOUTH,
MEM-06859,32,F,SOUTH,
MEM-06860,20,F,SOUTH,
MEM-06861,27,M,WEST,
MEM-06862,47,F,EAST,
MEM-06863,37,F,NORTH,
MEM-06864,12,M,EAST,
MEM-06865,73,M,NORTH,
MEM-06866,28,M,NORTH,
MEM-06867,7,M,SOUTH,
MEM-06868,23,M,NORTH,
MEM-06869,50,M,EAST,
MEM-06870,17,M,NORTH,
MEM-06871,22,F,NORTH,
MEM-06872,36,M,EAST,
MEM-06873,62,M,SOUTH,
MEM-06874,55,F,SOUTH,
MEM-06875,89,M,WEST,
MEM-06876,32,M,SOUTH,
MEM-06877,23,F,EAST,
MEM-06878,45,M,WEST,
MEM-06879,38,M,SOUTH,
MEM-06880,10,M,SOUTH,
MEM-06881,23,M,NORTH,
MEM-06882,20,F,WEST,
MEM-06883,43,F,NORTH,
MEM-06884,53,F,EAST,
MEM-06885,34,F,NORTH,
MEM-06886,55,F,NORTH,
MEM-06887,52,M,EAST,
MEM-06888,24,M,SOUTH,
MEM-06889,26,F,NORTH,
MEM-06890,39,F,SOUTH,
MEM-06891,23,F,WEST,
MEM-06892,90,M,EAST,
MEM-06893,57,F,NORTH,
MEM-06894,42,F,SOUTH,
MEM-06895,20,M,EAST,
MEM-06896,41,M,WEST,
MEM-06897,86,F,EAST,
MEM-06898,59,F,WEST,
MEM-06899,48,M,SOUTH,
MEM-06900,55,F,WEST,
MEM-06901,18,F,NORTH,
MEM-06902,29,M,EAST,
MEM-06903,24,M,NORTH,
MEM-06904,27,F,NORTH,
MEM-06905,17,M,NORTH,
MEM-06906,29,M,NORTH,
MEM-06907,14,M,NORTH,
MEM-06908,33,F,SOUTH,
MEM-06909,34,F,SOUTH,
MEM-06910,88,F,NORTH,
MEM-06911,52,M,NORTH,
MEM-06912,73,M,WEST,
MEM-06913,30,F,NORTH,
MEM-06914,45,F,WEST,
MEM-06915,6,F,WEST,
MEM-06916,43,M,WEST,
MEM-06917,44,F,SOUTH,
MEM-06918,95,F,NORTH,
MEM-06919,40,M,EAST,
MEM-06920,34,M,EAST,
MEM-06921,39,F,WEST,
MEM-06922,53,F,EAST,
MEM-06923,49,F,SOUTH,
MEM-06924,89,F,EAST,
MEM-06925,44,F,NORTH,
MEM-06926,49,M,EAST,
MEM-06927,30,M,SOUTH,
MEM-06928,35,F,SOUTH,
MEM-06929,30,M,NORTH,
MEM-06930,26,M,NORTH,
MEM-06931,85,F,SOUTH,
MEM-06932,42,F,NORTH,
MEM-06933,16,M,SOUTH,
MEM-06934,29,M,EAST,
MEM-06935,30,M,EAST,
MEM-06936,46,M,NORTH,
MEM-06937,26,M,SOUTH,
MEM-06938,33,F,WEST,
MEM-06939,21,F,EAST,
MEM-06940,52,F,WEST,
MEM-06941,57,M,WEST,
MEM-06942,81,M,NORTH,
MEM-06943,41,F,NORTH,
MEM-06944,73,M,SOUTH,
MEM-06945,48,F,EAST,
MEM-06946,34,F,EAST,
MEM-06947,21,F,SOUTH,
MEM-06948,61,F,WEST,
MEM-06949,73,M,EAST,
MEM-06950,34,F,NORTH,
MEM-06951,35,M,NORTH,
MEM-06952,86,F,WEST,
MEM-06953,17,F,NORTH,
MEM-06954,85,F,NORTH,
MEM-06955,29,F,EAST,
MEM-06956,43,M,NORTH,
MEM-06957,87,F,SOUTH,
MEM-06958,32,F,SOUTH,
MEM-06959,29,M,WEST,
MEM-06960,28,F,EAST,
MEM-06961,46,F,EAST,
MEM-06962,79,F,SOUTH,
MEM-06963,42,F,EAST,
MEM-06964,65,M,EAST,
MEM-06965,25,M,WEST,
MEM-06966,31,F,NORTH,
MEM-06967,95,F,SOUTH,
MEM-06968,25,M,EAST,
MEM-06969,25,F,EAST,
MEM-06970,39,F,NORTH,
MEM-06971,46,M,SOUTH,
MEM-06972,41,M,EAST,
MEM-06973,26,F,NORTH,
MEM-06974,27,M,SOUTH,
MEM-06975,47,F,WEST,
MEM-06976,35,M,SOUTH,
MEM-06977,38,M,SOUTH,
MEM-06978,70,M,NORTH,
MEM-06979,28,F,EAST,
MEM-06980,23,F,SOUTH,
MEM-06981,51,F,NORTH,
MEM-06982,41,F,WEST,
MEM-06983,43,F,SOUTH,
MEM-06984,41,M,WEST,
MEM-06985,42,F,SOUTH,
MEM-06986,24,M,NORTH,
MEM-06987,36,F,WEST,
MEM-06988,29,M,EAST,
MEM-06989,61,F,WEST,
MEM-06990,26,M,EAST,
MEM-06991,38,M,SOUTH,
MEM-06992,18,M,EAST,
MEM-06993,95,M,EAST,
MEM-06994,16,F,SOUTH,
MEM-06995,32,F,WEST,
MEM-06996,23,F,SOUTH,
MEM-06997,16,F,EAST,
MEM-06998,47,M,SOUTH,
MEM-06999,29,F,SOUTH,
MEM-07000,36,M,NORTH,
MEM-07001,45,F,EAST,
MEM-07002,47,M,SOUTH,
MEM-07003,25,F,WEST,
MEM-07004,18,M,WEST,
MEM-07005,64,M,SOUTH,
MEM-07006,25,M,EAST,
MEM-07007,52,F,SOUTH,
MEM-07008,29,M,NORTH,
MEM-07009,34,F,EAST,
MEM-07010,25,F,WEST,
MEM-07011,20,M,NORTH,
MEM-07012,61,M,SOUTH,
MEM-07013,48,M,NORTH,
MEM-07014,33,M,EAST,
MEM-07015,61,F,SOUTH,
MEM-07016,26,F,NORTH,
MEM-07017,36,M,EAST,
MEM-07018,39,M,EAST,
MEM-07019,91,M,NORTH,
MEM-07020,28,F,WEST,
MEM-07021,50,F,SOUTH,
MEM-07022,77,F,NORTH,
MEM-07023,37,F,WEST,
MEM-07024,77,F,WEST,
MEM-07025,72,F,EAST,
MEM-07026,12,F,EAST,
MEM-07027,30,M,WEST,
MEM-07028,43,F,WEST,
MEM-07029,51,F,EAST,
MEM-07030,12,F,EAST,
MEM-07031,82,M,WEST,
MEM-07032,46,M,NORTH,
MEM-07033,51,F,NORTH,
MEM-07034,63,M,EAST,
MEM-07035,44,M,WEST,
MEM-07036,78,F,EAST,
MEM-07037,42,F,NORTH,
MEM-07038,30,F,NORTH,
MEM-07039,51,M,WEST,
MEM-07040,22,F,EAST,
MEM-07041,38,M,WEST,
MEM-07042,74,M,SOUTH,
MEM-07043,12,F,NORTH,
MEM-07044,67,M,SOUTH,
MEM-07045,44,F,EAST,
MEM-07046,95,M,EAST,
MEM-07047,26,F,WEST,
MEM-07048,12,M,NORTH,
MEM-07049,55,F,WEST,
MEM-07050,19,F,NORTH,
MEM-07051,56,M,WEST,
MEM-07052,37,F,WEST,
MEM-07053,77,M,NORTH,
MEM-07054,35,M,NORTH,
MEM-07055,42,F,EAST,
MEM-07056,10,F,SOUTH,
MEM-07057,22,F,WEST,
MEM-07058,20,F,EAST,
MEM-07059,67,F,EAST,
MEM-07060,32,M,SOUTH,
MEM-07061,81,F,SOUTH,
MEM-07062,19,F,SOUTH,
MEM-07063,36,F,NORTH,
MEM-07064,41,F,NORTH,
MEM-07065,66,M,EAST,
MEM-07066,3,F,NORTH,
MEM-07067,39,M,EAST,
MEM-07068,31,F,SOUTH,
MEM-07069,32,M,SOUTH,
MEM-07070,74,F,EAST,
MEM-07071,27,M,EAST,
MEM-07072,30,M,EAST,
MEM-07073,44,M,NORTH,
MEM-07074,59,F,SOUTH,
MEM-07075,23,M,NORTH,
MEM-07076,27,M,WEST,
MEM-07077,35,M,SOUTH,
MEM-07078,16,M,EAST,
MEM-07079,67,F,SOUTH,
MEM-07080,69,M,EAST,
MEM-07081,95,F,NORTH,
MEM-07082,53,M,WEST,
MEM-07083,27,F,EAST,
MEM-07084,32,M,NORTH,
MEM-07085,36,M,WEST,
MEM-07086,40,F,EAST,
MEM-07087,10,M,EAST,
MEM-07088,48,F,EAST,
MEM-07089,92,M,SOUTH,
MEM-07090,24,M,NORTH,
MEM-07091,59,F,EAST,
MEM-07092,50,M,NORTH,
MEM-07093,51,M,NORTH,
MEM-07094,22,F,EAST,
MEM-07095,73,M,EAST,
MEM-07096,86,F,NORTH,
MEM-07097,95,M,SOUTH,
MEM-07098,47,M,WEST,
MEM-07099,26,M,EAST,
MEM-07100,24,M,SOUTH,
MEM-07101,41,M,WEST,
MEM-07102,20,M,WEST,
MEM-07103,35,F,WEST,
MEM-07104,28,F,NORTH,
MEM-07105,21,F,EAST,
MEM-07106,75,F,WEST,
MEM-07107,21,F,EAST,
MEM-07108,46,M,WEST,
MEM-07109,13,F,NORTH,
MEM-07110,52,M,EAST,
MEM-07111,13,F,SOUTH,
MEM-07112,65,F,EAST,
MEM-07113,74,F,NORTH,
MEM-07114,20,M,SOUTH,
MEM-07115,36,M,SOUTH,
MEM-07116,19,F,EAST,
MEM-07117,48,F,NORTH,
MEM-07118,47,M,SOUTH,
MEM-07119,38,M,NORTH,
MEM-07120,26,F,SOUTH,
MEM-07121,22,F,SOUTH,
MEM-07122,62,F,SOUTH,
MEM-07123,50,M,WEST,
MEM-07124,21,F,SOUTH,
MEM-07125,41,F,EAST,
MEM-07126,31,M,SOUTH,
MEM-07127,57,M,EAST,
MEM-07128,40,F,EAST,
MEM-07129,21,M,SOUTH,
MEM-07130,60,F,SOUTH,
MEM-07131,54,M,SOUTH,
MEM-07132,24,M,SOUTH,
MEM-07133,70,F,WEST,
MEM-07134,17,F,NORTH,
MEM-07135,36,M,SOUTH,
MEM-07136,25,M,NORTH,
MEM-07137,35,F,NORTH,
MEM-07138,57,M,SOUTH,
MEM-07139,41,F,NORTH,
MEM-07140,61,F,SOUTH,
MEM-07141,7,F,NORTH,
MEM-07142,67,F,NORTH,
MEM-07143,48,F,WEST,
MEM-07144,64,F,SOUTH,
MEM-07145,27,M,NORTH,
MEM-07146,26,F,EAST,
MEM-07147,9,F,WEST,
MEM-07148,39,M,NORTH,
MEM-07149,12,F,EAST,
MEM-07150,37,F,WEST,
MEM-07151,41,F,EAST,
MEM-07152,56,M,EAST,
MEM-07153,13,M,WEST,
MEM-07154,41,M,NORTH,
MEM-07155,17,M,SOUTH,
MEM-07156,49,F,NORTH,
MEM-07157,39,F,NORTH,
MEM-07158,56,M,SOUTH,
MEM-07159,61,M,SOUTH,
MEM-07160,32,M,NORTH,
MEM-07161,60,F,EAST,
MEM-07162,28,M,NORTH,
MEM-07163,28,M,WEST,
MEM-07164,68,F,SOUTH,
MEM-07165,50,M,WEST,
MEM-07166,42,M,EAST,
MEM-07167,53,F,EAST,
MEM-07168,56,M,NORTH,
MEM-07169,67,F,SOUTH,
MEM-07170,29,M,EAST,
MEM-07171,28,F,EAST,
MEM-07172,25,F,EAST,
MEM-07173,19,M,NORTH,
MEM-07174,18,M,EAST,
MEM-07175,30,F,SOUTH,
MEM-07176,13,F,SOUTH,
MEM-07177,51,M,SOUTH,
MEM-07178,69,F,EAST,
MEM-07179,26,M,EAST,
MEM-07180,90,F,NORTH,
MEM-07181,28,M,WEST,
MEM-07182,42,F,EAST,
MEM-07183,41,F,WEST,
MEM-07184,46,F,NORTH,
MEM-07185,88,F,NORTH,
MEM-07186,95,M,WEST,
MEM-07187,13,F,WEST,
MEM-07188,29,F,NORTH,
MEM-07189,21,F,EAST,
MEM-07190,24,M,NORTH,
MEM-07191,14,F,EAST,
MEM-07192,15,F,WEST,
MEM-07193,26,M,WEST,
MEM-07194,95,M,NORTH,
MEM-07195,68,F,NORTH,
MEM-07196,14,F,SOUTH,
MEM-07197,56,F,EAST,
MEM-07198,86,F,NORTH,
MEM-07199,49,F,WEST,
MEM-07200,35,M,WEST,
MEM-07201,58,F,EAST,
MEM-07202,41,F,WEST,
MEM-07203,23,F,EAST,
MEM-07204,39,F,NORTH,
MEM-07205,28,M,EAST,
MEM-07206,65,F,EAST,
MEM-07207,43,M,SOUTH,
MEM-07208,55,M,EAST,
MEM-07209,47,M,EAST,
MEM-07210,17,F,NORTH,
MEM-07211,37,F,SOUTH,
MEM-07212,44,M,NORTH,
MEM-07213,40,M,EAST,
MEM-07214,58,F,SOUTH,
MEM-07215,10,F,NORTH,
MEM-07216,28,M,SOUTH,
MEM-07217,17,M,SOUTH,
MEM-07218,48,F,WEST,
MEM-07219,95,M,WEST,
MEM-07220,42,M,SOUTH,
MEM-07221,48,F,SOUTH,
MEM-07222,21,F,SOUTH,
MEM-07223,47,M,EAST,
MEM-07224,56,F,SOUTH,
MEM-07225,53,F,SOUTH,
MEM-07226,18,M,SOUTH,
MEM-07227,75,M,EAST,
MEM-07228,35,M,NORTH,
MEM-07229,78,F,SOUTH,
MEM-07230,29,F,SOUTH,
MEM-07231,51,F,NORTH,
MEM-07232,21,F,NORTH,
MEM-07233,28,M,EAST,
MEM-07234,23,M,EAST,
MEM-07235,42,F,NORTH,
MEM-07236,21,F,WEST,
MEM-07237,95,F,SOUTH,
MEM-07238,37,F,EAST,
MEM-07239,36,M,SOUTH,
MEM-07240,31,F,WEST,
MEM-07241,59,F,SOUTH,
MEM-07242,53,F,NORTH,
MEM-07243,18,M,EAST,
MEM-07244,33,F,SOUTH,
MEM-07245,46,F,WEST,
MEM-07246,54,F,WEST,
MEM-07247,15,M,NORTH,
MEM-07248,33,F,SOUTH,
MEM-07249,25,M,WEST,
MEM-07250,34,F,EAST,
MEM-07251,38,F,WEST,
MEM-07252,50,F,EAST,
MEM-07253,42,M,SOUTH,
MEM-07254,14,F,EAST,
MEM-07255,49,F,WEST,
MEM-07256,36,M,SOUTH,
MEM-07257,59,M,SOUTH,
MEM-07258,43,F,NORTH,
MEM-07259,28,M,WEST,
MEM-07260,23,M,WEST,
MEM-07261,27,M,NORTH,
MEM-07262,41,M,NORTH,
MEM-07263,42,M,EAST,
MEM-07264,21,F,NORTH,
MEM-07265,45,F,EAST,
MEM-07266,38,M,EAST,
MEM-07267,67,M,EAST,
MEM-07268,19,M,SOUTH,
MEM-07269,4,M,NORTH,
MEM-07270,38,F,SOUTH,
MEM-07271,31,M,SOUTH,
MEM-07272,12,F,WEST,
MEM-07273,23,F,NORTH,
MEM-07274,49,M,EAST,
MEM-07275,12,M,EAST,
MEM-07276,52,M,WEST,
MEM-07277,73,F,NORTH,
MEM-07278,35,F,NORTH,
MEM-07279,18,F,WEST,
MEM-07280,37,M,EAST,
MEM-07281,63,M,NORTH,
MEM-07282,24,M,EAST,
MEM-07283,64,M,EAST,
MEM-07284,66,M,NORTH,
MEM-07285,43,M,NORTH,
MEM-07286,60,F,SOUTH,
MEM-07287,39,M,EAST,
MEM-07288,34,F,NORTH,
MEM-07289,31,M,EAST,
MEM-07290,81,F,NORTH,
MEM-07291,15,F,NORTH,
MEM-07292,22,M,NORTH,
MEM-07293,31,M,SOUTH,
MEM-07294,40,M,EAST,
MEM-07295,66,M,SOUTH,
MEM-07296,61,M,SOUTH,
MEM-07297,42,M,SOUTH,
MEM-07298,47,M,NORTH,
MEM-07299,29,F,NORTH,
MEM-07300,66,F,NORTH,
MEM-07301,33,M,WEST,
MEM-07302,60,M,EAST,
MEM-07303,44,M,SOUTH,
MEM-07304,31,M,WEST,
MEM-07305,31,M,NORTH,
MEM-07306,78,F,EAST,
MEM-07307,66,F,WEST,
MEM-07308,51,M,EAST,
MEM-07309,67,M,NORTH,
MEM-07310,73,F,WEST,
MEM-07311,19,F,NORTH,
MEM-07312,37,M,WEST,
MEM-07313,28,F,SOUTH,
MEM-07314,9,M,NORTH,
MEM-07315,22,F,SOUTH,
MEM-07316,32,F,WEST,
MEM-07317,17,M,EAST,
MEM-07318,8,F,EAST,
MEM-07319,43,F,WEST,
MEM-07320,68,M,SOUTH,
MEM-07321,25,F,NORTH,
MEM-07322,53,F,EAST,
MEM-07323,93,M,SOUTH,
MEM-07324,75,M,EAST,
MEM-07325,77,F,EAST,
MEM-07326,49,F,NORTH,
MEM-07327,34,F,SOUTH,
MEM-07328,33,M,NORTH,
MEM-07329,35,F,EAST,
MEM-07330,20,M,NORTH,
MEM-07331,19,M,EAST,
MEM-07332,31,F,EAST,
MEM-07333,47,M,WEST,
MEM-07334,57,F,SOUTH,
MEM-07335,40,M,EAST,
MEM-07336,22,F,NORTH,
MEM-07337,21,M,NORTH,
MEM-07338,46,F,EAST,
MEM-07339,38,F,EAST,
MEM-07340,67,M,WEST,
MEM-07341,11,M,EAST,
MEM-07342,84,F,EAST,
MEM-07343,36,F,EAST,
MEM-07344,88,M,SOUTH,
MEM-07345,37,F,SOUTH,
MEM-07346,48,M,SOUTH,
MEM-07347,33,F,SOUTH,
MEM-07348,43,M,EAST,
MEM-07349,31,F,EAST,
MEM-07350,51,M,WEST,
MEM-07351,19,F,WEST,
MEM-07352,58,M,EAST,
MEM-07353,25,F,SOUTH,
MEM-07354,45,M,WEST,
MEM-07355,69,F,NORTH,
MEM-07356,23,F,SOUTH,
MEM-07357,29,F,SOUTH,
MEM-07358,39,M,SOUTH,
MEM-07359,71,M,NORTH,
MEM-07360,49,F,NORTH,
MEM-07361,28,F,WEST,
MEM-07362,67,F,WEST,
MEM-07363,31,M,SOUTH,
MEM-07364,47,F,WEST,
MEM-07365,29,F,SOUTH,
MEM-07366,45,F,WEST,
MEM-07367,35,M,WEST,
MEM-07368,8,M,EAST,
MEM-07369,51,M,EAST,
MEM-07370,26,M,NORTH,
MEM-07371,29,F,NORTH,
MEM-07372,24,F,WEST,
MEM-07373,80,F,NORTH,
MEM-07374,73,M,EAST,
MEM-07375,34,F,NORTH,
MEM-07376,25,M,EAST,
MEM-07377,36,M,SOUTH,
MEM-07378,42,M,EAST,
MEM-07379,10,M,WEST,
MEM-07380,32,M,EAST,
MEM-07381,38,M,NORTH,
MEM-07382,58,F,WEST,
MEM-07383,54,F,SOUTH,
MEM-07384,39,F,WEST,
MEM-07385,8,F,NORTH,
MEM-07386,40,M,NORTH,
MEM-07387,72,M,WEST,
MEM-07388,40,F,WEST,
MEM-07389,43,F,NORTH,
MEM-07390,87,F,EAST,
MEM-07391,91,F,EAST,
MEM-07392,15,F,WEST,
MEM-07393,60,M,SOUTH,
MEM-07394,55,F,NORTH,
MEM-07395,46,F,WEST,
MEM-07396,21,F,EAST,
MEM-07397,26,M,NORTH,
MEM-07398,93,M,SOUTH,
MEM-07399,95,F,EAST,
MEM-07400,32,M,SOUTH,
MEM-07401,95,M,SOUTH,
MEM-07402,77,F,SOUTH,
MEM-07403,84,F,WEST,
MEM-07404,15,F,WEST,
MEM-07405,51,M,SOUTH,
MEM-07406,62,M,SOUTH,
MEM-07407,47,M,NORTH,
MEM-07408,18,M,SOUTH,
MEM-07409,37,F,NORTH,
MEM-07410,40,F,SOUTH,
MEM-07411,53,M,WEST,
MEM-07412,81,F,EAST,
MEM-07413,29,F,SOUTH,
MEM-07414,27,M,EAST,
MEM-07415,27,M,SOUTH,
MEM-07416,21,F,NORTH,
MEM-07417,31,F,SOUTH,
MEM-07418,18,M,WEST,
MEM-07419,28,F,EAST,
MEM-07420,52,F,SOUTH,
MEM-07421,51,F,EAST,
MEM-07422,66,F,NORTH,
MEM-07423,66,F,NORTH,
MEM-07424,35,M,NORTH,
MEM-07425,10,M,EAST,
MEM-07426,21,M,NORTH,
MEM-07427,28,M,WEST,
MEM-07428,14,F,NORTH,
MEM-07429,31,M,NORTH,
MEM-07430,81,M,WEST,
MEM-07431,56,M,NORTH,
MEM-07432,34,M,WEST,
MEM-07433,48,M,SOUTH,
MEM-07434,15,M,WEST,
MEM-07435,40,M,NORTH,
MEM-07436,73,M,WEST,
MEM-07437,34,M,EAST,
MEM-07438,49,M,NORTH,
MEM-07439,33,M,EAST,
MEM-07440,48,F,EAST,
MEM-07441,22,M,EAST,
MEM-07442,20,F,SOUTH,
MEM-07443,29,M,WEST,
MEM-07444,35,F,EAST,
MEM-07445,70,M,NORTH,
MEM-07446,43,F,NORTH,
MEM-07447,42,F,SOUTH,
MEM-07448,64,F,WEST,
MEM-07449,26,F,EAST,
MEM-07450,79,M,NORTH,
MEM-07451,53,M,WEST,
MEM-07452,26,M,SOUTH,
MEM-07453,53,F,NORTH,
MEM-07454,11,M,NORTH,
MEM-07455,26,M,SOUTH,
MEM-07456,82,M,SOUTH,
MEM-07457,30,F,WEST,
MEM-07458,20,M,SOUTH,
MEM-07459,25,M,NORTH,
MEM-07460,33,M,NORTH,
MEM-07461,26,M,SOUTH,
MEM-07462,94,M,SOUTH,
MEM-07463,23,F,EAST,
MEM-07464,29,F,SOUTH,
MEM-07465,25,M,WEST,
MEM-07466,63,M,WEST,
MEM-07467,80,M,NORTH,
MEM-07468,12,F,SOUTH,
MEM-07469,78,F,EAST,
MEM-07470,41,F,SOUTH,
MEM-07471,36,F,SOUTH,
MEM-07472,95,M,SOUTH,
MEM-07473,37,F,WEST,
MEM-07474,25,F,WEST,
MEM-07475,50,F,WEST,
MEM-07476,21,M,EAST,
MEM-07477,31,M,EAST,
MEM-07478,50,F,EAST,
MEM-07479,53,M,NORTH,
MEM-07480,43,F,NORTH,
MEM-07481,20,F,EAST,
MEM-07482,32,M,EAST,
MEM-07483,45,F,WEST,
MEM-07484,11,F,NORTH,
MEM-07485,21,M,SOUTH,
MEM-07486,26,F,WEST,
MEM-07487,38,F,NORTH,
MEM-07488,47,F,NORTH,
MEM-07489,23,M,NORTH,
MEM-07490,8,F,WEST,
MEM-07491,24,F,EAST,
MEM-07492,31,F,NORTH,
MEM-07493,76,M,EAST,
MEM-07494,32,F,WEST,
MEM-07495,52,M,WEST,
MEM-07496,25,M,SOUTH,
MEM-07497,32,F,EAST,
MEM-07498,50,F,SOUTH,
MEM-07499,54,M,NORTH,
MEM-07500,31,F,SOUTH,
MEM-07501,26,M,EAST,
MEM-07502,69,M,NORTH,
MEM-07503,38,M,NORTH,
MEM-07504,60,M,SOUTH,
MEM-07505,51,M,NORTH,
MEM-07506,28,M,NORTH,
MEM-07507,39,M,EAST,
MEM-07508,58,F,EAST,
MEM-07509,53,M,NORTH,
MEM-07510,49,M,SOUTH,
MEM-07511,44,M,EAST,
MEM-07512,29,M,WEST,
MEM-07513,66,F,NORTH,
MEM-07514,60,M,EAST,
MEM-07515,31,F,EAST,
MEM-07516,42,M,NORTH,
MEM-07517,58,M,SOUTH,
MEM-07518,23,F,NORTH,
MEM-07519,33,M,EAST,
MEM-07520,30,F,WEST,
MEM-07521,59,F,EAST,
MEM-07522,59,F,SOUTH,
MEM-07523,44,M,SOUTH,
MEM-07524,22,F,EAST,
MEM-07525,34,M,WEST,
MEM-07526,62,F,SOUTH,
MEM-07527,78,F,EAST,
MEM-07528,63,M,NORTH,
MEM-07529,57,M,SOUTH,
MEM-07530,46,F,EAST,
MEM-07531,30,F,SOUTH,
MEM-07532,29,M,NORTH,2025-12-09
MEM-07533,59,M,SOUTH,
MEM-07534,95,F,WEST,
MEM-07535,54,M,WEST,
MEM-07536,70,M,EAST,
MEM-07537,63,M,SOUTH,
MEM-07538,37,F,NORTH,
MEM-07539,20,M,WEST,
MEM-07540,17,M,SOUTH,
MEM-07541,40,M,EAST,
MEM-07542,24,M,NORTH,
MEM-07543,38,M,EAST,
MEM-07544,17,M,WEST,
MEM-07545,33,F,SOUTH,
MEM-07546,60,M,EAST,
MEM-07547,34,F,NORTH,
MEM-07548,88,F,SOUTH,
MEM-07549,5,M,SOUTH,
MEM-07550,34,M,NORTH,
MEM-07551,13,M,NORTH,
MEM-07552,55,F,WEST,
MEM-07553,35,F,SOUTH,
MEM-07554,26,F,SOUTH,
MEM-07555,38,M,SOUTH,
MEM-07556,24,F,NORTH,
MEM-07557,60,M,NORTH,
MEM-07558,44,F,EAST,
MEM-07559,63,M,NORTH,
MEM-07560,37,F,SOUTH,
MEM-07561,68,M,EAST,
MEM-07562,95,M,NORTH,
MEM-07563,26,F,EAST,
MEM-07564,50,M,SOUTH,
MEM-07565,17,M,WEST,
MEM-07566,37,M,EAST,
MEM-07567,76,M,WEST,
MEM-07568,95,F,NORTH,
MEM-07569,46,F,WEST,
MEM-07570,11,F,WEST,
MEM-07571,62,F,NORTH,
MEM-07572,40,F,WEST,
MEM-07573,17,F,WEST,
MEM-07574,22,M,WEST,
MEM-07575,33,F,WEST,
MEM-07576,29,F,WEST,
MEM-07577,32,M,SOUTH,
MEM-07578,41,F,NORTH,
MEM-07579,8,F,NORTH,
MEM-07580,72,F,EAST,
MEM-07581,32,M,WEST,
MEM-07582,84,F,EAST,
MEM-07583,45,F,WEST,
MEM-07584,95,F,NORTH,
MEM-07585,30,M,WEST,
MEM-07586,20,M,WEST,
MEM-07587,32,M,WEST,
MEM-07588,71,M,NORTH,
MEM-07589,36,F,SOUTH,
MEM-07590,95,F,SOUTH,
MEM-07591,16,F,WEST,
MEM-07592,22,F,WEST,
MEM-07593,40,M,WEST,
MEM-07594,53,M,WEST,
MEM-07595,36,F,WEST,
MEM-07596,29,F,NORTH,
MEM-07597,34,F,NORTH,
MEM-07598,95,M,EAST,
MEM-07599,20,M,EAST,
MEM-07600,17,M,WEST,
MEM-07601,34,F,EAST,
MEM-07602,73,F,WEST,
MEM-07603,65,F,SOUTH,
MEM-07604,50,M,EAST,
MEM-07605,26,F,SOUTH,
MEM-07606,61,M,NORTH,
MEM-07607,62,M,EAST,
MEM-07608,29,M,SOUTH,
MEM-07609,42,M,EAST,
MEM-07610,16,F,EAST,
MEM-07611,59,F,SOUTH,
MEM-07612,95,F,NORTH,
MEM-07613,33,M,EAST,
MEM-07614,56,M,WEST,
MEM-07615,80,F,WEST,
MEM-07616,82,M,NORTH,
MEM-07617,32,M,NORTH,
MEM-07618,47,M,EAST,
MEM-07619,14,M,EAST,
MEM-07620,39,F,NORTH,
MEM-07621,45,M,SOUTH,
MEM-07622,32,M,NORTH,
MEM-07623,54,M,SOUTH,
MEM-07624,33,M,SOUTH,
MEM-07625,30,M,EAST,
MEM-07626,23,M,SOUTH,
MEM-07627,11,M,EAST,
MEM-07628,31,F,NORTH,
MEM-07629,68,F,EAST,
MEM-07630,54,M,SOUTH,
MEM-07631,55,F,NORTH,
MEM-07632,30,F,EAST,
MEM-07633,38,M,EAST,
MEM-07634,63,F,EAST,
MEM-07635,40,M,EAST,
MEM-07636,59,M,WEST,
MEM-07637,21,M,WEST,
MEM-07638,56,M,SOUTH,
MEM-07639,28,F,EAST,
MEM-07640,55,M,SOUTH,
MEM-07641,47,F,WEST,
MEM-07642,93,F,SOUTH,
MEM-07643,27,M,SOUTH,
MEM-07644,61,M,SOUTH,
MEM-07645,55,F,EAST,
MEM-07646,29,F,WEST,
MEM-07647,38,F,NORTH,
MEM-07648,76,M,EAST,
MEM-07649,44,M,NORTH,
MEM-07650,40,F,WEST,
MEM-07651,52,M,NORTH,
MEM-07652,39,F,WEST,
MEM-07653,43,F,WEST,
MEM-07654,49,F,NORTH,
MEM-07655,11,F,NORTH,
MEM-07656,13,F,WEST,
MEM-07657,87,M,WEST,
MEM-07658,64,M,EAST,
MEM-07659,26,F,WEST,
MEM-07660,45,F,NORTH,
MEM-07661,20,M,EAST,
MEM-07662,17,F,NORTH,
MEM-07663,15,M,WEST,
MEM-07664,58,F,EAST,
MEM-07665,41,M,WEST,
MEM-07666,50,M,NORTH,
MEM-07667,56,M,WEST,
MEM-07668,27,M,EAST,
MEM-07669,27,M,WEST,
MEM-07670,33,M,SOUTH,
MEM-07671,57,F,WEST,
MEM-07672,77,M,WEST,
MEM-07673,21,F,NORTH,
MEM-07674,40,M,SOUTH,
MEM-07675,59,F,NORTH,
MEM-07676,78,F,NORTH,
MEM-07677,15,F,WEST,
MEM-07678,46,M,EAST,
MEM-07679,61,M,SOUTH,
MEM-07680,54,M,WEST,
MEM-07681,17,F,NORTH,
MEM-07682,35,F,EAST,
MEM-07683,31,M,WEST,
MEM-07684,68,F,NORTH,
MEM-07685,22,M,EAST,
MEM-07686,17,F,NORTH,
MEM-07687,51,M,NORTH,
MEM-07688,49,M,NORTH,
MEM-07689,27,M,EAST,
MEM-07690,27,F,EAST,
MEM-07691,45,M,NORTH,
MEM-07692,13,F,SOUTH,
MEM-07693,27,F,WEST,
MEM-07694,46,F,WEST,
MEM-07695,24,F,EAST,
MEM-07696,12,F,EAST,
MEM-07697,77,M,SOUTH,
MEM-07698,35,F,WEST,
MEM-07699,17,M,EAST,
MEM-07700,43,F,SOUTH,
MEM-07701,46,M,NORTH,
MEM-07702,78,M,SOUTH,
MEM-07703,55,F,NORTH,
MEM-07704,54,M,NORTH,
MEM-07705,31,F,EAST,
MEM-07706,12,M,WEST,
MEM-07707,20,M,NORTH,
MEM-07708,51,M,EAST,
MEM-07709,38,F,EAST,
MEM-07710,37,F,NORTH,
MEM-07711,65,M,NORTH,
MEM-07712,32,M,SOUTH,
MEM-07713,61,M,NORTH,
MEM-07714,31,F,SOUTH,
MEM-07715,18,F,SOUTH,
MEM-07716,68,F,WEST,
MEM-07717,19,M,EAST,
MEM-07718,49,M,SOUTH,
MEM-07719,30,F,WEST,
MEM-07720,21,F,EAST,
MEM-07721,34,M,NORTH,
MEM-07722,20,F,NORTH,2025-08-07
MEM-07723,42,F,NORTH,
MEM-07724,50,F,NORTH,
MEM-07725,21,F,EAST,
MEM-07726,42,F,SOUTH,
MEM-07727,27,F,WEST,
MEM-07728,24,F,WEST,
MEM-07729,70,M,NORTH,
MEM-07730,44,M,SOUTH,
MEM-07731,47,F,EAST,
MEM-07732,78,F,WEST,
MEM-07733,79,M,NORTH,
MEM-07734,64,F,WEST,
MEM-07735,28,F,EAST,
MEM-07736,33,M,SOUTH,
MEM-07737,30,F,EAST,
MEM-07738,27,M,NORTH,
MEM-07739,20,M,NORTH,
MEM-07740,43,M,SOUTH,
MEM-07741,60,M,WEST,
MEM-07742,31,F,WEST,
MEM-07743,32,F,EAST,
MEM-07744,67,M,NORTH,
MEM-07745,27,F,SOUTH,
MEM-07746,20,F,NORTH,
MEM-07747,28,F,SOUTH,
MEM-07748,38,M,WEST,
MEM-07749,72,M,NORTH,
MEM-07750,33,F,EAST,
MEM-07751,40,F,EAST,
MEM-07752,43,F,WEST,
MEM-07753,22,F,NORTH,
MEM-07754,32,M,NORTH,
MEM-07755,31,F,SOUTH,
MEM-07756,65,M,SOUTH,
MEM-07757,53,F,NORTH,
MEM-07758,75,F,EAST,
MEM-07759,95,M,NORTH,
MEM-07760,68,M,EAST,
MEM-07761,29,F,SOUTH,
MEM-07762,18,M,WEST,
MEM-07763,23,M,WEST,
MEM-07764,50,M,WEST,
MEM-07765,13,F,NORTH,
MEM-07766,38,M,NORTH,
MEM-07767,76,F,EAST,
MEM-07768,58,F,WEST,
MEM-07769,45,F,WEST,
MEM-07770,65,M,SOUTH,
MEM-07771,65,F,NORTH,
MEM-07772,23,F,WEST,
MEM-07773,43,F,EAST,
MEM-07774,32,F,NORTH,
MEM-07775,62,M,WEST,
MEM-07776,73,F,EAST,
MEM-07777,41,M,WEST,
MEM-07778,27,M,NORTH,
MEM-07779,24,F,SOUTH,
MEM-07780,33,F,EAST,
MEM-07781,44,F,NORTH,
MEM-07782,76,M,SOUTH,
MEM-07783,16,M,WEST,
MEM-07784,42,F,NORTH,
MEM-07785,62,M,SOUTH,
MEM-07786,56,F,NORTH,
MEM-07787,35,F,WEST,
MEM-07788,19,M,NORTH,
MEM-07789,41,M,EAST,
MEM-07790,44,F,EAST,
MEM-07791,15,M,SOUTH,
MEM-07792,38,M,EAST,
MEM-07793,21,M,EAST,
MEM-07794,31,M,EAST,
MEM-07795,28,F,SOUTH,
MEM-07796,34,F,EAST,
MEM-07797,43,M,WEST,
MEM-07798,57,M,SOUTH,
MEM-07799,70,M,EAST,
MEM-07800,57,F,WEST,
MEM-07801,27,F,SOUTH,
MEM-07802,52,F,SOUTH,
MEM-07803,61,M,EAST,
MEM-07804,27,F,WEST,
MEM-07805,11,M,WEST,
MEM-07806,39,M,WEST,
MEM-07807,91,F,WEST,
MEM-07808,29,F,WEST,
MEM-07809,47,F,WEST,
MEM-07810,43,F,WEST,
MEM-07811,46,F,EAST,
MEM-07812,44,M,WEST,
MEM-07813,53,F,NORTH,
MEM-07814,48,M,EAST,
MEM-07815,35,M,SOUTH,
MEM-07816,34,F,SOUTH,
MEM-07817,25,M,EAST,
MEM-07818,46,M,EAST,
MEM-07819,15,F,WEST,
MEM-07820,53,M,NORTH,
MEM-07821,30,M,EAST,
MEM-07822,11,F,WEST,
MEM-07823,22,F,WEST,
MEM-07824,42,F,WEST,
MEM-07825,28,M,SOUTH,
MEM-07826,21,F,NORTH,
MEM-07827,45,F,SOUTH,
MEM-07828,37,F,SOUTH,
MEM-07829,44,M,SOUTH,
MEM-07830,20,F,SOUTH,
MEM-07831,62,M,WEST,
MEM-07832,27,M,EAST,
MEM-07833,38,F,WEST,
MEM-07834,95,F,WEST,
MEM-07835,63,M,EAST,
MEM-07836,40,M,EAST,
MEM-07837,19,F,EAST,
MEM-07838,84,F,NORTH,
MEM-07839,41,M,WEST,
MEM-07840,64,F,EAST,
MEM-07841,19,F,EAST,
MEM-07842,22,F,WEST,
MEM-07843,79,F,SOUTH,
MEM-07844,52,F,WEST,
MEM-07845,21,F,EAST,
MEM-07846,46,M,EAST,
MEM-07847,16,F,WEST,
MEM-07848,36,M,NORTH,
MEM-07849,38,F,NORTH,
MEM-07850,32,F,EAST,
MEM-07851,30,F,SOUTH,
MEM-07852,23,F,EAST,
MEM-07853,70,M,WEST,
MEM-07854,21,M,SOUTH,
MEM-07855,49,M,WEST,
MEM-07856,57,F,SOUTH,
MEM-07857,67,M,SOUTH,
MEM-07858,10,M,WEST,
MEM-07859,30,F,NORTH,
MEM-07860,46,M,NORTH,
MEM-07861,26,M,NORTH,
MEM-07862,63,F,WEST,
MEM-07863,8,F,SOUTH,
MEM-07864,3,M,WEST,
MEM-07865,70,F,NORTH,
MEM-07866,20,M,EAST,
MEM-07867,51,M,SOUTH,
MEM-07868,30,M,SOUTH,
MEM-07869,80,F,NORTH,
MEM-07870,23,M,WEST,
MEM-07871,46,F,WEST,
MEM-07872,50,M,EAST,
MEM-07873,39,F,EAST,
MEM-07874,18,M,NORTH,
MEM-07875,58,M,EAST,2025-09-08
MEM-07876,43,M,WEST,
MEM-07877,13,F,EAST,
MEM-07878,53,M,NORTH,
MEM-07879,24,F,EAST,
MEM-07880,30,M,SOUTH,
MEM-07881,73,F,WEST,
MEM-07882,12,M,SOUTH,
MEM-07883,38,M,WEST,
MEM-07884,67,F,NORTH,
MEM-07885,57,F,SOUTH,
MEM-07886,22,F,EAST,
MEM-07887,22,M,WEST,
MEM-07888,63,F,EAST,
MEM-07889,48,F,WEST,
MEM-07890,20,F,EAST,
MEM-07891,35,M,NORTH,
MEM-07892,51,M,SOUTH,
MEM-07893,21,M,SOUTH,
MEM-07894,23,F,WEST,
MEM-07895,23,M,NORTH,
MEM-07896,57,M,SOUTH,
MEM-07897,20,F,WEST,
MEM-07898,54,F,SOUTH,
MEM-07899,22,M,NORTH,
MEM-07900,56,F,NORTH,
MEM-07901,57,M,EAST,
MEM-07902,27,M,NORTH,
MEM-07903,55,F,SOUTH,
MEM-07904,32,M,NORTH,
MEM-07905,24,F,WEST,
MEM-07906,37,F,WEST,
MEM-07907,65,M,WEST,
MEM-07908,33,M,WEST,
MEM-07909,48,F,WEST,
MEM-07910,58,M,EAST,
MEM-07911,18,M,SOUTH,
MEM-07912,38,M,WEST,
MEM-07913,60,M,EAST,
MEM-07914,51,M,NORTH,
MEM-07915,63,F,WEST,
MEM-07916,38,F,NORTH,
MEM-07917,67,F,WEST,
MEM-07918,10,F,EAST,
MEM-07919,38,M,NORTH,
MEM-07920,48,M,WEST,
MEM-07921,64,F,WEST,
MEM-07922,14,M,EAST,
MEM-07923,39,F,SOUTH,
MEM-07924,71,F,EAST,
MEM-07925,64,M,SOUTH,
MEM-07926,46,M,EAST,
MEM-07927,7,F,SOUTH,
MEM-07928,45,F,EAST,
MEM-07929,29,F,SOUTH,
MEM-07930,33,M,EAST,
MEM-07931,24,F,WEST,
MEM-07932,70,M,SOUTH,
MEM-07933,21,M,SOUTH,
MEM-07934,47,M,EAST,
MEM-07935,61,M,SOUTH,
MEM-07936,95,F,EAST,
MEM-07937,51,M,SOUTH,
MEM-07938,39,F,WEST,
MEM-07939,49,F,SOUTH,
MEM-07940,33,F,WEST,
MEM-07941,48,F,NORTH,
MEM-07942,12,F,NORTH,
MEM-07943,32,F,SOUTH,
MEM-07944,56,F,WEST,
MEM-07945,43,F,WEST,
MEM-07946,46,F,EAST,
MEM-07947,46,F,EAST,
MEM-07948,40,M,WEST,
MEM-07949,72,M,NORTH,
MEM-07950,45,F,NORTH,
MEM-07951,24,F,SOUTH,
MEM-07952,48,M,WEST,
MEM-07953,95,F,SOUTH,
MEM-07954,59,F,SOUTH,
MEM-07955,29,M,NORTH,
MEM-07956,61,M,EAST,
MEM-07957,44,F,SOUTH,
MEM-07958,68,M,EAST,
MEM-07959,24,M,NORTH,
MEM-07960,33,F,SOUTH,
MEM-07961,17,F,WEST,
MEM-07962,42,M,EAST,
MEM-07963,20,F,EAST,
MEM-07964,33,F,SOUTH,
MEM-07965,14,F,EAST,
MEM-07966,33,M,WEST,
MEM-07967,47,M,EAST,
MEM-07968,70,M,EAST,
MEM-07969,25,M,WEST,
MEM-07970,92,F,WEST,
MEM-07971,11,F,NORTH,
MEM-07972,27,M,SOUTH,
MEM-07973,95,M,SOUTH,
MEM-07974,94,F,SOUTH,
MEM-07975,87,M,EAST,
MEM-07976,69,F,EAST,
MEM-07977,25,M,SOUTH,
MEM-07978,77,M,WEST,
MEM-07979,10,M,EAST,
MEM-07980,45,F,SOUTH,
MEM-07981,50,M,EAST,
MEM-07982,41,F,SOUTH,
MEM-07983,41,M,NORTH,
MEM-07984,21,F,SOUTH,
MEM-07985,94,M,SOUTH,
MEM-07986,24,F,NORTH,
MEM-07987,61,M,SOUTH,
MEM-07988,26,F,NORTH,
MEM-07989,73,M,WEST,
MEM-07990,37,M,SOUTH,
MEM-07991,81,F,EAST,
MEM-07992,46,M,EAST,
MEM-07993,23,F,EAST,
MEM-07994,30,M,EAST,
MEM-07995,65,F,SOUTH,
MEM-07996,71,F,EAST,
MEM-07997,23,M,SOUTH,
MEM-07998,29,M,WEST,
MEM-07999,50,M,EAST,
MEM-08000,36,F,SOUTH,
MEM-08001,27,M,SOUTH,
MEM-08002,95,M,NORTH,
MEM-08003,24,M,WEST,
MEM-08004,67,F,SOUTH,
MEM-08005,39,F,NORTH,
MEM-08006,92,M,EAST,
MEM-08007,48,F,EAST,
MEM-08008,54,F,EAST,
MEM-08009,26,M,WEST,
MEM-08010,19,M,SOUTH,
MEM-08011,24,F,WEST,
MEM-08012,8,M,WEST,
MEM-08013,13,F,EAST,
MEM-08014,76,M,SOUTH,
MEM-08015,38,M,WEST,
MEM-08016,59,M,NORTH,
MEM-08017,29,F,EAST,
MEM-08018,37,F,NORTH,
MEM-08019,63,F,WEST,
MEM-08020,20,M,EAST,
MEM-08021,76,M,EAST,
MEM-08022,34,F,EAST,
MEM-08023,50,F,SOUTH,
MEM-08024,77,F,WEST,
MEM-08025,76,M,NORTH,
MEM-08026,44,M,EAST,
MEM-08027,54,M,SOUTH,
MEM-08028,21,F,NORTH,
MEM-08029,29,F,EAST,
MEM-08030,38,F,SOUTH,
MEM-08031,60,M,EAST,
MEM-08032,49,F,SOUTH,
MEM-08033,7,F,SOUTH,
MEM-08034,79,F,SOUTH,
MEM-08035,64,F,SOUTH,
MEM-08036,54,M,NORTH,
MEM-08037,30,M,EAST,
MEM-08038,72,F,SOUTH,
MEM-08039,58,F,WEST,
MEM-08040,32,F,NORTH,
MEM-08041,33,M,NORTH,
MEM-08042,42,F,EAST,
MEM-08043,19,M,WEST,
MEM-08044,54,F,NORTH,
MEM-08045,31,F,SOUTH,
MEM-08046,53,M,SOUTH,
MEM-08047,22,F,NORTH,
MEM-08048,40,M,WEST,
MEM-08049,53,F,NORTH,
MEM-08050,30,M,SOUTH,
MEM-08051,36,M,SOUTH,
MEM-08052,75,F,EAST,
MEM-08053,57,F,NORTH,
MEM-08054,29,F,WEST,
MEM-08055,35,F,WEST,
MEM-08056,9,F,EAST,
MEM-08057,54,M,WEST,
MEM-08058,55,F,EAST,
MEM-08059,78,F,WEST,
MEM-08060,42,M,WEST,
MEM-08061,59,M,NORTH,
MEM-08062,19,M,EAST,
MEM-08063,34,F,EAST,
MEM-08064,43,F,WEST,
MEM-08065,45,F,NORTH,
MEM-08066,43,F,SOUTH,
MEM-08067,19,M,EAST,
MEM-08068,33,F,NORTH,
MEM-08069,72,F,SOUTH,
MEM-08070,15,F,SOUTH,
MEM-08071,12,M,WEST,
MEM-08072,83,F,SOUTH,
MEM-08073,44,F,SOUTH,
MEM-08074,62,F,SOUTH,
MEM-08075,46,F,NORTH,
MEM-08076,29,M,NORTH,
MEM-08077,43,F,WEST,
MEM-08078,45,M,EAST,
MEM-08079,95,F,SOUTH,
MEM-08080,35,F,NORTH,
MEM-08081,32,M,SOUTH,
MEM-08082,48,M,NORTH,
MEM-08083,10,M,EAST,
MEM-08084,20,M,WEST,
MEM-08085,15,F,NORTH,
MEM-08086,39,F,SOUTH,
MEM-08087,42,F,WEST,
MEM-08088,41,M,NORTH,
MEM-08089,40,M,NORTH,
MEM-08090,36,M,WEST,
MEM-08091,22,F,WEST,
MEM-08092,44,M,NORTH,
MEM-08093,57,F,WEST,
MEM-08094,19,F,NORTH,
MEM-08095,44,F,WEST,
MEM-08096,67,M,SOUTH,
MEM-08097,50,M,SOUTH,
MEM-08098,15,M,EAST,
MEM-08099,20,M,EAST,
MEM-08100,16,M,WEST,
MEM-08101,32,M,NORTH,
MEM-08102,83,F,WEST,
MEM-08103,56,M,NORTH,
MEM-08104,47,M,NORTH,
MEM-08105,26,M,EAST,
MEM-08106,42,F,WEST,2025-11-03
MEM-08107,87,F,NORTH,
MEM-08108,95,F,SOUTH,
MEM-08109,87,M,EAST,
MEM-08110,61,M,NORTH,
MEM-08111,27,F,EAST,
MEM-08112,59,M,EAST,
MEM-08113,21,M,WEST,
MEM-08114,72,M,EAST,
MEM-08115,38,M,EAST,
MEM-08116,45,M,WEST,
MEM-08117,40,F,NORTH,
MEM-08118,19,M,EAST,
MEM-08119,23,F,WEST,
MEM-08120,85,M,WEST,
MEM-08121,39,F,NORTH,
MEM-08122,17,M,WEST,
MEM-08123,25,M,SOUTH,
MEM-08124,10,M,NORTH,
MEM-08125,55,M,EAST,
MEM-08126,67,M,SOUTH,
MEM-08127,14,F,WEST,
MEM-08128,77,F,NORTH,
MEM-08129,64,M,SOUTH,
MEM-08130,20,M,EAST,
MEM-08131,52,F,SOUTH,
MEM-08132,33,M,EAST,
MEM-08133,76,F,NORTH,
MEM-08134,16,F,WEST,
MEM-08135,41,M,EAST,
MEM-08136,77,M,WEST,
MEM-08137,36,M,WEST,
MEM-08138,65,M,EAST,
MEM-08139,28,F,SOUTH,
MEM-08140,26,M,NORTH,
MEM-08141,20,F,SOUTH,
MEM-08142,95,F,NORTH,
MEM-08143,28,M,EAST,
MEM-08144,51,F,NORTH,
MEM-08145,11,F,WEST,
MEM-08146,61,F,WEST,
MEM-08147,32,M,EAST,
MEM-08148,34,F,NORTH,
MEM-08149,59,F,NORTH,
MEM-08150,85,M,SOUTH,
MEM-08151,52,M,SOUTH,
MEM-08152,54,F,NORTH,
MEM-08153,29,M,SOUTH,
MEM-08154,51,M,SOUTH,
MEM-08155,37,M,SOUTH,
MEM-08156,17,F,SOUTH,
MEM-08157,35,M,NORTH,
MEM-08158,41,F,EAST,
MEM-08159,43,M,EAST,
MEM-08160,24,M,NORTH,
MEM-08161,48,F,WEST,
MEM-08162,42,F,EAST,
MEM-08163,8,M,EAST,
MEM-08164,78,F,NORTH,
MEM-08165,29,F,NORTH,
MEM-08166,35,M,SOUTH,
MEM-08167,28,F,WEST,
MEM-08168,27,M,SOUTH,
MEM-08169,22,M,EAST,
MEM-08170,49,F,NORTH,
MEM-08171,81,M,EAST,
MEM-08172,45,M,EAST,
MEM-08173,43,F,SOUTH,
MEM-08174,16,M,SOUTH,
MEM-08175,38,F,SOUTH,
MEM-08176,47,M,NORTH,
MEM-08177,47,M,EAST,
MEM-08178,54,F,EAST,
MEM-08179,34,M,WEST,
MEM-08180,38,F,SOUTH,
MEM-08181,19,M,SOUTH,
MEM-08182,71,F,NORTH,
MEM-08183,43,M,NORTH,
MEM-08184,56,F,WEST,
MEM-08185,50,F,WEST,
MEM-08186,47,M,EAST,
MEM-08187,28,F,WEST,
MEM-08188,29,F,SOUTH,
MEM-08189,78,F,NORTH,
MEM-08190,28,M,WEST,
MEM-08191,25,F,SOUTH,
MEM-08192,34,M,EAST,
MEM-08193,47,F,SOUTH,
MEM-08194,54,M,SOUTH,
MEM-08195,25,F,SOUTH,
MEM-08196,95,M,EAST,
MEM-08197,17,F,EAST,
MEM-08198,31,M,EAST,
MEM-08199,30,M,WEST,
MEM-08200,15,F,EAST,
MEM-08201,39,F,NORTH,
MEM-08202,53,F,SOUTH,
MEM-08203,21,F,WEST,
MEM-08204,81,F,WEST,
MEM-08205,50,F,WEST,
MEM-08206,63,M,WEST,
MEM-08207,27,F,SOUTH,
MEM-08208,31,F,EAST,
MEM-08209,30,M,EAST,
MEM-08210,46,M,NORTH,
MEM-08211,44,M,NORTH,
MEM-08212,35,F,EAST,
MEM-08213,21,F,EAST,
MEM-08214,43,M,WEST,
MEM-08215,34,F,SOUTH,
MEM-08216,90,F,SOUTH,
MEM-08217,45,F,NORTH,
MEM-08218,32,M,NORTH,
MEM-08219,42,M,EAST,
MEM-08220,29,M,NORTH,
MEM-08221,78,F,WEST,
MEM-08222,66,M,SOUTH,
MEM-08223,51,F,SOUTH,
MEM-08224,60,F,EAST,
MEM-08225,52,F,WEST,
MEM-08226,49,F,SOUTH,
MEM-08227,22,F,NORTH,
MEM-08228,16,M,EAST,
MEM-08229,52,M,SOUTH,
MEM-08230,74,F,EAST,
MEM-08231,33,M,NORTH,
MEM-08232,26,M,NORTH,
MEM-08233,51,M,SOUTH,
MEM-08234,43,M,SOUTH,
MEM-08235,59,F,EAST,
MEM-08236,19,M,WEST,
MEM-08237,59,M,SOUTH,
MEM-08238,47,F,NORTH,
MEM-08239,89,M,SOUTH,
MEM-08240,52,F,NORTH,
MEM-08241,41,F,EAST,
MEM-08242,46,M,WEST,
MEM-08243,29,M,NORTH,
MEM-08244,28,F,NORTH,
MEM-08245,59,M,SOUTH,
MEM-08246,40,F,SOUTH,
MEM-08247,49,M,WEST,
MEM-08248,38,F,SOUTH,
MEM-08249,43,M,WEST,
MEM-08250,31,M,WEST,
MEM-08251,47,M,EAST,
MEM-08252,61,F,WEST,
MEM-08253,44,M,WEST,
MEM-08254,37,M,SOUTH,
MEM-08255,72,F,EAST,
MEM-08256,16,F,NORTH,
MEM-08257,45,M,NORTH,
MEM-08258,42,M,SOUTH,
MEM-08259,95,F,WEST,
MEM-08260,44,F,NORTH,
MEM-08261,59,M,EAST,
MEM-08262,36,M,NORTH,
MEM-08263,54,M,SOUTH,
MEM-08264,62,F,WEST,
MEM-08265,30,F,WEST,
MEM-08266,47,M,EAST,
MEM-08267,4,F,WEST,
MEM-08268,95,F,SOUTH,
MEM-08269,59,M,WEST,
MEM-08270,22,M,EAST,
MEM-08271,20,F,NORTH,
MEM-08272,67,M,SOUTH,
MEM-08273,28,M,WEST,
MEM-08274,45,M,EAST,
MEM-08275,56,F,SOUTH,
MEM-08276,62,F,NORTH,
MEM-08277,63,M,NORTH,
MEM-08278,21,F,EAST,
MEM-08279,36,M,EAST,
MEM-08280,40,F,SOUTH,
MEM-08281,60,M,SOUTH,
MEM-08282,71,M,NORTH,
MEM-08283,60,M,SOUTH,
MEM-08284,54,F,EAST,
MEM-08285,16,M,WEST,
MEM-08286,19,M,SOUTH,
MEM-08287,72,M,NORTH,
MEM-08288,36,M,SOUTH,
MEM-08289,22,F,WEST,
MEM-08290,20,M,EAST,
MEM-08291,34,M,NORTH,
MEM-08292,45,F,NORTH,
MEM-08293,23,M,EAST,
MEM-08294,56,M,EAST,
MEM-08295,34,M,NORTH,
MEM-08296,64,M,NORTH,
MEM-08297,73,M,SOUTH,
MEM-08298,40,F,NORTH,
MEM-08299,16,F,NORTH,
MEM-08300,58,F,NORTH,
MEM-08301,28,M,WEST,
MEM-08302,51,F,NORTH,
MEM-08303,24,F,WEST,
MEM-08304,26,M,NORTH,
MEM-08305,40,F,NORTH,
MEM-08306,94,F,NORTH,
MEM-08307,27,M,NORTH,
MEM-08308,24,M,EAST,
MEM-08309,24,M,EAST,
MEM-08310,61,F,EAST,
MEM-08311,39,M,NORTH,
MEM-08312,22,M,EAST,
MEM-08313,79,F,EAST,
MEM-08314,44,M,WEST,
MEM-08315,24,F,WEST,
MEM-08316,54,M,NORTH,
MEM-08317,42,F,SOUTH,
MEM-08318,25,F,SOUTH,
MEM-08319,56,F,SOUTH,
MEM-08320,50,F,NORTH,
MEM-08321,16,F,EAST,
MEM-08322,45,M,WEST,
MEM-08323,55,F,WEST,
MEM-08324,56,M,NORTH,
MEM-08325,31,M,WEST,
MEM-08326,27,M,NORTH,
MEM-08327,42,F,SOUTH,
MEM-08328,90,F,WEST,
MEM-08329,46,M,NORTH,
MEM-08330,49,F,EAST,
MEM-08331,50,F,NORTH,
MEM-08332,46,F,WEST,
MEM-08333,66,F,WEST,
MEM-08334,58,M,WEST,
MEM-08335,90,F,NORTH,
MEM-08336,38,F,EAST,
MEM-08337,10,M,SOUTH,
MEM-08338,50,F,WEST,
MEM-08339,80,M,SOUTH,
MEM-08340,95,M,NORTH,
MEM-08341,40,M,WEST,
MEM-08342,29,F,NORTH,
MEM-08343,76,F,NORTH,
MEM-08344,45,M,WEST,
MEM-08345,26,M,SOUTH,
MEM-08346,59,F,SOUTH,
MEM-08347,36,M,NORTH,
MEM-08348,38,F,SOUTH,
MEM-08349,27,F,WEST,
MEM-08350,31,M,EAST,
MEM-08351,87,M,NORTH,
MEM-08352,25,M,NORTH,
MEM-08353,26,M,WEST,
MEM-08354,52,F,WEST,
MEM-08355,45,M,WEST,
MEM-08356,32,F,NORTH,
MEM-08357,31,F,SOUTH,
MEM-08358,58,M,EAST,
MEM-08359,66,M,WEST,
MEM-08360,40,F,NORTH,
MEM-08361,68,M,EAST,
MEM-08362,64,M,EAST,
MEM-08363,21,F,SOUTH,
MEM-08364,45,F,NORTH,
MEM-08365,29,F,NORTH,
MEM-08366,23,M,SOUTH,
MEM-08367,21,F,SOUTH,
MEM-08368,43,F,NORTH,
MEM-08369,91,F,WEST,
MEM-08370,31,M,NORTH,
MEM-08371,37,F,WEST,
MEM-08372,8,F,WEST,
MEM-08373,41,F,WEST,
MEM-08374,58,F,EAST,
MEM-08375,27,F,SOUTH,
MEM-08376,52,F,NORTH,
MEM-08377,44,M,NORTH,
MEM-08378,30,F,SOUTH,
MEM-08379,69,F,SOUTH,
MEM-08380,26,M,SOUTH,
MEM-08381,28,F,WEST,
MEM-08382,73,F,NORTH,
MEM-08383,42,M,WEST,
MEM-08384,55,M,WEST,
MEM-08385,18,F,WEST,
MEM-08386,26,F,WEST,
MEM-08387,66,F,SOUTH,
MEM-08388,29,F,WEST,
MEM-08389,27,M,EAST,
MEM-08390,30,M,WEST,
MEM-08391,67,F,SOUTH,
MEM-08392,27,M,EAST,
MEM-08393,79,F,WEST,
MEM-08394,66,M,SOUTH,
MEM-08395,42,F,EAST,
MEM-08396,24,F,SOUTH,
MEM-08397,49,M,NORTH,
MEM-08398,44,F,SOUTH,
MEM-08399,22,F,WEST,
MEM-08400,70,M,WEST,
MEM-08401,34,M,EAST,
MEM-08402,24,F,WEST,
MEM-08403,32,M,EAST,
MEM-08404,46,M,EAST,
MEM-08405,31,M,EAST,
MEM-08406,29,F,NORTH,
MEM-08407,83,F,EAST,
MEM-08408,31,M,NORTH,
MEM-08409,26,F,EAST,
MEM-08410,57,M,WEST,
MEM-08411,25,M,NORTH,
MEM-08412,33,M,SOUTH,
MEM-08413,15,M,NORTH,
MEM-08414,42,M,EAST,
MEM-08415,26,M,NORTH,
MEM-08416,29,M,NORTH,
MEM-08417,30,F,EAST,
MEM-08418,39,F,NORTH,
MEM-08419,62,F,NORTH,
MEM-08420,50,M,WEST,
MEM-08421,32,F,EAST,
MEM-08422,52,F,NORTH,
MEM-08423,29,M,WEST,
MEM-08424,28,M,WEST,
MEM-08425,56,F,EAST,
MEM-08426,28,F,NORTH,
MEM-08427,21,F,SOUTH,
MEM-08428,13,F,WEST,
MEM-08429,59,M,EAST,
MEM-08430,11,F,SOUTH,
MEM-08431,50,M,NORTH,
MEM-08432,57,F,NORTH,
MEM-08433,6,F,WEST,
MEM-08434,34,M,EAST,
MEM-08435,80,F,NORTH,
MEM-08436,67,F,WEST,
MEM-08437,14,M,NORTH,
MEM-08438,32,F,WEST,
MEM-08439,33,M,WEST,
MEM-08440,79,M,NORTH,
MEM-08441,80,F,NORTH,
MEM-08442,67,M,EAST,
MEM-08443,26,M,EAST,
MEM-08444,27,F,EAST,
MEM-08445,39,M,WEST,
MEM-08446,43,F,EAST,
MEM-08447,17,M,SOUTH,
MEM-08448,63,M,SOUTH,
MEM-08449,41,F,NORTH,
MEM-08450,33,M,NORTH,
MEM-08451,48,F,SOUTH,
MEM-08452,63,M,NORTH,
MEM-08453,45,F,EAST,
MEM-08454,35,F,SOUTH,
MEM-08455,34,F,NORTH,
MEM-08456,25,M,EAST,
MEM-08457,54,M,NORTH,
MEM-08458,53,M,EAST,
MEM-08459,47,M,SOUTH,
MEM-08460,50,F,SOUTH,
MEM-08461,75,M,SOUTH,
MEM-08462,33,M,WEST,
MEM-08463,58,F,WEST,
MEM-08464,10,M,SOUTH,
MEM-08465,22,F,WEST,
MEM-08466,18,M,NORTH,
MEM-08467,17,F,WEST,
MEM-08468,45,M,NORTH,
MEM-08469,28,F,NORTH,
MEM-08470,31,F,WEST,
MEM-08471,46,M,NORTH,
MEM-08472,20,M,SOUTH,
MEM-08473,21,F,NORTH,
MEM-08474,78,M,SOUTH,
MEM-08475,21,F,SOUTH,
MEM-08476,46,F,NORTH,
MEM-08477,76,F,SOUTH,
MEM-08478,48,F,NORTH,
MEM-08479,13,M,SOUTH,
MEM-08480,34,M,SOUTH,
MEM-08481,29,F,NORTH,
MEM-08482,92,F,EAST,
MEM-08483,31,M,WEST,
MEM-08484,27,F,SOUTH,
MEM-08485,66,M,EAST,
MEM-08486,37,F,EAST,
MEM-08487,52,M,WEST,
MEM-08488,77,F,SOUTH,
MEM-08489,48,F,EAST,
MEM-08490,37,M,EAST,
MEM-08491,54,M,WEST,
MEM-08492,35,M,SOUTH,
MEM-08493,52,F,EAST,
MEM-08494,55,F,SOUTH,
MEM-08495,35,M,EAST,
MEM-08496,46,M,WEST,
MEM-08497,30,F,SOUTH,
MEM-08498,79,F,NORTH,
MEM-08499,7,M,WEST,
MEM-08500,61,M,SOUTH,
MEM-08501,34,M,SOUTH,
MEM-08502,29,F,EAST,
MEM-08503,61,F,WEST,
MEM-08504,36,M,SOUTH,
MEM-08505,95,F,SOUTH,
MEM-08506,40,F,WEST,
MEM-08507,23,F,SOUTH,
MEM-08508,63,F,WEST,
MEM-08509,60,M,NORTH,
MEM-08510,54,F,WEST,
MEM-08511,32,F,WEST,
MEM-08512,52,F,EAST,
MEM-08513,37,F,SOUTH,
MEM-08514,74,F,EAST,
MEM-08515,61,M,EAST,
MEM-08516,15,M,WEST,
MEM-08517,69,F,WEST,
MEM-08518,23,F,NORTH,
MEM-08519,31,F,EAST,
MEM-08520,51,M,SOUTH,
MEM-08521,42,M,SOUTH,
MEM-08522,33,F,EAST,
MEM-08523,44,M,SOUTH,
MEM-08524,45,M,EAST,
MEM-08525,49,F,NORTH,
MEM-08526,60,M,NORTH,
MEM-08527,95,M,NORTH,
MEM-08528,60,M,SOUTH,
MEM-08529,29,F,EAST,
MEM-08530,31,F,WEST,
MEM-08531,66,M,WEST,
MEM-08532,51,M,NORTH,
MEM-08533,78,M,WEST,
MEM-08534,68,F,NORTH,
MEM-08535,71,M,WEST,
MEM-08536,67,F,WEST,
MEM-08537,44,F,SOUTH,
MEM-08538,45,M,SOUTH,
MEM-08539,46,M,SOUTH,
MEM-08540,66,F,EAST,
MEM-08541,29,F,WEST,
MEM-08542,31,M,EAST,
MEM-08543,18,F,WEST,
MEM-08544,67,M,EAST,
MEM-08545,56,M,SOUTH,
MEM-08546,95,F,SOUTH,
MEM-08547,45,M,SOUTH,
MEM-08548,25,F,SOUTH,
MEM-08549,32,F,NORTH,
MEM-08550,22,F,SOUTH,
MEM-08551,48,M,NORTH,
MEM-08552,31,M,WEST,
MEM-08553,19,M,NORTH,
MEM-08554,41,M,NORTH,
MEM-08555,39,M,EAST,
MEM-08556,67,M,EAST,
MEM-08557,24,F,NORTH,
MEM-08558,23,M,NORTH,
MEM-08559,15,F,NORTH,
MEM-08560,67,F,WEST,
MEM-08561,14,F,EAST,
MEM-08562,89,M,SOUTH,
MEM-08563,90,M,NORTH,
MEM-08564,19,M,WEST,
MEM-08565,52,M,SOUTH,
MEM-08566,12,M,SOUTH,
MEM-08567,52,M,EAST,
MEM-08568,47,F,EAST,
MEM-08569,55,F,WEST,
MEM-08570,45,M,EAST,
MEM-08571,95,M,SOUTH,
MEM-08572,95,M,NORTH,
MEM-08573,29,M,WEST,
MEM-08574,22,M,WEST,
MEM-08575,55,F,WEST,
MEM-08576,14,F,EAST,
MEM-08577,40,M,NORTH,
MEM-08578,15,F,SOUTH,
MEM-08579,45,M,NORTH,
MEM-08580,63,F,EAST,
MEM-08581,83,M,NORTH,
MEM-08582,19,M,WEST,
MEM-08583,64,F,WEST,
MEM-08584,95,F,SOUTH,
MEM-08585,58,F,WEST,
MEM-08586,28,M,SOUTH,
MEM-08587,75,M,EAST,
MEM-08588,44,F,WEST,
MEM-08589,40,F,NORTH,
MEM-08590,58,M,WEST,
MEM-08591,38,M,NORTH,
MEM-08592,36,F,WEST,
MEM-08593,12,F,WEST,
MEM-08594,49,M,WEST,
MEM-08595,26,F,WEST,
MEM-08596,6,M,NORTH,
MEM-08597,20,M,EAST,
MEM-08598,17,F,NORTH,
MEM-08599,26,M,EAST,
MEM-08600,44,F,NORTH,
MEM-08601,54,M,EAST,
MEM-08602,21,F,EAST,
MEM-08603,49,M,WEST,
MEM-08604,36,F,NORTH,
MEM-08605,53,F,WEST,
MEM-08606,50,F,WEST,
MEM-08607,28,F,EAST,
MEM-08608,20,M,WEST,
MEM-08609,66,M,NORTH,
MEM-08610,47,F,WEST,
MEM-08611,34,F,WEST,
MEM-08612,23,M,NORTH,
MEM-08613,19,F,SOUTH,
MEM-08614,32,F,WEST,
MEM-08615,63,F,EAST,
MEM-08616,22,M,EAST,
MEM-08617,26,F,WEST,
MEM-08618,54,M,EAST,
MEM-08619,36,F,WEST,
MEM-08620,41,F,EAST,
MEM-08621,65,M,SOUTH,
MEM-08622,27,M,WEST,
MEM-08623,40,M,NORTH,
MEM-08624,83,M,SOUTH,
MEM-08625,26,F,SOUTH,
MEM-08626,64,M,WEST,
MEM-08627,28,F,WEST,
MEM-08628,73,F,NORTH,
MEM-08629,23,F,SOUTH,
MEM-08630,14,F,WEST,
MEM-08631,64,M,SOUTH,
MEM-08632,22,F,NORTH,
MEM-08633,44,F,NORTH,
MEM-08634,38,F,EAST,
MEM-08635,40,M,EAST,
MEM-08636,44,M,EAST,
MEM-08637,39,M,EAST,
MEM-08638,43,F,EAST,
MEM-08639,57,F,SOUTH,
MEM-08640,30,F,SOUTH,
MEM-08641,39,M,EAST,
MEM-08642,29,F,WEST,
MEM-08643,44,F,NORTH,
MEM-08644,45,M,WEST,
MEM-08645,29,M,WEST,
MEM-08646,47,F,SOUTH,
MEM-08647,30,M,NORTH,
MEM-08648,54,F,SOUTH,
MEM-08649,82,F,EAST,
MEM-08650,29,M,SOUTH,
MEM-08651,35,F,WEST,
MEM-08652,52,M,SOUTH,
MEM-08653,33,M,NORTH,
MEM-08654,59,M,SOUTH,
MEM-08655,69,F,WEST,
MEM-08656,45,F,EAST,
MEM-08657,18,M,EAST,
MEM-08658,17,M,NORTH,
MEM-08659,33,F,SOUTH,
MEM-08660,42,M,WEST,
MEM-08661,22,F,WEST,
MEM-08662,58,F,SOUTH,
MEM-08663,89,F,NORTH,
MEM-08664,95,M,EAST,
MEM-08665,29,F,SOUTH,
MEM-08666,60,M,SOUTH,
MEM-08667,58,M,SOUTH,
MEM-08668,18,F,EAST,
MEM-08669,21,F,WEST,
MEM-08670,41,F,EAST,
MEM-08671,56,M,WEST,
MEM-08672,95,M,WEST,
MEM-08673,54,F,EAST,
MEM-08674,60,F,SOUTH,
MEM-08675,13,F,NORTH,
MEM-08676,53,M,EAST,
MEM-08677,40,F,NORTH,
MEM-08678,55,M,SOUTH,
MEM-08679,27,M,WEST,
MEM-08680,36,M,WEST,
MEM-08681,28,M,SOUTH,
MEM-08682,25,F,WEST,
MEM-08683,34,F,WEST,
MEM-08684,37,F,NORTH,
MEM-08685,39,M,NORTH,
MEM-08686,16,M,SOUTH,
MEM-08687,55,M,NORTH,
MEM-08688,60,M,EAST,
MEM-08689,34,F,NORTH,
MEM-08690,25,M,WEST,
MEM-08691,32,F,WEST,
MEM-08692,20,F,SOUTH,
MEM-08693,52,F,WEST,
MEM-08694,51,F,NORTH,
MEM-08695,17,F,WEST,
MEM-08696,20,M,NORTH,
MEM-08697,47,F,EAST,
MEM-08698,47,M,WEST,
MEM-08699,39,F,EAST,
MEM-08700,45,M,SOUTH,
MEM-08701,14,F,NORTH,
MEM-08702,57,F,SOUTH,
MEM-08703,24,F,SOUTH,
MEM-08704,56,M,WEST,
MEM-08705,62,F,WEST,
MEM-08706,40,F,SOUTH,
MEM-08707,64,M,WEST,
MEM-08708,48,F,WEST,
MEM-08709,95,M,NORTH,
MEM-08710,71,M,NORTH,
MEM-08711,21,M,NORTH,
MEM-08712,41,M,EAST,
MEM-08713,76,M,EAST,
MEM-08714,58,M,SOUTH,
MEM-08715,67,M,SOUTH,
MEM-08716,38,M,NORTH,
MEM-08717,44,F,NORTH,
MEM-08718,37,F,WEST,
MEM-08719,19,F,EAST,
MEM-08720,14,M,WEST,
MEM-08721,15,F,WEST,
MEM-08722,21,F,SOUTH,
MEM-08723,25,M,NORTH,
MEM-08724,27,M,EAST,
MEM-08725,41,F,NORTH,
MEM-08726,46,M,SOUTH,
MEM-08727,82,M,EAST,
MEM-08728,19,M,NORTH,
MEM-08729,28,F,EAST,
MEM-08730,15,M,WEST,
MEM-08731,24,M,SOUTH,
MEM-08732,49,M,WEST,
MEM-08733,54,M,EAST,
MEM-08734,52,F,EAST,
MEM-08735,31,F,EAST,
MEM-08736,45,M,NORTH,
MEM-08737,36,M,SOUTH,
MEM-08738,60,M,EAST,
MEM-08739,20,M,SOUTH,
MEM-08740,13,M,NORTH,
MEM-08741,41,F,EAST,
MEM-08742,36,F,EAST,
MEM-08743,9,F,EAST,
MEM-08744,51,M,WEST,
MEM-08745,64,F,WEST,
MEM-08746,95,M,WEST,
MEM-08747,95,F,WEST,
MEM-08748,75,M,NORTH,
MEM-08749,27,F,NORTH,
MEM-08750,66,F,EAST,
MEM-08751,32,M,SOUTH,
MEM-08752,48,F,NORTH,
MEM-08753,43,F,NORTH,
MEM-08754,46,F,NORTH,
MEM-08755,21,F,WEST,
MEM-08756,13,F,SOUTH,
MEM-08757,64,M,SOUTH,
MEM-08758,12,F,WEST,
MEM-08759,55,M,SOUTH,
MEM-08760,51,M,WEST,
MEM-08761,27,F,NORTH,
MEM-08762,19,F,NORTH,
MEM-08763,79,F,NORTH,
MEM-08764,39,F,EAST,
MEM-08765,81,M,EAST,
MEM-08766,53,M,NORTH,
MEM-08767,11,M,WEST,
MEM-08768,48,F,EAST,
MEM-08769,38,F,EAST,
MEM-08770,31,F,EAST,
MEM-08771,33,F,NORTH,
MEM-08772,35,M,SOUTH,
MEM-08773,40,M,NORTH,
MEM-08774,32,M,EAST,
MEM-08775,62,F,NORTH,
MEM-08776,14,F,SOUTH,
MEM-08777,57,M,EAST,
MEM-08778,22,F,EAST,
MEM-08779,10,F,EAST,
MEM-08780,47,F,WEST,
MEM-08781,58,F,EAST,
MEM-08782,83,F,WEST,
MEM-08783,95,M,NORTH,
MEM-08784,24,F,SOUTH,
MEM-08785,56,M,EAST,
MEM-08786,28,F,EAST,
MEM-08787,63,M,NORTH,
MEM-08788,55,F,EAST,
MEM-08789,34,M,SOUTH,
MEM-08790,26,F,SOUTH,
MEM-08791,29,M,NORTH,
MEM-08792,29,M,WEST,
MEM-08793,53,F,SOUTH,
MEM-08794,41,F,NORTH,
MEM-08795,26,M,NORTH,
MEM-08796,37,M,SOUTH,
MEM-08797,63,F,WEST,
MEM-08798,54,F,NORTH,
MEM-08799,32,M,SOUTH,
MEM-08800,28,M,EAST,
MEM-08801,49,F,SOUTH,
MEM-08802,27,M,EAST,
MEM-08803,21,M,WEST,
MEM-08804,16,F,WEST,
MEM-08805,52,F,EAST,
MEM-08806,21,F,EAST,
MEM-08807,27,M,NORTH,
MEM-08808,59,F,EAST,
MEM-08809,56,M,NORTH,
MEM-08810,32,M,NORTH,
MEM-08811,23,F,NORTH,2025-08-09
MEM-08812,42,F,WEST,
MEM-08813,38,M,WEST,
MEM-08814,43,M,EAST,
MEM-08815,23,F,EAST,
MEM-08816,26,M,WEST,
MEM-08817,66,F,EAST,
MEM-08818,39,F,SOUTH,
MEM-08819,27,M,WEST,
MEM-08820,28,F,EAST,
MEM-08821,30,M,SOUTH,
MEM-08822,28,F,SOUTH,
MEM-08823,36,M,NORTH,
MEM-08824,18,F,SOUTH,
MEM-08825,17,F,NORTH,
MEM-08826,40,M,SOUTH,
MEM-08827,33,M,NORTH,
MEM-08828,59,F,NORTH,
MEM-08829,28,F,WEST,
MEM-08830,30,F,WEST,
MEM-08831,40,F,SOUTH,
MEM-08832,14,M,SOUTH,
MEM-08833,59,F,EAST,
MEM-08834,33,F,EAST,
MEM-08835,69,F,NORTH,
MEM-08836,19,F,SOUTH,
MEM-08837,62,M,WEST,
MEM-08838,82,F,NORTH,
MEM-08839,46,M,NORTH,
MEM-08840,15,F,SOUTH,
MEM-08841,33,F,NORTH,
MEM-08842,35,F,NORTH,
MEM-08843,35,F,SOUTH,
MEM-08844,42,M,WEST,
MEM-08845,14,F,NORTH,
MEM-08846,49,F,EAST,
MEM-08847,66,F,NORTH,
MEM-08848,54,M,EAST,
MEM-08849,30,M,WEST,
MEM-08850,23,F,WEST,
MEM-08851,27,M,EAST,
MEM-08852,77,F,SOUTH,
MEM-08853,46,F,EAST,
MEM-08854,31,M,NORTH,
MEM-08855,60,M,EAST,
MEM-08856,53,F,EAST,
MEM-08857,25,M,WEST,
MEM-08858,37,F,EAST,
MEM-08859,33,M,EAST,
MEM-08860,34,F,WEST,
MEM-08861,61,F,WEST,
MEM-08862,53,F,EAST,
MEM-08863,22,M,EAST,
MEM-08864,40,F,SOUTH,
MEM-08865,20,M,NORTH,
MEM-08866,27,M,NORTH,
MEM-08867,27,F,EAST,
MEM-08868,34,F,NORTH,
MEM-08869,24,F,SOUTH,
MEM-08870,19,F,NORTH,
MEM-08871,57,M,SOUTH,
MEM-08872,27,M,SOUTH,
MEM-08873,11,M,WEST,
MEM-08874,23,F,EAST,
MEM-08875,55,F,WEST,
MEM-08876,34,M,WEST,
MEM-08877,71,F,EAST,
MEM-08878,46,M,NORTH,
MEM-08879,34,F,SOUTH,
MEM-08880,76,M,SOUTH,
MEM-08881,88,F,SOUTH,
MEM-08882,30,F,SOUTH,
MEM-08883,59,F,SOUTH,
MEM-08884,65,M,WEST,
MEM-08885,44,F,NORTH,
MEM-08886,35,M,WEST,
MEM-08887,55,F,EAST,
MEM-08888,29,F,EAST,
MEM-08889,68,F,WEST,
MEM-08890,49,F,WEST,
MEM-08891,24,M,SOUTH,
MEM-08892,49,M,SOUTH,
MEM-08893,46,M,NORTH,
MEM-08894,57,F,NORTH,
MEM-08895,77,M,NORTH,
MEM-08896,14,F,WEST,
MEM-08897,28,M,EAST,
MEM-08898,39,F,EAST,
MEM-08899,91,M,SOUTH,
MEM-08900,48,M,WEST,
MEM-08901,26,M,NORTH,
MEM-08902,32,M,WEST,
MEM-08903,24,M,SOUTH,
MEM-08904,39,M,SOUTH,
MEM-08905,31,M,SOUTH,
MEM-08906,42,F,SOUTH,
MEM-08907,69,F,EAST,
MEM-08908,39,M,SOUTH,
MEM-08909,54,F,WEST,
MEM-08910,35,M,SOUTH,
MEM-08911,42,F,SOUTH,
MEM-08912,34,F,WEST,
MEM-08913,34,M,SOUTH,
MEM-08914,33,F,EAST,
MEM-08915,69,F,WEST,
MEM-08916,46,M,SOUTH,
MEM-08917,95,F,SOUTH,
MEM-08918,26,M,SOUTH,
MEM-08919,39,M,WEST,
MEM-08920,20,M,EAST,
MEM-08921,49,M,WEST,
MEM-08922,15,F,SOUTH,
MEM-08923,42,M,SOUTH,
MEM-08924,57,F,NORTH,
MEM-08925,58,M,NORTH,
MEM-08926,64,M,EAST,
MEM-08927,22,F,EAST,
MEM-08928,43,F,SOUTH,
MEM-08929,47,F,EAST,
MEM-08930,23,M,EAST,
MEM-08931,48,M,WEST,
MEM-08932,94,F,NORTH,
MEM-08933,41,F,NORTH,
MEM-08934,26,M,EAST,
MEM-08935,32,M,NORTH,
MEM-08936,76,M,SOUTH,
MEM-08937,63,F,NORTH,
MEM-08938,33,F,EAST,
MEM-08939,67,M,EAST,
MEM-08940,52,F,SOUTH,
MEM-08941,53,F,SOUTH,
MEM-08942,23,F,NORTH,
MEM-08943,37,F,WEST,
MEM-08944,60,M,WEST,
MEM-08945,36,M,EAST,
MEM-08946,35,F,WEST,
MEM-08947,81,M,NORTH,
MEM-08948,21,F,EAST,
MEM-08949,3,F,EAST,
MEM-08950,56,M,EAST,
MEM-08951,47,M,NORTH,
MEM-08952,47,M,EAST,
MEM-08953,49,M,NORTH,
MEM-08954,37,F,EAST,
MEM-08955,53,M,NORTH,
MEM-08956,35,M,EAST,
MEM-08957,54,F,SOUTH,
MEM-08958,64,F,EAST,
MEM-08959,44,M,WEST,
MEM-08960,43,M,NORTH,
MEM-08961,26,M,NORTH,
MEM-08962,36,M,WEST,
MEM-08963,21,F,EAST,
MEM-08964,47,M,SOUTH,
MEM-08965,40,F,SOUTH,
MEM-08966,93,M,NORTH,
MEM-08967,19,F,WEST,
MEM-08968,59,F,WEST,
MEM-08969,31,M,WEST,
MEM-08970,62,M,EAST,
MEM-08971,31,F,SOUTH,
MEM-08972,26,F,NORTH,
MEM-08973,21,F,SOUTH,
MEM-08974,52,M,WEST,
MEM-08975,14,M,NORTH,
MEM-08976,17,M,WEST,
MEM-08977,25,M,NORTH,
MEM-08978,30,M,SOUTH,
MEM-08979,7,M,NORTH,
MEM-08980,9,F,EAST,
MEM-08981,60,F,SOUTH,
MEM-08982,77,M,EAST,
MEM-08983,47,M,NORTH,
MEM-08984,81,F,WEST,
MEM-08985,18,F,NORTH,
MEM-08986,34,M,SOUTH,
MEM-08987,29,M,EAST,
MEM-08988,23,M,NORTH,
MEM-08989,25,F,SOUTH,
MEM-08990,26,M,EAST,
MEM-08991,80,M,EAST,
MEM-08992,21,F,SOUTH,
MEM-08993,19,M,NORTH,
MEM-08994,57,F,EAST,
MEM-08995,63,F,WEST,
MEM-08996,28,F,NORTH,
MEM-08997,30,M,WEST,
MEM-08998,52,M,SOUTH,
MEM-08999,52,F,SOUTH,
MEM-09000,71,M,SOUTH,
MEM-09001,34,F,NORTH,
MEM-09002,55,F,WEST,
MEM-09003,20,F,SOUTH,
MEM-09004,69,F,SOUTH,
MEM-09005,47,M,EAST,
MEM-09006,55,F,NORTH,
MEM-09007,63,M,EAST,
MEM-09008,36,M,SOUTH,
MEM-09009,28,F,NORTH,
MEM-09010,60,F,WEST,
MEM-09011,56,F,NORTH,
MEM-09012,26,M,EAST,
MEM-09013,39,M,NORTH,
MEM-09014,44,M,WEST,
MEM-09015,31,M,NORTH,
MEM-09016,54,M,EAST,
MEM-09017,74,F,WEST,
MEM-09018,34,M,SOUTH,
MEM-09019,63,F,SOUTH,
MEM-09020,26,M,NORTH,
MEM-09021,47,M,EAST,
MEM-09022,37,M,EAST,
MEM-09023,57,F,NORTH,
MEM-09024,26,F,NORTH,
MEM-09025,30,M,SOUTH,
MEM-09026,61,M,EAST,
MEM-09027,68,F,EAST,
MEM-09028,82,M,SOUTH,
MEM-09029,50,F,NORTH,
MEM-09030,25,F,NORTH,
MEM-09031,34,F,EAST,
MEM-09032,45,M,WEST,
MEM-09033,95,F,SOUTH,
MEM-09034,12,M,SOUTH,
MEM-09035,16,F,NORTH,
MEM-09036,34,F,NORTH,
MEM-09037,8,M,EAST,
MEM-09038,95,F,NORTH,
MEM-09039,43,M,EAST,
MEM-09040,61,F,WEST,
MEM-09041,46,M,WEST,
MEM-09042,35,F,EAST,
MEM-09043,47,F,EAST,
MEM-09044,24,M,NORTH,
MEM-09045,46,F,EAST,
MEM-09046,62,M,NORTH,
MEM-09047,38,F,WEST,
MEM-09048,46,M,NORTH,
MEM-09049,38,M,SOUTH,
MEM-09050,36,M,SOUTH,
MEM-09051,23,M,NORTH,
MEM-09052,39,F,WEST,
MEM-09053,69,F,SOUTH,
MEM-09054,14,F,EAST,
MEM-09055,38,F,WEST,
MEM-09056,31,F,NORTH,
MEM-09057,44,F,WEST,
MEM-09058,27,M,SOUTH,
MEM-09059,19,M,SOUTH,
MEM-09060,47,M,EAST,
MEM-09061,22,M,SOUTH,
MEM-09062,38,F,WEST,
MEM-09063,37,M,NORTH,
MEM-09064,51,F,NORTH,
MEM-09065,26,M,SOUTH,
MEM-09066,37,M,EAST,
MEM-09067,52,F,SOUTH,
MEM-09068,17,M,WEST,
MEM-09069,56,F,NORTH,
MEM-09070,52,M,WEST,
MEM-09071,63,M,NORTH,
MEM-09072,45,F,SOUTH,
MEM-09073,36,F,WEST,
MEM-09074,27,M,WEST,
MEM-09075,45,M,SOUTH,
MEM-09076,51,F,NORTH,
MEM-09077,29,M,EAST,
MEM-09078,70,F,WEST,
MEM-09079,39,F,NORTH,
MEM-09080,73,M,SOUTH,
MEM-09081,62,F,EAST,
MEM-09082,64,M,SOUTH,
MEM-09083,46,F,NORTH,
MEM-09084,47,M,EAST,
MEM-09085,50,M,WEST,
MEM-09086,25,F,WEST,
MEM-09087,49,F,WEST,
MEM-09088,24,M,NORTH,
MEM-09089,64,M,NORTH,
MEM-09090,84,M,SOUTH,
MEM-09091,39,M,WEST,
MEM-09092,60,M,WEST,
MEM-09093,18,M,SOUTH,
MEM-09094,49,F,SOUTH,
MEM-09095,86,F,NORTH,
MEM-09096,45,M,SOUTH,
MEM-09097,31,F,SOUTH,
MEM-09098,68,F,EAST,
MEM-09099,61,M,EAST,
MEM-09100,32,M,NORTH,
MEM-09101,76,F,SOUTH,
MEM-09102,34,F,NORTH,
MEM-09103,45,F,NORTH,
MEM-09104,49,M,WEST,
MEM-09105,44,M,NORTH,
MEM-09106,50,M,EAST,
MEM-09107,35,M,EAST,
MEM-09108,59,F,NORTH,
MEM-09109,44,M,NORTH,
MEM-09110,29,F,SOUTH,
MEM-09111,50,M,EAST,
MEM-09112,47,M,NORTH,
MEM-09113,92,F,WEST,
MEM-09114,29,M,NORTH,
MEM-09115,38,F,NORTH,
MEM-09116,42,M,WEST,
MEM-09117,29,M,WEST,
MEM-09118,29,F,NORTH,
MEM-09119,61,M,SOUTH,
MEM-09120,17,F,SOUTH,
MEM-09121,20,F,NORTH,
MEM-09122,30,M,EAST,
MEM-09123,55,M,SOUTH,
MEM-09124,81,F,SOUTH,
MEM-09125,7,M,NORTH,
MEM-09126,83,F,EAST,
MEM-09127,47,F,SOUTH,
MEM-09128,58,M,SOUTH,
MEM-09129,45,F,SOUTH,
MEM-09130,29,F,WEST,
MEM-09131,54,M,WEST,
MEM-09132,54,F,SOUTH,
MEM-09133,93,M,NORTH,
MEM-09134,71,M,EAST,
MEM-09135,21,M,SOUTH,
MEM-09136,30,M,WEST,
MEM-09137,39,M,EAST,
MEM-09138,46,F,EAST,
MEM-09139,36,M,EAST,
MEM-09140,42,F,NORTH,
MEM-09141,36,M,NORTH,
MEM-09142,49,F,NORTH,
MEM-09143,61,M,WEST,
MEM-09144,37,F,WEST,
MEM-09145,40,F,SOUTH,
MEM-09146,35,M,SOUTH,
MEM-09147,64,M,EAST,
MEM-09148,32,M,EAST,
MEM-09149,94,F,NORTH,
MEM-09150,66,F,EAST,
MEM-09151,18,M,EAST,
MEM-09152,34,M,EAST,
MEM-09153,25,F,WEST,
MEM-09154,24,M,WEST,
MEM-09155,69,F,SOUTH,
MEM-09156,64,F,WEST,
MEM-09157,36,F,EAST,
MEM-09158,8,F,EAST,
MEM-09159,34,M,SOUTH,
MEM-09160,45,M,EAST,
MEM-09161,28,M,WEST,
MEM-09162,63,F,EAST,
MEM-09163,31,F,WEST,
MEM-09164,24,M,EAST,
MEM-09165,26,F,NORTH,
MEM-09166,68,M,EAST,
MEM-09167,59,F,NORTH,
MEM-09168,22,M,EAST,
MEM-09169,47,F,SOUTH,
MEM-09170,37,M,WEST,
MEM-09171,36,M,SOUTH,
MEM-09172,68,M,WEST,
MEM-09173,45,F,EAST,
MEM-09174,28,F,SOUTH,
MEM-09175,70,M,SOUTH,
MEM-09176,32,F,SOUTH,
MEM-09177,50,M,EAST,
MEM-09178,29,F,EAST,
MEM-09179,46,M,EAST,
MEM-09180,27,M,EAST,
MEM-09181,21,F,SOUTH,
MEM-09182,22,M,EAST,
MEM-09183,10,F,WEST,
MEM-09184,39,F,SOUTH,
MEM-09185,56,F,NORTH,
MEM-09186,30,M,WEST,
MEM-09187,76,M,SOUTH,
MEM-09188,63,M,SOUTH,
MEM-09189,47,M,WEST,
MEM-09190,36,F,SOUTH,
MEM-09191,64,F,SOUTH,
MEM-09192,56,F,EAST,
MEM-09193,43,M,WEST,
MEM-09194,62,M,WEST,
MEM-09195,14,M,SOUTH,
MEM-09196,75,F,SOUTH,
MEM-09197,44,F,WEST,
MEM-09198,51,M,SOUTH,
MEM-09199,74,M,NORTH,
MEM-09200,49,F,WEST,
MEM-09201,46,M,WEST,
MEM-09202,25,M,NORTH,
MEM-09203,40,F,SOUTH,
MEM-09204,72,F,NORTH,
MEM-09205,44,F,SOUTH,
MEM-09206,42,M,NORTH,
MEM-09207,23,F,WEST,
MEM-09208,45,M,WEST,
MEM-09209,15,M,SOUTH,
MEM-09210,51,M,NORTH,
MEM-09211,36,F,NORTH,
MEM-09212,13,F,NORTH,
MEM-09213,40,M,SOUTH,
MEM-09214,57,M,NORTH,
MEM-09215,62,M,WEST,
MEM-09216,65,F,WEST,
MEM-09217,79,M,NORTH,
MEM-09218,29,F,SOUTH,
MEM-09219,53,F,WEST,
MEM-09220,17,M,WEST,
MEM-09221,52,M,WEST,
MEM-09222,38,F,EAST,
MEM-09223,30,F,NORTH,
MEM-09224,37,F,EAST,
MEM-09225,23,F,NORTH,
MEM-09226,23,F,EAST,
MEM-09227,43,F,EAST,
MEM-09228,46,F,SOUTH,
MEM-09229,4,M,SOUTH,
MEM-09230,32,F,EAST,
MEM-09231,72,F,NORTH,
MEM-09232,95,F,SOUTH,
MEM-09233,66,F,NORTH,
MEM-09234,32,M,WEST,
MEM-09235,11,M,SOUTH,
MEM-09236,31,F,EAST,
MEM-09237,29,M,SOUTH,
MEM-09238,24,F,SOUTH,
MEM-09239,32,M,SOUTH,
MEM-09240,20,M,WEST,
MEM-09241,95,M,SOUTH,
MEM-09242,37,F,SOUTH,
MEM-09243,63,F,SOUTH,
MEM-09244,27,F,SOUTH,
MEM-09245,30,M,NORTH,
MEM-09246,43,M,SOUTH,
MEM-09247,25,F,EAST,
MEM-09248,85,M,SOUTH,
MEM-09249,53,F,NORTH,
MEM-09250,59,F,NORTH,
MEM-09251,83,M,NORTH,
MEM-09252,64,F,WEST,
MEM-09253,47,F,SOUTH,
MEM-09254,57,F,WEST,
MEM-09255,22,M,WEST,
MEM-09256,43,F,SOUTH,
MEM-09257,6,F,WEST,
MEM-09258,9,F,NORTH,
MEM-09259,39,M,EAST,
MEM-09260,61,M,EAST,
MEM-09261,62,F,EAST,
MEM-09262,48,F,SOUTH,
MEM-09263,18,F,SOUTH,
MEM-09264,32,M,SOUTH,
MEM-09265,31,M,WEST,
MEM-09266,14,F,EAST,
MEM-09267,55,F,EAST,
MEM-09268,41,M,WEST,
MEM-09269,50,M,SOUTH,
MEM-09270,56,F,SOUTH,
MEM-09271,39,M,NORTH,
MEM-09272,62,F,SOUTH,
MEM-09273,74,F,SOUTH,
MEM-09274,30,F,SOUTH,
MEM-09275,63,F,NORTH,
MEM-09276,11,F,EAST,
MEM-09277,28,M,EAST,
MEM-09278,95,F,NORTH,
MEM-09279,36,F,NORTH,
MEM-09280,23,F,NORTH,
MEM-09281,36,F,SOUTH,
MEM-09282,95,F,WEST,
MEM-09283,62,M,EAST,
MEM-09284,46,M,NORTH,
MEM-09285,27,F,NORTH,
MEM-09286,32,M,SOUTH,
MEM-09287,64,F,NORTH,
MEM-09288,57,F,SOUTH,
MEM-09289,16,M,SOUTH,
MEM-09290,47,M,NORTH,
MEM-09291,35,M,EAST,
MEM-09292,29,F,EAST,
MEM-09293,43,M,EAST,
MEM-09294,12,F,EAST,
MEM-09295,13,M,SOUTH,
MEM-09296,56,M,WEST,
MEM-09297,31,F,NORTH,
MEM-09298,48,F,SOUTH,
MEM-09299,26,M,SOUTH,
MEM-09300,17,F,NORTH,
MEM-09301,52,F,SOUTH,
MEM-09302,26,M,EAST,
MEM-09303,29,M,EAST,
MEM-09304,39,F,NORTH,
MEM-09305,25,M,EAST,
MEM-09306,29,F,NORTH,
MEM-09307,46,F,SOUTH,
MEM-09308,58,F,EAST,
MEM-09309,83,M,EAST,
MEM-09310,33,F,EAST,
MEM-09311,30,M,EAST,2026-01-09
MEM-09312,12,F,NORTH,
MEM-09313,80,F,WEST,
MEM-09314,27,M,NORTH,
MEM-09315,31,M,SOUTH,
MEM-09316,37,M,SOUTH,
MEM-09317,39,M,WEST,
MEM-09318,52,M,SOUTH,
MEM-09319,26,M,SOUTH,
MEM-09320,27,M,WEST,
MEM-09321,29,F,SOUTH,
MEM-09322,59,F,NORTH,
MEM-09323,46,M,EAST,
MEM-09324,37,M,EAST,
MEM-09325,62,F,WEST,
MEM-09326,55,M,WEST,
MEM-09327,57,M,WEST,
MEM-09328,69,M,NORTH,
MEM-09329,35,M,SOUTH,
MEM-09330,95,F,SOUTH,
MEM-09331,49,M,WEST,
MEM-09332,21,M,EAST,
MEM-09333,20,F,EAST,
MEM-09334,33,M,NORTH,
MEM-09335,40,M,WEST,
MEM-09336,43,M,SOUTH,
MEM-09337,60,F,EAST,
MEM-09338,73,M,WEST,
MEM-09339,49,M,EAST,
MEM-09340,26,M,EAST,
MEM-09341,17,M,SOUTH,
MEM-09342,93,M,WEST,
MEM-09343,33,M,EAST,
MEM-09344,49,M,SOUTH,
MEM-09345,67,M,SOUTH,
MEM-09346,10,M,WEST,
MEM-09347,42,M,SOUTH,
MEM-09348,51,M,NORTH,
MEM-09349,39,F,EAST,
MEM-09350,60,M,WEST,
MEM-09351,54,M,WEST,
MEM-09352,58,M,WEST,
MEM-09353,68,F,NORTH,
MEM-09354,49,M,SOUTH,
MEM-09355,30,M,EAST,
MEM-09356,30,F,SOUTH,
MEM-09357,23,F,EAST,
MEM-09358,21,M,NORTH,
MEM-09359,31,F,EAST,
MEM-09360,58,F,SOUTH,
MEM-09361,39,M,EAST,
MEM-09362,63,F,NORTH,
MEM-09363,18,M,SOUTH,
MEM-09364,14,M,NORTH,
MEM-09365,33,F,EAST,
MEM-09366,55,F,SOUTH,
MEM-09367,95,M,EAST,
MEM-09368,66,M,WEST,
MEM-09369,64,F,WEST,
MEM-09370,41,F,NORTH,
MEM-09371,29,M,SOUTH,
MEM-09372,66,F,NORTH,
MEM-09373,57,F,SOUTH,
MEM-09374,66,F,WEST,
MEM-09375,29,M,EAST,
MEM-09376,24,F,SOUTH,
MEM-09377,48,F,WEST,
MEM-09378,18,M,SOUTH,
MEM-09379,28,M,EAST,
MEM-09380,34,M,WEST,
MEM-09381,63,F,SOUTH,
MEM-09382,34,F,EAST,
MEM-09383,42,F,WEST,
MEM-09384,37,F,SOUTH,
MEM-09385,18,M,SOUTH,
MEM-09386,73,F,WEST,
MEM-09387,85,M,NORTH,
MEM-09388,15,M,EAST,
MEM-09389,50,F,SOUTH,
MEM-09390,59,M,SOUTH,
MEM-09391,70,F,EAST,
MEM-09392,57,F,SOUTH,
MEM-09393,74,M,SOUTH,
MEM-09394,14,F,WEST,
MEM-09395,73,M,SOUTH,
MEM-09396,25,M,NORTH,
MEM-09397,33,F,NORTH,
MEM-09398,57,F,SOUTH,
MEM-09399,24,M,EAST,
MEM-09400,53,M,NORTH,
MEM-09401,34,M,WEST,
MEM-09402,55,M,WEST,
MEM-09403,26,M,WEST,
MEM-09404,57,F,NORTH,
MEM-09405,57,M,SOUTH,
MEM-09406,47,F,EAST,
MEM-09407,72,M,WEST,
MEM-09408,56,M,SOUTH,
MEM-09409,32,F,WEST,
MEM-09410,58,F,NORTH,
MEM-09411,36,M,EAST,
MEM-09412,39,M,SOUTH,
MEM-09413,53,M,WEST,
MEM-09414,43,F,NORTH,
MEM-09415,82,M,NORTH,
MEM-09416,23,F,WEST,
MEM-09417,23,F,NORTH,
MEM-09418,13,M,SOUTH,
MEM-09419,61,M,NORTH,
MEM-09420,29,F,SOUTH,
MEM-09421,47,F,SOUTH,
MEM-09422,31,F,WEST,
MEM-09423,31,F,EAST,
MEM-09424,17,M,NORTH,
MEM-09425,64,F,WEST,
MEM-09426,22,M,WEST,
MEM-09427,31,F,EAST,
MEM-09428,54,F,SOUTH,
MEM-09429,40,F,SOUTH,
MEM-09430,33,M,SOUTH,
MEM-09431,54,F,NORTH,
MEM-09432,29,F,WEST,
MEM-09433,41,F,WEST,
MEM-09434,45,F,EAST,
MEM-09435,68,M,EAST,
MEM-09436,29,M,SOUTH,
MEM-09437,66,F,WEST,
MEM-09438,30,F,EAST,
MEM-09439,86,F,SOUTH,
MEM-09440,41,F,SOUTH,
MEM-09441,17,F,WEST,
MEM-09442,36,M,EAST,
MEM-09443,21,M,WEST,
MEM-09444,36,M,NORTH,
MEM-09445,38,M,NORTH,
MEM-09446,46,F,SOUTH,
MEM-09447,38,F,WEST,
MEM-09448,14,F,WEST,
MEM-09449,33,F,EAST,
MEM-09450,20,M,SOUTH,
MEM-09451,60,M,WEST,
MEM-09452,49,F,WEST,
MEM-09453,50,M,NORTH,
MEM-09454,48,F,WEST,
MEM-09455,73,F,SOUTH,
MEM-09456,28,F,WEST,
MEM-09457,25,F,EAST,
MEM-09458,23,M,NORTH,
MEM-09459,38,F,WEST,2025-09-07
MEM-09460,49,M,NORTH,
MEM-09461,18,F,SOUTH,
MEM-09462,44,F,WEST,
MEM-09463,57,M,WEST,
MEM-09464,37,F,EAST,
MEM-09465,40,M,NORTH,
MEM-09466,50,M,SOUTH,
MEM-09467,50,M,WEST,
MEM-09468,28,F,SOUTH,
MEM-09469,53,F,EAST,
MEM-09470,44,M,WEST,
MEM-09471,36,F,WEST,
MEM-09472,44,M,WEST,
MEM-09473,26,M,SOUTH,
MEM-09474,31,M,NORTH,
MEM-09475,66,M,SOUTH,
MEM-09476,69,F,EAST,
MEM-09477,44,F,SOUTH,
MEM-09478,13,M,SOUTH,
MEM-09479,45,F,NORTH,
MEM-09480,40,F,SOUTH,
MEM-09481,41,M,NORTH,
MEM-09482,52,M,SOUTH,
MEM-09483,21,F,NORTH,
MEM-09484,45,F,NORTH,
MEM-09485,34,F,EAST,
MEM-09486,72,M,EAST,
MEM-09487,59,M,NORTH,
MEM-09488,57,F,WEST,
MEM-09489,57,F,NORTH,
MEM-09490,28,M,WEST,
MEM-09491,15,M,EAST,
MEM-09492,50,M,SOUTH,
MEM-09493,15,M,WEST,
MEM-09494,23,M,NORTH,
MEM-09495,67,F,EAST,
MEM-09496,41,F,WEST,
MEM-09497,18,F,EAST,
MEM-09498,36,M,NORTH,
MEM-09499,47,F,WEST,
MEM-09500,82,M,WEST,
MEM-09501,24,F,WEST,
MEM-09502,26,M,WEST,
MEM-09503,11,M,NORTH,
MEM-09504,24,F,EAST,
MEM-09505,49,M,NORTH,
MEM-09506,43,F,WEST,
MEM-09507,20,F,WEST,
MEM-09508,63,F,NORTH,
MEM-09509,95,M,NORTH,
MEM-09510,28,F,SOUTH,
MEM-09511,30,M,NORTH,
MEM-09512,5,M,EAST,
MEM-09513,21,M,SOUTH,
MEM-09514,70,M,WEST,
MEM-09515,31,F,EAST,
MEM-09516,44,F,WEST,
MEM-09517,87,F,NORTH,
MEM-09518,16,M,WEST,
MEM-09519,23,M,SOUTH,
MEM-09520,35,M,SOUTH,
MEM-09521,46,F,NORTH,
MEM-09522,39,M,SOUTH,
MEM-09523,19,M,SOUTH,
MEM-09524,31,F,EAST,
MEM-09525,45,M,SOUTH,
MEM-09526,29,M,WEST,
MEM-09527,22,F,NORTH,
MEM-09528,40,F,EAST,
MEM-09529,22,F,SOUTH,
MEM-09530,77,M,WEST,
MEM-09531,32,M,EAST,
MEM-09532,40,M,SOUTH,
MEM-09533,33,F,WEST,
MEM-09534,22,F,NORTH,
MEM-09535,61,F,NORTH,
MEM-09536,41,F,NORTH,
MEM-09537,63,M,EAST,
MEM-09538,58,M,SOUTH,
MEM-09539,35,M,NORTH,
MEM-09540,35,M,EAST,
MEM-09541,16,F,SOUTH,
MEM-09542,24,F,NORTH,
MEM-09543,95,M,NORTH,
MEM-09544,95,M,EAST,
MEM-09545,83,M,SOUTH,
MEM-09546,31,M,EAST,
MEM-09547,53,F,SOUTH,
MEM-09548,65,F,SOUTH,
MEM-09549,9,M,EAST,
MEM-09550,23,M,NORTH,
MEM-09551,34,F,EAST,
MEM-09552,61,F,EAST,
MEM-09553,76,M,EAST,
MEM-09554,12,M,EAST,
MEM-09555,10,F,SOUTH,
MEM-09556,49,M,WEST,
MEM-09557,79,F,EAST,
MEM-09558,31,F,WEST,
MEM-09559,49,F,SOUTH,
MEM-09560,66,M,SOUTH,
MEM-09561,64,M,EAST,
MEM-09562,24,M,SOUTH,
MEM-09563,67,M,NORTH,
MEM-09564,27,M,EAST,
MEM-09565,60,M,NORTH,
MEM-09566,31,M,NORTH,
MEM-09567,48,M,EAST,
MEM-09568,15,M,NORTH,
MEM-09569,26,F,WEST,
MEM-09570,52,M,WEST,
MEM-09571,25,F,SOUTH,
MEM-09572,21,M,WEST,
MEM-09573,19,M,NORTH,
MEM-09574,55,F,WEST,
MEM-09575,34,M,NORTH,
MEM-09576,52,F,WEST,
MEM-09577,75,F,NORTH,
MEM-09578,27,F,WEST,
MEM-09579,18,M,SOUTH,
MEM-09580,26,F,WEST,
MEM-09581,29,F,SOUTH,
MEM-09582,23,M,EAST,
MEM-09583,31,F,NORTH,
MEM-09584,32,M,NORTH,
MEM-09585,14,F,EAST,
MEM-09586,53,M,SOUTH,
MEM-09587,30,F,WEST,
MEM-09588,91,F,WEST,
MEM-09589,30,M,SOUTH,
MEM-09590,53,F,WEST,
MEM-09591,29,F,SOUTH,
MEM-09592,35,F,EAST,
MEM-09593,26,M,NORTH,
MEM-09594,31,M,SOUTH,
MEM-09595,24,M,SOUTH,
MEM-09596,42,F,EAST,
MEM-09597,49,F,NORTH,
MEM-09598,55,F,WEST,
MEM-09599,34,M,WEST,
MEM-09600,31,M,NORTH,
MEM-09601,10,F,SOUTH,
MEM-09602,27,M,WEST,
MEM-09603,21,M,NORTH,
MEM-09604,16,M,SOUTH,
MEM-09605,26,F,NORTH,
MEM-09606,36,M,WEST,
MEM-09607,20,F,WEST,
MEM-09608,36,F,SOUTH,
MEM-09609,57,M,SOUTH,
MEM-09610,47,M,SOUTH,
MEM-09611,49,F,WEST,
MEM-09612,77,M,WEST,
MEM-09613,51,F,EAST,
MEM-09614,38,F,SOUTH,
MEM-09615,30,M,WEST,
MEM-09616,36,F,SOUTH,
MEM-09617,56,M,NORTH,
MEM-09618,48,M,SOUTH,
MEM-09619,19,F,NORTH,
MEM-09620,74,M,WEST,
MEM-09621,56,F,WEST,
MEM-09622,55,M,EAST,
MEM-09623,64,F,NORTH,
MEM-09624,39,M,WEST,
MEM-09625,36,M,NORTH,
MEM-09626,38,M,SOUTH,
MEM-09627,25,M,EAST,
MEM-09628,32,M,EAST,
MEM-09629,53,M,SOUTH,
MEM-09630,29,F,SOUTH,
MEM-09631,6,M,WEST,
MEM-09632,18,F,EAST,
MEM-09633,33,M,WEST,
MEM-09634,77,M,SOUTH,
MEM-09635,19,M,SOUTH,
MEM-09636,48,M,WEST,
MEM-09637,83,M,WEST,
MEM-09638,58,F,SOUTH,
MEM-09639,39,F,EAST,
MEM-09640,95,M,EAST,
MEM-09641,28,F,NORTH,
MEM-09642,69,M,NORTH,
MEM-09643,63,F,EAST,
MEM-09644,54,M,NORTH,
MEM-09645,44,M,EAST,
MEM-09646,39,F,NORTH,
MEM-09647,45,M,SOUTH,
MEM-09648,18,M,SOUTH,
MEM-09649,77,F,SOUTH,
MEM-09650,28,M,EAST,
MEM-09651,46,F,EAST,
MEM-09652,13,M,EAST,
MEM-09653,25,M,NORTH,
MEM-09654,34,F,SOUTH,
MEM-09655,60,M,EAST,
MEM-09656,79,F,SOUTH,
MEM-09657,11,M,EAST,
MEM-09658,35,M,SOUTH,
MEM-09659,54,M,SOUTH,
MEM-09660,48,M,WEST,
MEM-09661,31,F,EAST,
MEM-09662,30,M,SOUTH,
MEM-09663,14,F,NORTH,
MEM-09664,76,F,NORTH,
MEM-09665,37,F,SOUTH,
MEM-09666,36,M,EAST,
MEM-09667,19,M,EAST,
MEM-09668,50,M,EAST,
MEM-09669,27,M,SOUTH,
MEM-09670,79,F,NORTH,
MEM-09671,35,F,NORTH,
MEM-09672,58,F,NORTH,
MEM-09673,20,F,SOUTH,
MEM-09674,62,M,EAST,
MEM-09675,31,F,SOUTH,
MEM-09676,91,F,SOUTH,
MEM-09677,25,F,NORTH,
MEM-09678,51,M,NORTH,
MEM-09679,44,M,NORTH,
MEM-09680,95,F,WEST,
MEM-09681,35,F,SOUTH,
MEM-09682,80,M,EAST,
MEM-09683,10,M,WEST,
MEM-09684,57,F,WEST,
MEM-09685,23,F,WEST,
MEM-09686,89,F,NORTH,
MEM-09687,9,M,SOUTH,
MEM-09688,17,F,EAST,
MEM-09689,60,F,NORTH,
MEM-09690,33,F,NORTH,
MEM-09691,43,M,EAST,
MEM-09692,28,M,SOUTH,
MEM-09693,32,M,EAST,
MEM-09694,30,F,WEST,
MEM-09695,38,M,NORTH,
MEM-09696,49,M,SOUTH,
MEM-09697,61,F,SOUTH,
MEM-09698,52,F,SOUTH,
MEM-09699,46,M,NORTH,
MEM-09700,21,M,SOUTH,
MEM-09701,29,F,NORTH,
MEM-09702,21,F,WEST,
MEM-09703,20,M,NORTH,
MEM-09704,50,M,NORTH,
MEM-09705,8,M,SOUTH,
MEM-09706,36,F,NORTH,
MEM-09707,81,F,WEST,
MEM-09708,90,F,NORTH,
MEM-09709,47,M,EAST,
MEM-09710,66,F,SOUTH,
MEM-09711,52,M,SOUTH,
MEM-09712,46,M,WEST,
MEM-09713,95,M,NORTH,
MEM-09714,49,F,SOUTH,
MEM-09715,43,F,SOUTH,
MEM-09716,42,M,NORTH,
MEM-09717,95,F,SOUTH,
MEM-09718,79,F,EAST,
MEM-09719,46,M,WEST,
MEM-09720,25,F,SOUTH,
MEM-09721,72,M,NORTH,
MEM-09722,49,F,NORTH,
MEM-09723,21,F,EAST,
MEM-09724,76,F,SOUTH,
MEM-09725,57,F,EAST,
MEM-09726,10,F,EAST,
MEM-09727,42,F,EAST,
MEM-09728,46,F,EAST,
MEM-09729,27,F,SOUTH,
MEM-09730,14,M,SOUTH,
MEM-09731,12,F,SOUTH,
MEM-09732,84,F,SOUTH,
MEM-09733,35,M,NORTH,
MEM-09734,18,M,NORTH,
MEM-09735,43,M,EAST,
MEM-09736,19,F,NORTH,
MEM-09737,40,M,SOUTH,
MEM-09738,33,M,WEST,
MEM-09739,87,M,NORTH,
MEM-09740,27,F,WEST,
MEM-09741,19,M,SOUTH,
MEM-09742,31,M,WEST,
MEM-09743,47,M,SOUTH,
MEM-09744,55,M,WEST,
MEM-09745,95,F,EAST,
MEM-09746,47,F,EAST,
MEM-09747,65,M,EAST,
MEM-09748,33,F,EAST,
MEM-09749,2,M,NORTH,
MEM-09750,43,M,SOUTH,
MEM-09751,19,F,NORTH,
MEM-09752,39,M,NORTH,
MEM-09753,14,M,WEST,
MEM-09754,37,M,NORTH,
MEM-09755,33,F,NORTH,
MEM-09756,37,F,NORTH,
MEM-09757,30,M,NORTH,
MEM-09758,41,F,EAST,
MEM-09759,51,F,EAST,
MEM-09760,43,M,NORTH,
MEM-09761,63,F,NORTH,
MEM-09762,25,M,EAST,
MEM-09763,56,F,SOUTH,
MEM-09764,50,F,NORTH,
MEM-09765,29,M,SOUTH,
MEM-09766,18,M,WEST,
MEM-09767,43,F,SOUTH,
MEM-09768,40,F,NORTH,
MEM-09769,48,F,SOUTH,
MEM-09770,25,M,NORTH,
MEM-09771,25,M,WEST,
MEM-09772,46,F,SOUTH,
MEM-09773,12,M,NORTH,
MEM-09774,40,F,SOUTH,
MEM-09775,20,F,EAST,
MEM-09776,22,F,EAST,
MEM-09777,8,F,WEST,
MEM-09778,88,F,SOUTH,
MEM-09779,14,M,SOUTH,
MEM-09780,64,F,SOUTH,
MEM-09781,59,M,WEST,
MEM-09782,19,M,EAST,
MEM-09783,17,F,WEST,
MEM-09784,14,F,SOUTH,
MEM-09785,63,M,SOUTH,
MEM-09786,21,M,EAST,
MEM-09787,53,F,SOUTH,
MEM-09788,68,M,EAST,
MEM-09789,94,M,NORTH,
MEM-09790,36,F,SOUTH,
MEM-09791,80,M,EAST,
MEM-09792,95,F,EAST,
MEM-09793,54,F,SOUTH,
MEM-09794,33,F,WEST,
MEM-09795,9,M,SOUTH,
MEM-09796,73,M,NORTH,
MEM-09797,53,F,WEST,
MEM-09798,39,M,WEST,
MEM-09799,19,F,EAST,
MEM-09800,61,M,NORTH,
MEM-09801,46,F,SOUTH,
MEM-09802,46,F,SOUTH,
MEM-09803,39,M,EAST,
MEM-09804,52,M,EAST,
MEM-09805,62,M,NORTH,
MEM-09806,73,M,WEST,
MEM-09807,56,M,EAST,
MEM-09808,43,F,SOUTH,
MEM-09809,35,F,SOUTH,
MEM-09810,80,F,NORTH,
MEM-09811,54,F,NORTH,
MEM-09812,33,F,NORTH,
MEM-09813,36,M,WEST,
MEM-09814,32,M,SOUTH,
MEM-09815,28,F,WEST,
MEM-09816,61,M,WEST,
MEM-09817,36,F,WEST,
MEM-09818,27,F,NORTH,
MEM-09819,30,M,NORTH,
MEM-09820,25,F,WEST,
MEM-09821,56,M,WEST,
MEM-09822,21,M,EAST,
MEM-09823,69,F,WEST,
MEM-09824,70,M,NORTH,
MEM-09825,22,M,NORTH,
MEM-09826,70,M,EAST,
MEM-09827,6,F,EAST,
MEM-09828,53,F,EAST,
MEM-09829,65,F,WEST,
MEM-09830,48,M,SOUTH,
MEM-09831,51,M,SOUTH,
MEM-09832,13,F,WEST,
MEM-09833,50,F,SOUTH,
MEM-09834,61,M,NORTH,
MEM-09835,36,M,EAST,
MEM-09836,12,M,EAST,
MEM-09837,71,M,EAST,
MEM-09838,50,F,SOUTH,
MEM-09839,47,F,WEST,
MEM-09840,46,F,EAST,
MEM-09841,24,F,SOUTH,
MEM-09842,92,F,NORTH,
MEM-09843,95,M,WEST,
MEM-09844,36,M,WEST,
MEM-09845,23,F,WEST,
MEM-09846,21,F,EAST,
MEM-09847,35,F,WEST,
MEM-09848,32,F,NORTH,
MEM-09849,43,M,EAST,
MEM-09850,14,M,WEST,
MEM-09851,55,M,NORTH,
MEM-09852,70,F,WEST,
MEM-09853,20,M,EAST,
MEM-09854,34,F,NORTH,
MEM-09855,37,F,SOUTH,
MEM-09856,48,F,EAST,
MEM-09857,43,M,WEST,
MEM-09858,29,F,WEST,
MEM-09859,32,M,SOUTH,
MEM-09860,26,M,NORTH,
MEM-09861,13,F,NORTH,
MEM-09862,56,F,EAST,
MEM-09863,31,F,EAST,
MEM-09864,35,F,EAST,
MEM-09865,43,F,NORTH,
MEM-09866,31,M,SOUTH,
MEM-09867,35,M,WEST,
MEM-09868,78,M,WEST,
MEM-09869,77,F,EAST,
MEM-09870,74,M,NORTH,
MEM-09871,35,F,NORTH,
MEM-09872,51,F,WEST,
MEM-09873,17,M,EAST,
MEM-09874,66,F,SOUTH,
MEM-09875,39,M,NORTH,
MEM-09876,74,M,EAST,
MEM-09877,37,M,EAST,
MEM-09878,33,M,EAST,
MEM-09879,28,F,EAST,
MEM-09880,95,F,SOUTH,
MEM-09881,50,M,EAST,
MEM-09882,18,F,WEST,
MEM-09883,39,M,NORTH,
MEM-09884,47,M,WEST,
MEM-09885,21,F,SOUTH,
MEM-09886,73,F,WEST,
MEM-09887,77,F,NORTH,
MEM-09888,54,F,EAST,
MEM-09889,38,F,SOUTH,
MEM-09890,30,M,NORTH,
MEM-09891,28,M,WEST,2026-01-01
MEM-09892,68,F,SOUTH,
MEM-09893,28,M,EAST,
MEM-09894,52,M,NORTH,
MEM-09895,20,M,WEST,
MEM-09896,35,M,EAST,
MEM-09897,23,M,WEST,
MEM-09898,77,M,EAST,
MEM-09899,41,F,EAST,
MEM-09900,19,F,EAST,
MEM-09901,39,F,WEST,
MEM-09902,19,M,SOUTH,
MEM-09903,52,M,NORTH,
MEM-09904,32,F,WEST,
MEM-09905,53,F,EAST,
MEM-09906,95,M,WEST,
MEM-09907,33,M,NORTH,
MEM-09908,30,M,SOUTH,
MEM-09909,70,M,SOUTH,
MEM-09910,25,F,EAST,
MEM-09911,56,F,SOUTH,
MEM-09912,44,F,EAST,
MEM-09913,24,M,NORTH,
MEM-09914,38,F,NORTH,
MEM-09915,50,M,WEST,
MEM-09916,86,F,EAST,
MEM-09917,13,M,SOUTH,
MEM-09918,45,F,EAST,
MEM-09919,22,F,NORTH,
MEM-09920,25,M,SOUTH,
MEM-09921,18,M,SOUTH,
MEM-09922,48,F,EAST,
MEM-09923,40,F,SOUTH,
MEM-09924,47,F,SOUTH,
MEM-09925,19,F,SOUTH,
MEM-09926,58,M,SOUTH,
MEM-09927,53,M,NORTH,
MEM-09928,51,M,EAST,
MEM-09929,71,M,SOUTH,
MEM-09930,55,F,NORTH,
MEM-09931,11,F,WEST,
MEM-09932,22,M,NORTH,
MEM-09933,28,F,WEST,
MEM-09934,38,M,NORTH,
MEM-09935,47,M,WEST,
MEM-09936,43,M,NORTH,
MEM-09937,47,M,NORTH,
MEM-09938,47,F,EAST,
MEM-09939,25,F,SOUTH,
MEM-09940,33,F,SOUTH,
MEM-09941,64,F,WEST,
MEM-09942,91,F,WEST,
MEM-09943,48,M,WEST,
MEM-09944,56,M,WEST,
MEM-09945,35,F,EAST,
MEM-09946,15,F,WEST,
MEM-09947,40,F,EAST,
MEM-09948,25,M,SOUTH,
MEM-09949,88,F,WEST,
MEM-09950,47,F,SOUTH,
MEM-09951,41,F,SOUTH,
MEM-09952,41,F,WEST,
MEM-09953,23,F,WEST,
MEM-09954,37,F,SOUTH,
MEM-09955,21,M,NORTH,
MEM-09956,46,F,SOUTH,
MEM-09957,25,F,NORTH,
MEM-09958,43,M,NORTH,
MEM-09959,29,M,NORTH,
MEM-09960,52,M,SOUTH,
MEM-09961,59,F,NORTH,
MEM-09962,31,F,WEST,
MEM-09963,63,M,SOUTH,
MEM-09964,85,M,EAST,
MEM-09965,95,M,EAST,
MEM-09966,39,F,WEST,
MEM-09967,26,M,WEST,
MEM-09968,40,F,SOUTH,
MEM-09969,38,M,EAST,
MEM-09970,34,M,SOUTH,
MEM-09971,57,F,NORTH,
MEM-09972,23,F,NORTH,
MEM-09973,31,F,WEST,
MEM-09974,43,M,NORTH,
MEM-09975,11,F,WEST,
MEM-09976,17,F,SOUTH,
MEM-09977,23,M,WEST,
MEM-09978,47,F,EAST,
MEM-09979,23,F,NORTH,
MEM-09980,33,F,WEST,
MEM-09981,33,M,NORTH,
MEM-09982,47,F,WEST,
MEM-09983,37,M,EAST,
MEM-09984,40,M,NORTH,
MEM-09985,27,M,NORTH,
MEM-09986,19,F,EAST,
MEM-09987,43,M,WEST,
MEM-09988,60,M,SOUTH,
MEM-09989,61,M,WEST,
MEM-09990,76,M,EAST,
MEM-09991,11,F,NORTH,
MEM-09992,13,M,NORTH,
MEM-09993,22,M,WEST,
MEM-09994,7,M,NORTH,
MEM-09995,85,F,EAST,
MEM-09996,39,F,WEST,
MEM-09997,40,M,NORTH,
MEM-09998,95,F,NORTH,
MEM-09999,18,M,SOUTH,
MEM-10000,22,F,SOUTH,
MEM-10001,36,F,SOUTH,
MEM-10002,45,M,SOUTH,
MEM-10003,41,M,WEST,
MEM-10004,44,F,EAST,
MEM-10005,53,F,EAST,
MEM-10006,42,M,NORTH,
MEM-10007,26,F,SOUTH,
MEM-10008,16,F,SOUTH,
MEM-10009,59,F,WEST,
MEM-10010,41,F,SOUTH,
MEM-10011,70,M,NORTH,
MEM-10012,56,M,WEST,
MEM-10013,43,F,EAST,
MEM-10014,54,F,NORTH,
MEM-10015,49,F,EAST,
MEM-10016,45,M,EAST,
MEM-10017,44,M,EAST,
MEM-10018,10,M,EAST,
MEM-10019,46,F,SOUTH,
MEM-10020,84,M,NORTH,
MEM-10021,44,M,NORTH,
MEM-10022,43,F,NORTH,
MEM-10023,30,F,SOUTH,
MEM-10024,33,M,WEST,
MEM-10025,47,F,WEST,
MEM-10026,17,M,WEST,
MEM-10027,74,M,NORTH,
MEM-10028,34,M,EAST,
MEM-10029,25,M,WEST,
MEM-10030,22,M,SOUTH,
MEM-10031,38,F,EAST,
MEM-10032,42,M,SOUTH,
MEM-10033,53,F,WEST,
MEM-10034,43,F,SOUTH,
MEM-10035,82,M,EAST,
MEM-10036,50,M,EAST,
MEM-10037,14,M,NORTH,
MEM-10038,25,M,WEST,
MEM-10039,22,M,WEST,
MEM-10040,25,F,WEST,
MEM-10041,56,F,EAST,
MEM-10042,19,M,EAST,
MEM-10043,29,M,NORTH,
MEM-10044,80,F,SOUTH,
MEM-10045,40,F,WEST,
MEM-10046,79,F,WEST,
MEM-10047,46,M,WEST,
MEM-10048,59,M,EAST,
MEM-10049,5,F,SOUTH,
MEM-10050,27,M,EAST,
MEM-10051,15,F,EAST,
MEM-10052,32,F,WEST,
MEM-10053,28,F,EAST,
MEM-10054,21,F,EAST,
MEM-10055,29,F,NORTH,
MEM-10056,34,M,NORTH,
MEM-10057,40,M,WEST,
MEM-10058,35,M,NORTH,
MEM-10059,28,F,NORTH,
MEM-10060,44,F,EAST,
MEM-10061,36,F,NORTH,
MEM-10062,12,M,WEST,
MEM-10063,58,F,WEST,
MEM-10064,48,M,SOUTH,2025-07-15
MEM-10065,58,M,EAST,
MEM-10066,18,M,SOUTH,
MEM-10067,55,F,NORTH,
MEM-10068,75,F,WEST,
MEM-10069,35,M,SOUTH,
MEM-10070,20,M,NORTH,
MEM-10071,57,M,SOUTH,
MEM-10072,19,M,SOUTH,
MEM-10073,64,F,SOUTH,
MEM-10074,61,M,SOUTH,
MEM-10075,49,M,SOUTH,
MEM-10076,27,M,SOUTH,
MEM-10077,36,M,SOUTH,
MEM-10078,69,F,WEST,
MEM-10079,40,M,SOUTH,
MEM-10080,55,F,EAST,
MEM-10081,54,F,SOUTH,
MEM-10082,60,F,SOUTH,
MEM-10083,25,M,SOUTH,
MEM-10084,30,M,WEST,
MEM-10085,95,M,EAST,
MEM-10086,39,M,EAST,
MEM-10087,48,F,NORTH,
MEM-10088,39,F,EAST,
MEM-10089,50,M,SOUTH,
MEM-10090,29,F,EAST,
MEM-10091,20,F,EAST,
MEM-10092,27,F,NORTH,
MEM-10093,56,M,SOUTH,
MEM-10094,95,M,NORTH,
MEM-10095,33,M,SOUTH,
MEM-10096,38,F,WEST,
MEM-10097,38,M,EAST,
MEM-10098,23,M,WEST,
MEM-10099,25,F,SOUTH,
MEM-10100,95,F,EAST,
MEM-10101,29,F,NORTH,
MEM-10102,25,F,NORTH,
MEM-10103,62,F,EAST,
MEM-10104,48,M,NORTH,
MEM-10105,95,F,SOUTH,
MEM-10106,55,M,EAST,
MEM-10107,21,M,WEST,
MEM-10108,60,F,NORTH,
MEM-10109,11,M,NORTH,
MEM-10110,56,M,EAST,
MEM-10111,43,M,WEST,
MEM-10112,16,F,NORTH,
MEM-10113,35,F,EAST,
MEM-10114,62,F,EAST,
MEM-10115,88,M,EAST,
MEM-10116,19,M,WEST,
MEM-10117,66,M,WEST,
MEM-10118,24,M,NORTH,
MEM-10119,25,F,SOUTH,
MEM-10120,25,M,WEST,
MEM-10121,72,M,SOUTH,
MEM-10122,72,F,NORTH,
MEM-10123,95,M,EAST,
MEM-10124,68,M,SOUTH,
MEM-10125,35,F,WEST,
MEM-10126,31,M,WEST,
MEM-10127,56,F,NORTH,
MEM-10128,46,M,SOUTH,
MEM-10129,55,F,SOUTH,
MEM-10130,27,M,EAST,
MEM-10131,84,F,WEST,
MEM-10132,42,F,SOUTH,
MEM-10133,87,M,SOUTH,
MEM-10134,33,F,WEST,
MEM-10135,11,M,EAST,
MEM-10136,95,F,WEST,
MEM-10137,46,M,NORTH,
MEM-10138,31,M,NORTH,
MEM-10139,12,F,NORTH,
MEM-10140,54,F,SOUTH,
MEM-10141,95,F,NORTH,
MEM-10142,30,F,WEST,
MEM-10143,16,M,WEST,
MEM-10144,57,M,WEST,
MEM-10145,57,F,WEST,
MEM-10146,25,F,SOUTH,
MEM-10147,45,M,NORTH,
MEM-10148,61,F,EAST,
MEM-10149,71,F,WEST,
MEM-10150,16,M,NORTH,
MEM-10151,50,M,SOUTH,
MEM-10152,24,F,SOUTH,
MEM-10153,29,M,NORTH,
MEM-10154,33,M,WEST,
MEM-10155,34,F,SOUTH,
MEM-10156,32,F,NORTH,
MEM-10157,40,M,SOUTH,
MEM-10158,22,F,WEST,
MEM-10159,62,F,SOUTH,
MEM-10160,25,M,SOUTH,
MEM-10161,30,M,WEST,
MEM-10162,51,M,NORTH,
MEM-10163,39,M,NORTH,
MEM-10164,58,M,SOUTH,
MEM-10165,33,F,NORTH,
MEM-10166,24,F,SOUTH,
MEM-10167,30,M,SOUTH,
MEM-10168,60,M,EAST,
MEM-10169,72,M,SOUTH,
MEM-10170,59,F,NORTH,
MEM-10171,15,F,SOUTH,2025-12-13
MEM-10172,77,F,WEST,
MEM-10173,30,F,NORTH,
MEM-10174,31,M,SOUTH,
MEM-10175,30,F,WEST,
MEM-10176,19,M,SOUTH,
MEM-10177,18,F,SOUTH,
MEM-10178,38,F,WEST,
MEM-10179,34,F,EAST,
MEM-10180,54,M,SOUTH,
MEM-10181,35,M,WEST,
MEM-10182,34,M,SOUTH,
MEM-10183,23,M,WEST,
MEM-10184,26,M,EAST,
MEM-10185,22,M,SOUTH,
MEM-10186,7,M,SOUTH,
MEM-10187,44,F,EAST,
MEM-10188,24,M,WEST,
MEM-10189,40,F,SOUTH,
MEM-10190,29,F,NORTH,
MEM-10191,40,F,NORTH,
MEM-10192,15,F,NORTH,
MEM-10193,36,F,WEST,
MEM-10194,54,M,EAST,
MEM-10195,48,F,NORTH,
MEM-10196,91,M,NORTH,
MEM-10197,33,M,EAST,
MEM-10198,37,M,WEST,
MEM-10199,30,F,SOUTH,
MEM-10200,41,M,NORTH,
MEM-10201,48,F,SOUTH,
MEM-10202,75,M,WEST,
MEM-10203,45,F,SOUTH,
MEM-10204,34,F,SOUTH,
MEM-10205,73,F,NORTH,
MEM-10206,50,F,SOUTH,
MEM-10207,20,F,NORTH,
MEM-10208,46,F,SOUTH,
MEM-10209,78,F,SOUTH,
MEM-10210,56,F,NORTH,
MEM-10211,27,F,SOUTH,
MEM-10212,58,M,EAST,
MEM-10213,62,F,WEST,
MEM-10214,17,M,SOUTH,
MEM-10215,29,M,EAST,
MEM-10216,30,F,NORTH,
MEM-10217,29,F,NORTH,
MEM-10218,65,F,WEST,
MEM-10219,62,M,NORTH,
MEM-10220,49,M,EAST,
MEM-10221,22,M,NORTH,
MEM-10222,19,M,NORTH,
MEM-10223,51,F,NORTH,
MEM-10224,34,M,SOUTH,
MEM-10225,43,M,NORTH,
MEM-10226,32,F,EAST,
MEM-10227,55,M,WEST,
MEM-10228,67,M,EAST,
MEM-10229,35,F,SOUTH,
MEM-10230,17,M,WEST,
MEM-10231,55,F,NORTH,
MEM-10232,16,M,EAST,
MEM-10233,38,M,EAST,
MEM-10234,95,M,EAST,
MEM-10235,37,M,EAST,
MEM-10236,30,F,EAST,
MEM-10237,90,M,NORTH,
MEM-10238,44,M,EAST,
MEM-10239,36,F,NORTH,
MEM-10240,8,M,EAST,
MEM-10241,31,M,EAST,
MEM-10242,18,M,SOUTH,
MEM-10243,30,F,SOUTH,
MEM-10244,32,F,SOUTH,
MEM-10245,30,F,WEST,
MEM-10246,46,M,WEST,
MEM-10247,32,M,NORTH,
MEM-10248,66,F,EAST,
MEM-10249,95,M,NORTH,
MEM-10250,21,M,EAST,
MEM-10251,43,M,SOUTH,
MEM-10252,81,M,EAST,
MEM-10253,37,M,EAST,
MEM-10254,50,F,NORTH,
MEM-10255,43,M,EAST,
MEM-10256,39,M,WEST,
MEM-10257,59,M,NORTH,
MEM-10258,24,M,SOUTH,
MEM-10259,80,M,NORTH,
MEM-10260,71,F,WEST,
MEM-10261,61,F,NORTH,
MEM-10262,33,F,NORTH,
MEM-10263,34,F,SOUTH,
MEM-10264,41,F,NORTH,
MEM-10265,72,M,NORTH,
MEM-10266,70,M,NORTH,
MEM-10267,28,M,NORTH,2026-01-02
MEM-10268,41,F,WEST,
MEM-10269,48,F,SOUTH,
MEM-10270,75,F,WEST,
MEM-10271,37,M,WEST,
MEM-10272,20,F,EAST,
MEM-10273,47,F,EAST,
MEM-10274,37,M,SOUTH,
MEM-10275,43,M,SOUTH,
MEM-10276,29,F,EAST,
MEM-10277,22,M,SOUTH,
MEM-10278,34,F,EAST,
MEM-10279,30,M,SOUTH,
MEM-10280,30,M,EAST,
MEM-10281,59,M,WEST,
MEM-10282,54,M,SOUTH,
MEM-10283,13,M,NORTH,
MEM-10284,39,M,SOUTH,
MEM-10285,57,F,SOUTH,
MEM-10286,55,F,NORTH,
MEM-10287,57,F,NORTH,
MEM-10288,36,F,SOUTH,
MEM-10289,48,M,EAST,
MEM-10290,41,M,WEST,
MEM-10291,27,F,NORTH,
MEM-10292,94,F,EAST,
MEM-10293,69,F,SOUTH,
MEM-10294,13,F,SOUTH,
MEM-10295,28,F,NORTH,
MEM-10296,34,M,NORTH,
MEM-10297,32,F,WEST,
MEM-10298,37,F,NORTH,
MEM-10299,21,F,EAST,
MEM-10300,29,F,EAST,
MEM-10301,92,M,WEST,
MEM-10302,33,M,EAST,
MEM-10303,37,M,WEST,
MEM-10304,32,M,EAST,2025-06-02
MEM-10305,23,M,NORTH,
MEM-10306,34,F,NORTH,
MEM-10307,43,M,WEST,
MEM-10308,23,F,EAST,
MEM-10309,31,M,EAST,
MEM-10310,81,M,WEST,
MEM-10311,62,F,EAST,
MEM-10312,24,F,WEST,
MEM-10313,56,M,EAST,
MEM-10314,61,F,EAST,
MEM-10315,25,M,NORTH,
MEM-10316,70,M,SOUTH,
MEM-10317,44,M,WEST,
MEM-10318,61,M,EAST,
MEM-10319,71,M,NORTH,
MEM-10320,30,F,EAST,
MEM-10321,10,F,NORTH,
MEM-10322,30,M,WEST,
MEM-10323,38,M,WEST,
MEM-10324,40,M,NORTH,
MEM-10325,37,M,NORTH,
MEM-10326,95,M,WEST,
MEM-10327,43,F,EAST,
MEM-10328,35,F,WEST,
MEM-10329,46,M,SOUTH,
MEM-10330,95,F,NORTH,
MEM-10331,50,F,EAST,
MEM-10332,84,F,SOUTH,
MEM-10333,68,M,SOUTH,
MEM-10334,30,M,WEST,
MEM-10335,31,M,NORTH,
MEM-10336,21,M,EAST,
MEM-10337,29,M,WEST,
MEM-10338,26,F,NORTH,
MEM-10339,60,F,EAST,
MEM-10340,23,M,NORTH,
MEM-10341,55,M,WEST,
MEM-10342,27,F,SOUTH,
MEM-10343,30,F,WEST,
MEM-10344,73,F,WEST,
MEM-10345,39,F,WEST,
MEM-10346,41,M,WEST,
MEM-10347,24,F,SOUTH,
MEM-10348,39,M,NORTH,
MEM-10349,16,F,NORTH,
MEM-10350,29,F,WEST,
MEM-10351,61,M,WEST,
MEM-10352,15,M,EAST,
MEM-10353,69,M,WEST,
MEM-10354,55,F,WEST,
MEM-10355,78,F,SOUTH,
MEM-10356,40,F,EAST,
MEM-10357,25,F,EAST,
MEM-10358,27,F,SOUTH,
MEM-10359,33,M,NORTH,
MEM-10360,33,F,WEST,
MEM-10361,44,M,EAST,
MEM-10362,25,M,WEST,
MEM-10363,74,M,SOUTH,
MEM-10364,25,F,EAST,
MEM-10365,18,F,EAST,
MEM-10366,31,M,EAST,
MEM-10367,23,M,NORTH,
MEM-10368,27,F,SOUTH,
MEM-10369,15,F,EAST,
MEM-10370,57,M,EAST,
MEM-10371,36,F,NORTH,
MEM-10372,32,M,EAST,
MEM-10373,18,F,SOUTH,
MEM-10374,24,M,SOUTH,
MEM-10375,56,F,WEST,2025-10-22
MEM-10376,22,F,WEST,
MEM-10377,24,F,NORTH,
MEM-10378,93,F,NORTH,
MEM-10379,93,F,WEST,
MEM-10380,29,F,WEST,
MEM-10381,41,F,WEST,
MEM-10382,30,M,SOUTH,
MEM-10383,28,M,EAST,
MEM-10384,12,M,SOUTH,
MEM-10385,12,M,WEST,
MEM-10386,19,M,SOUTH,
MEM-10387,27,M,SOUTH,
MEM-10388,76,M,EAST,
MEM-10389,40,M,WEST,
MEM-10390,44,M,SOUTH,
MEM-10391,35,F,NORTH,
MEM-10392,81,M,NORTH,
MEM-10393,43,F,EAST,
MEM-10394,20,M,NORTH,
MEM-10395,87,M,WEST,
MEM-10396,36,F,SOUTH,
MEM-10397,75,F,EAST,
MEM-10398,74,M,EAST,
MEM-10399,58,M,EAST,
MEM-10400,46,F,WEST,
MEM-10401,17,M,WEST,
MEM-10402,25,F,NORTH,
MEM-10403,26,F,EAST,
MEM-10404,60,F,EAST,
MEM-10405,31,F,SOUTH,
MEM-10406,91,F,NORTH,
MEM-10407,11,F,WEST,
MEM-10408,71,M,NORTH,
MEM-10409,39,F,EAST,
MEM-10410,54,F,NORTH,
MEM-10411,10,M,SOUTH,
MEM-10412,64,M,SOUTH,
MEM-10413,59,M,EAST,
MEM-10414,51,M,SOUTH,
MEM-10415,77,M,NORTH,
MEM-10416,24,F,SOUTH,
MEM-10417,14,M,NORTH,
MEM-10418,23,M,EAST,
MEM-10419,56,M,SOUTH,
MEM-10420,26,F,EAST,
MEM-10421,44,M,EAST,
MEM-10422,64,M,NORTH,
MEM-10423,83,F,EAST,
MEM-10424,80,F,NORTH,
MEM-10425,39,F,SOUTH,
MEM-10426,30,F,EAST,
MEM-10427,68,M,SOUTH,
MEM-10428,45,F,NORTH,
MEM-10429,47,M,SOUTH,
MEM-10430,62,F,WEST,
MEM-10431,14,M,NORTH,
MEM-10432,17,M,SOUTH,
MEM-10433,21,M,SOUTH,
MEM-10434,39,M,WEST,
MEM-10435,35,F,EAST,
MEM-10436,60,F,SOUTH,
MEM-10437,82,M,NORTH,
MEM-10438,50,M,NORTH,
MEM-10439,50,F,EAST,
MEM-10440,43,M,WEST,
MEM-10441,13,F,SOUTH,
MEM-10442,39,M,EAST,
MEM-10443,26,F,WEST,
MEM-10444,36,M,SOUTH,
MEM-10445,42,F,WEST,
MEM-10446,26,F,WEST,
MEM-10447,69,F,SOUTH,
MEM-10448,22,M,NORTH,
MEM-10449,22,F,EAST,
MEM-10450,72,M,EAST,
MEM-10451,30,F,NORTH,
MEM-10452,64,M,SOUTH,
MEM-10453,23,M,NORTH,
MEM-10454,43,M,SOUTH,
MEM-10455,18,M,SOUTH,
MEM-10456,76,F,WEST,
MEM-10457,48,M,SOUTH,
MEM-10458,28,F,SOUTH,
MEM-10459,39,M,EAST,
MEM-10460,45,M,NORTH,
MEM-10461,45,M,WEST,
MEM-10462,9,F,WEST,
MEM-10463,81,F,EAST,
MEM-10464,23,M,NORTH,
MEM-10465,40,F,SOUTH,
MEM-10466,66,F,NORTH,
MEM-10467,29,F,SOUTH,
MEM-10468,25,M,EAST,
MEM-10469,38,F,SOUTH,
MEM-10470,22,M,WEST,
MEM-10471,56,F,WEST,
MEM-10472,16,M,SOUTH,
MEM-10473,44,F,WEST,
MEM-10474,67,M,EAST,
MEM-10475,34,M,NORTH,
MEM-10476,36,F,WEST,
MEM-10477,39,F,WEST,
MEM-10478,51,M,WEST,
MEM-10479,25,F,WEST,
MEM-10480,32,F,NORTH,
MEM-10481,31,F,EAST,
MEM-10482,45,M,SOUTH,
MEM-10483,29,F,EAST,
MEM-10484,62,F,WEST,
MEM-10485,11,F,SOUTH,
MEM-10486,34,M,SOUTH,
MEM-10487,95,F,SOUTH,
MEM-10488,22,F,SOUTH,
MEM-10489,60,F,NORTH,
MEM-10490,70,M,SOUTH,
MEM-10491,13,M,NORTH,
MEM-10492,39,M,EAST,
MEM-10493,43,M,WEST,
MEM-10494,59,F,EAST,
MEM-10495,38,F,NORTH,
MEM-10496,47,M,WEST,
MEM-10497,49,M,EAST,
MEM-10498,16,F,NORTH,
MEM-10499,59,M,WEST,
MEM-10500,25,M,SOUTH,
MEM-10501,10,F,SOUTH,
MEM-10502,67,F,EAST,
MEM-10503,26,F,SOUTH,
MEM-10504,87,F,NORTH,
MEM-10505,27,M,EAST,
MEM-10506,29,F,WEST,
MEM-10507,47,M,WEST,
MEM-10508,42,F,NORTH,
MEM-10509,41,M,NORTH,
MEM-10510,22,M,WEST,
MEM-10511,56,M,EAST,
MEM-10512,80,F,WEST,
MEM-10513,95,F,SOUTH,
MEM-10514,29,F,NORTH,
MEM-10515,63,M,WEST,
MEM-10516,31,F,SOUTH,
MEM-10517,32,M,NORTH,
MEM-10518,66,M,WEST,
MEM-10519,25,M,WEST,
MEM-10520,24,F,WEST,
MEM-10521,43,M,NORTH,
MEM-10522,39,M,SOUTH,
MEM-10523,80,M,NORTH,
MEM-10524,29,M,EAST,
MEM-10525,66,M,EAST,
MEM-10526,61,F,WEST,
MEM-10527,35,F,SOUTH,
MEM-10528,31,F,SOUTH,
MEM-10529,42,F,WEST,
MEM-10530,61,F,WEST,
MEM-10531,23,M,EAST,
MEM-10532,16,M,NORTH,
MEM-10533,33,F,NORTH,
MEM-10534,33,F,WEST,
MEM-10535,47,F,NORTH,
MEM-10536,59,F,WEST,
MEM-10537,13,F,EAST,
MEM-10538,48,M,SOUTH,
MEM-10539,66,M,NORTH,
MEM-10540,50,M,SOUTH,
MEM-10541,49,M,WEST,
MEM-10542,65,F,SOUTH,
MEM-10543,11,M,EAST,
MEM-10544,63,M,NORTH,
MEM-10545,24,F,EAST,
MEM-10546,80,M,WEST,
MEM-10547,15,M,SOUTH,
MEM-10548,48,F,EAST,
MEM-10549,32,F,NORTH,
MEM-10550,43,M,NORTH,
MEM-10551,44,M,EAST,
MEM-10552,17,M,EAST,
MEM-10553,38,M,SOUTH,
MEM-10554,28,M,WEST,
MEM-10555,39,F,NORTH,
MEM-10556,16,M,WEST,
MEM-10557,77,M,EAST,
MEM-10558,70,F,NORTH,
MEM-10559,20,M,NORTH,
MEM-10560,42,M,SOUTH,
MEM-10561,37,M,SOUTH,
MEM-10562,36,F,EAST,
MEM-10563,54,F,SOUTH,
MEM-10564,51,F,NORTH,
MEM-10565,68,F,NORTH,
MEM-10566,65,F,NORTH,
MEM-10567,29,F,WEST,
MEM-10568,25,M,EAST,
MEM-10569,41,M,SOUTH,
MEM-10570,47,F,EAST,
MEM-10571,91,F,EAST,
MEM-10572,60,F,WEST,
MEM-10573,50,M,WEST,
MEM-10574,30,M,NORTH,
MEM-10575,34,M,SOUTH,
MEM-10576,46,F,SOUTH,
MEM-10577,49,F,WEST,
MEM-10578,35,F,WEST,
MEM-10579,28,F,NORTH,
MEM-10580,40,M,SOUTH,
MEM-10581,44,M,WEST,
MEM-10582,64,M,NORTH,
MEM-10583,30,F,NORTH,
MEM-10584,45,F,NORTH,
MEM-10585,32,M,EAST,
MEM-10586,54,M,EAST,
MEM-10587,30,M,SOUTH,
MEM-10588,36,M,EAST,
MEM-10589,15,M,SOUTH,
MEM-10590,95,M,SOUTH,
MEM-10591,71,F,EAST,
MEM-10592,43,F,NORTH,
MEM-10593,25,M,NORTH,
MEM-10594,35,F,SOUTH,
MEM-10595,39,M,EAST,
MEM-10596,79,F,EAST,
MEM-10597,70,M,SOUTH,
MEM-10598,68,F,NORTH,
MEM-10599,35,M,EAST,
MEM-10600,49,M,SOUTH,
MEM-10601,44,F,WEST,
MEM-10602,23,M,SOUTH,
MEM-10603,72,M,WEST,
MEM-10604,95,M,WEST,
MEM-10605,26,F,WEST,
MEM-10606,59,M,EAST,
MEM-10607,21,M,NORTH,
MEM-10608,43,M,SOUTH,
MEM-10609,28,M,WEST,
MEM-10610,20,M,EAST,
MEM-10611,28,M,EAST,
MEM-10612,41,F,SOUTH,
MEM-10613,21,M,WEST,
MEM-10614,91,M,SOUTH,
MEM-10615,16,F,EAST,
MEM-10616,20,M,EAST,
MEM-10617,68,F,NORTH,
MEM-10618,37,M,SOUTH,
MEM-10619,38,F,WEST,
MEM-10620,11,F,WEST,
MEM-10621,60,M,SOUTH,
MEM-10622,20,F,SOUTH,
MEM-10623,37,F,EAST,
MEM-10624,48,F,SOUTH,
MEM-10625,60,M,WEST,
MEM-10626,25,F,NORTH,
MEM-10627,77,F,SOUTH,
MEM-10628,61,F,EAST,
MEM-10629,35,M,NORTH,
MEM-10630,45,F,WEST,
MEM-10631,45,F,NORTH,
MEM-10632,29,F,EAST,
MEM-10633,11,M,NORTH,
MEM-10634,64,F,EAST,
MEM-10635,25,F,SOUTH,
MEM-10636,51,M,SOUTH,
MEM-10637,15,M,NORTH,
MEM-10638,35,F,WEST,
MEM-10639,15,F,NORTH,
MEM-10640,41,M,SOUTH,
MEM-10641,19,M,NORTH,
MEM-10642,33,M,EAST,
MEM-10643,22,F,NORTH,
MEM-10644,37,M,EAST,
MEM-10645,71,M,SOUTH,
MEM-10646,35,M,EAST,
MEM-10647,55,F,EAST,
MEM-10648,60,F,NORTH,
MEM-10649,22,F,SOUTH,
MEM-10650,23,M,EAST,
MEM-10651,85,F,EAST,
MEM-10652,48,M,NORTH,
MEM-10653,95,F,EAST,
MEM-10654,70,M,SOUTH,
MEM-10655,33,M,NORTH,
MEM-10656,27,M,EAST,
MEM-10657,28,M,WEST,
MEM-10658,54,M,EAST,
MEM-10659,56,F,WEST,
MEM-10660,53,M,SOUTH,
MEM-10661,47,M,SOUTH,
MEM-10662,43,M,WEST,
MEM-10663,33,M,NORTH,
MEM-10664,42,F,NORTH,
MEM-10665,17,F,SOUTH,
MEM-10666,42,M,NORTH,
MEM-10667,26,M,WEST,
MEM-10668,60,M,SOUTH,
MEM-10669,25,M,NORTH,
MEM-10670,36,F,SOUTH,
MEM-10671,52,F,WEST,
MEM-10672,53,F,SOUTH,
MEM-10673,83,F,SOUTH,
MEM-10674,16,M,SOUTH,
MEM-10675,31,F,NORTH,
MEM-10676,51,F,SOUTH,
MEM-10677,52,F,NORTH,
MEM-10678,58,F,WEST,
MEM-10679,82,F,EAST,
MEM-10680,75,F,WEST,
MEM-10681,28,F,NORTH,
MEM-10682,39,M,NORTH,
MEM-10683,53,F,EAST,
MEM-10684,26,M,EAST,
MEM-10685,30,F,EAST,
MEM-10686,54,M,SOUTH,
MEM-10687,64,M,WEST,
MEM-10688,14,M,NORTH,
MEM-10689,52,M,EAST,
MEM-10690,43,F,SOUTH,
MEM-10691,46,F,EAST,
MEM-10692,38,M,NORTH,
MEM-10693,19,M,NORTH,
MEM-10694,55,M,EAST,
MEM-10695,26,F,EAST,
MEM-10696,61,M,SOUTH,
MEM-10697,29,F,WEST,
MEM-10698,58,F,NORTH,
MEM-10699,41,M,WEST,
MEM-10700,27,M,SOUTH,
MEM-10701,66,F,WEST,
MEM-10702,17,M,EAST,
MEM-10703,44,M,WEST,
MEM-10704,55,F,SOUTH,
MEM-10705,63,M,SOUTH,
MEM-10706,20,F,NORTH,
MEM-10707,41,F,WEST,
MEM-10708,32,M,EAST,
MEM-10709,37,M,WEST,
MEM-10710,65,F,NORTH,
MEM-10711,30,M,SOUTH,
MEM-10712,48,F,WEST,
MEM-10713,31,M,NORTH,
MEM-10714,17,F,SOUTH,
MEM-10715,12,F,EAST,
MEM-10716,24,M,WEST,
MEM-10717,81,F,EAST,
MEM-10718,93,M,NORTH,
MEM-10719,65,F,NORTH,
MEM-10720,65,M,WEST,
MEM-10721,33,F,EAST,
MEM-10722,95,M,SOUTH,
MEM-10723,16,M,SOUTH,
MEM-10724,80,F,SOUTH,
MEM-10725,47,M,NORTH,
MEM-10726,45,M,SOUTH,
MEM-10727,52,F,SOUTH,
MEM-10728,50,M,NORTH,
MEM-10729,95,F,EAST,
MEM-10730,46,M,SOUTH,
MEM-10731,36,M,WEST,
MEM-10732,34,M,SOUTH,
MEM-10733,10,M,WEST,
MEM-10734,9,M,WEST,
MEM-10735,38,M,EAST,
MEM-10736,95,M,EAST,
MEM-10737,13,F,NORTH,
MEM-10738,15,F,WEST,
MEM-10739,34,F,SOUTH,
MEM-10740,60,M,NORTH,
MEM-10741,18,F,SOUTH,
MEM-10742,42,M,NORTH,
MEM-10743,40,M,WEST,
MEM-10744,66,M,NORTH,
MEM-10745,42,M,WEST,
MEM-10746,45,F,NORTH,
MEM-10747,37,F,WEST,
MEM-10748,54,M,WEST,
MEM-10749,36,F,EAST,
MEM-10750,9,F,WEST,
MEM-10751,78,M,NORTH,
MEM-10752,24,M,WEST,
MEM-10753,42,F,EAST,
MEM-10754,20,M,EAST,
MEM-10755,53,F,NORTH,
MEM-10756,36,F,NORTH,
MEM-10757,32,F,NORTH,
MEM-10758,41,F,NORTH,
MEM-10759,44,F,EAST,
MEM-10760,52,F,EAST,
MEM-10761,49,F,SOUTH,
MEM-10762,34,M,EAST,
MEM-10763,36,F,WEST,
MEM-10764,52,M,SOUTH,
MEM-10765,48,M,WEST,
MEM-10766,28,F,WEST,
MEM-10767,44,M,EAST,
MEM-10768,93,M,SOUTH,
MEM-10769,17,F,WEST,
MEM-10770,45,F,SOUTH,
MEM-10771,28,F,SOUTH,
MEM-10772,52,M,SOUTH,
MEM-10773,17,F,EAST,
MEM-10774,43,F,WEST,
MEM-10775,54,M,SOUTH,
MEM-10776,34,M,WEST,
MEM-10777,21,M,EAST,
MEM-10778,55,M,WEST,
MEM-10779,39,M,NORTH,
MEM-10780,63,M,WEST,
MEM-10781,34,M,EAST,
MEM-10782,20,M,SOUTH,
MEM-10783,70,M,EAST,
MEM-10784,22,M,SOUTH,
MEM-10785,53,M,SOUTH,
MEM-10786,39,M,WEST,
MEM-10787,39,F,EAST,
MEM-10788,59,M,SOUTH,
MEM-10789,20,F,EAST,
MEM-10790,14,F,WEST,
MEM-10791,11,M,EAST,
MEM-10792,89,M,WEST,
MEM-10793,58,M,SOUTH,
MEM-10794,30,F,WEST,
MEM-10795,35,M,EAST,
MEM-10796,81,F,SOUTH,
MEM-10797,30,M,WEST,
MEM-10798,40,F,EAST,
MEM-10799,16,M,NORTH,
MEM-10800,36,M,NORTH,
MEM-10801,39,M,SOUTH,
MEM-10802,35,F,NORTH,
MEM-10803,18,M,WEST,
MEM-10804,18,F,SOUTH,
MEM-10805,47,F,NORTH,
MEM-10806,55,F,SOUTH,
MEM-10807,32,F,SOUTH,
MEM-10808,11,F,NORTH,
MEM-10809,38,M,NORTH,
MEM-10810,27,F,SOUTH,
MEM-10811,92,F,SOUTH,
MEM-10812,69,F,EAST,
MEM-10813,68,M,NORTH,
MEM-10814,23,M,SOUTH,
MEM-10815,49,M,SOUTH,
MEM-10816,17,F,WEST,
MEM-10817,19,F,WEST,
MEM-10818,35,M,EAST,
MEM-10819,80,F,WEST,
MEM-10820,34,M,SOUTH,
MEM-10821,29,F,SOUTH,
MEM-10822,23,M,SOUTH,
MEM-10823,93,F,NORTH,
MEM-10824,30,M,SOUTH,
MEM-10825,40,M,WEST,
MEM-10826,39,F,SOUTH,
MEM-10827,37,F,SOUTH,
MEM-10828,34,M,WEST,
MEM-10829,68,F,EAST,
MEM-10830,39,M,SOUTH,
MEM-10831,59,F,WEST,
MEM-10832,38,F,SOUTH,
MEM-10833,58,M,NORTH,
MEM-10834,17,F,SOUTH,
MEM-10835,61,F,NORTH,
MEM-10836,22,M,WEST,
MEM-10837,79,F,EAST,
MEM-10838,50,M,NORTH,
MEM-10839,23,M,NORTH,
MEM-10840,65,M,WEST,
MEM-10841,14,F,EAST,
MEM-10842,57,M,WEST,
MEM-10843,85,M,SOUTH,
MEM-10844,26,M,SOUTH,
MEM-10845,25,F,WEST,
MEM-10846,46,M,SOUTH,
MEM-10847,68,M,NORTH,
MEM-10848,56,F,WEST,
MEM-10849,23,F,NORTH,
MEM-10850,45,M,NORTH,
MEM-10851,60,F,NORTH,
MEM-10852,15,F,NORTH,
MEM-10853,30,M,SOUTH,
MEM-10854,74,M,EAST,
MEM-10855,24,M,WEST,
MEM-10856,22,M,WEST,
MEM-10857,18,F,NORTH,
MEM-10858,94,F,SOUTH,
MEM-10859,23,M,WEST,
MEM-10860,25,M,WEST,
MEM-10861,41,M,SOUTH,
MEM-10862,24,M,SOUTH,
MEM-10863,64,M,EAST,
MEM-10864,24,F,WEST,
MEM-10865,43,F,SOUTH,
MEM-10866,27,F,WEST,
MEM-10867,67,M,NORTH,
MEM-10868,27,M,NORTH,
MEM-10869,5,M,SOUTH,
MEM-10870,36,F,NORTH,
MEM-10871,31,F,SOUTH,
MEM-10872,45,F,NORTH,
MEM-10873,58,F,EAST,
MEM-10874,83,F,EAST,
MEM-10875,49,M,NORTH,
MEM-10876,43,M,SOUTH,
MEM-10877,40,M,WEST,
MEM-10878,51,F,NORTH,
MEM-10879,95,M,NORTH,
MEM-10880,10,M,WEST,
MEM-10881,72,M,SOUTH,
MEM-10882,41,M,WEST,
MEM-10883,23,F,WEST,
MEM-10884,75,F,WEST,
MEM-10885,90,M,NORTH,
MEM-10886,33,F,EAST,
MEM-10887,37,F,NORTH,
MEM-10888,41,M,NORTH,
MEM-10889,59,M,NORTH,
MEM-10890,60,M,WEST,
MEM-10891,35,F,EAST,
MEM-10892,25,M,WEST,
MEM-10893,63,F,SOUTH,
MEM-10894,39,M,WEST,
MEM-10895,45,M,NORTH,
MEM-10896,95,M,NORTH,
MEM-10897,10,F,NORTH,
MEM-10898,45,M,EAST,
MEM-10899,68,F,EAST,
MEM-10900,45,M,EAST,
MEM-10901,64,M,NORTH,
MEM-10902,31,M,NORTH,
MEM-10903,46,F,EAST,
MEM-10904,45,M,SOUTH,
MEM-10905,50,F,NORTH,
MEM-10906,69,M,WEST,
MEM-10907,30,F,EAST,
MEM-10908,42,M,WEST,
MEM-10909,68,M,NORTH,
MEM-10910,55,M,WEST,
MEM-10911,57,M,WEST,
MEM-10912,11,M,SOUTH,
MEM-10913,29,M,SOUTH,
MEM-10914,55,M,SOUTH,
MEM-10915,12,M,SOUTH,
MEM-10916,31,M,NORTH,
MEM-10917,30,F,NORTH,
MEM-10918,95,F,EAST,
MEM-10919,57,M,NORTH,
MEM-10920,32,F,EAST,
MEM-10921,19,F,WEST,
MEM-10922,63,F,SOUTH,
MEM-10923,65,F,NORTH,
MEM-10924,38,M,NORTH,
MEM-10925,47,F,WEST,
MEM-10926,26,M,NORTH,
MEM-10927,30,F,NORTH,
MEM-10928,54,F,EAST,
MEM-10929,69,M,SOUTH,
MEM-10930,64,M,EAST,
MEM-10931,15,F,EAST,
MEM-10932,27,M,WEST,
MEM-10933,95,M,NORTH,
MEM-10934,72,M,EAST,
MEM-10935,67,M,WEST,
MEM-10936,81,F,WEST,
MEM-10937,30,F,NORTH,
MEM-10938,7,F,EAST,
MEM-10939,39,M,WEST,
MEM-10940,54,F,NORTH,
MEM-10941,25,M,SOUTH,
MEM-10942,48,M,NORTH,
MEM-10943,36,F,EAST,
MEM-10944,59,M,EAST,
MEM-10945,26,F,EAST,
MEM-10946,23,M,EAST,
MEM-10947,27,F,WEST,
MEM-10948,44,M,EAST,
MEM-10949,54,F,EAST,
MEM-10950,29,F,WEST,
MEM-10951,65,M,EAST,
MEM-10952,22,F,NORTH,
MEM-10953,48,F,EAST,
MEM-10954,95,F,NORTH,
MEM-10955,62,M,SOUTH,
MEM-10956,17,M,EAST,
MEM-10957,31,M,NORTH,
MEM-10958,13,M,NORTH,
MEM-10959,51,M,NORTH,
MEM-10960,37,M,EAST,
MEM-10961,20,F,EAST,
MEM-10962,10,M,WEST,
MEM-10963,20,F,SOUTH,
MEM-10964,35,F,EAST,
MEM-10965,56,M,EAST,
MEM-10966,21,M,EAST,
MEM-10967,28,F,EAST,
MEM-10968,60,F,EAST,
MEM-10969,30,M,WEST,
MEM-10970,76,M,NORTH,
MEM-10971,38,F,NORTH,
MEM-10972,46,F,EAST,
MEM-10973,31,M,WEST,
MEM-10974,20,F,WEST,
MEM-10975,18,M,EAST,
MEM-10976,20,M,EAST,
MEM-10977,95,M,EAST,
MEM-10978,30,F,SOUTH,
MEM-10979,64,F,EAST,
MEM-10980,68,F,WEST,
MEM-10981,20,M,WEST,
MEM-10982,62,F,SOUTH,
MEM-10983,69,M,NORTH,
MEM-10984,62,F,WEST,
MEM-10985,45,F,WEST,
MEM-10986,43,F,WEST,
MEM-10987,24,F,SOUTH,
MEM-10988,43,M,SOUTH,
MEM-10989,53,F,EAST,
MEM-10990,37,M,WEST,
MEM-10991,36,F,EAST,
MEM-10992,52,M,WEST,
MEM-10993,83,F,SOUTH,
MEM-10994,31,M,EAST,
MEM-10995,74,M,SOUTH,
MEM-10996,70,M,NORTH,
MEM-10997,27,F,EAST,
MEM-10998,43,M,SOUTH,
MEM-10999,59,M,NORTH,2026-02-15
MEM-11000,18,F,WEST,
MEM-11001,34,F,SOUTH,
MEM-11002,70,M,EAST,
MEM-11003,27,M,NORTH,
MEM-11004,67,M,NORTH,
MEM-11005,61,M,NORTH,
MEM-11006,28,M,NORTH,
MEM-11007,52,F,EAST,
MEM-11008,64,M,NORTH,
MEM-11009,54,F,SOUTH,
MEM-11010,30,M,EAST,
MEM-11011,41,F,NORTH,
MEM-11012,37,F,WEST,
MEM-11013,57,F,NORTH,
MEM-11014,43,M,WEST,
MEM-11015,53,F,SOUTH,
MEM-11016,33,F,NORTH,
MEM-11017,28,F,WEST,
MEM-11018,25,F,SOUTH,
MEM-11019,71,F,NORTH,
MEM-11020,40,M,NORTH,
MEM-11021,64,F,SOUTH,
MEM-11022,40,M,WEST,
MEM-11023,32,F,EAST,
MEM-11024,48,F,SOUTH,
MEM-11025,85,F,SOUTH,
MEM-11026,7,F,NORTH,
MEM-11027,60,M,NORTH,
MEM-11028,27,M,WEST,
MEM-11029,52,M,NORTH,
MEM-11030,23,M,EAST,
MEM-11031,95,F,EAST,
MEM-11032,73,M,NORTH,
MEM-11033,44,M,EAST,
MEM-11034,57,F,EAST,
MEM-11035,13,M,WEST,
MEM-11036,52,M,EAST,
MEM-11037,34,M,WEST,
MEM-11038,24,F,NORTH,
MEM-11039,54,M,WEST,
MEM-11040,40,M,NORTH,
MEM-11041,47,F,EAST,
MEM-11042,83,F,EAST,
MEM-11043,56,M,WEST,
MEM-11044,55,F,EAST,
MEM-11045,32,M,SOUTH,
MEM-11046,29,M,WEST,
MEM-11047,42,M,WEST,
MEM-11048,11,F,NORTH,
MEM-11049,35,M,WEST,
MEM-11050,27,F,NORTH,
MEM-11051,74,M,WEST,
MEM-11052,31,M,WEST,
MEM-11053,44,M,SOUTH,
MEM-11054,31,F,EAST,
MEM-11055,3,F,WEST,
MEM-11056,84,F,NORTH,
MEM-11057,95,F,SOUTH,
MEM-11058,13,M,NORTH,
MEM-11059,38,M,NORTH,
MEM-11060,32,F,NORTH,
MEM-11061,45,F,NORTH,
MEM-11062,61,F,EAST,
MEM-11063,18,F,SOUTH,
MEM-11064,95,F,WEST,
MEM-11065,95,F,SOUTH,
MEM-11066,28,F,SOUTH,
MEM-11067,29,M,EAST,
MEM-11068,19,F,WEST,
MEM-11069,19,M,WEST,
MEM-11070,27,M,EAST,
MEM-11071,89,M,WEST,
MEM-11072,73,M,EAST,
MEM-11073,48,M,NORTH,
MEM-11074,16,F,SOUTH,
MEM-11075,32,M,WEST,
MEM-11076,19,F,EAST,
MEM-11077,63,M,NORTH,
MEM-11078,48,F,EAST,
MEM-11079,28,F,WEST,
MEM-11080,72,F,SOUTH,
MEM-11081,46,M,NORTH,
MEM-11082,25,M,SOUTH,
MEM-11083,19,M,EAST,
MEM-11084,22,M,EAST,
MEM-11085,89,M,WEST,
MEM-11086,8,F,NORTH,
MEM-11087,34,F,EAST,
MEM-11088,35,M,SOUTH,
MEM-11089,23,M,EAST,
MEM-11090,23,M,WEST,
MEM-11091,30,F,WEST,
MEM-11092,59,M,NORTH,
MEM-11093,9,F,SOUTH,
MEM-11094,16,M,EAST,
MEM-11095,61,M,NORTH,
MEM-11096,20,M,SOUTH,
MEM-11097,35,M,WEST,
MEM-11098,33,F,NORTH,
MEM-11099,30,F,NORTH,
MEM-11100,81,F,WEST,
MEM-11101,88,M,NORTH,
MEM-11102,35,F,EAST,
MEM-11103,14,M,WEST,
MEM-11104,52,F,EAST,
MEM-11105,23,F,SOUTH,
MEM-11106,77,M,EAST,
MEM-11107,44,M,SOUTH,
MEM-11108,95,M,EAST,
MEM-11109,95,F,SOUTH,
MEM-11110,48,M,NORTH,
MEM-11111,34,M,WEST,
MEM-11112,33,F,NORTH,
MEM-11113,64,M,NORTH,
MEM-11114,55,F,SOUTH,
MEM-11115,52,M,SOUTH,
MEM-11116,39,M,NORTH,
MEM-11117,49,F,WEST,
MEM-11118,45,F,SOUTH,
MEM-11119,25,F,WEST,
MEM-11120,25,M,WEST,
MEM-11121,19,F,EAST,
MEM-11122,41,F,WEST,
MEM-11123,36,M,SOUTH,
MEM-11124,22,F,EAST,
MEM-11125,16,M,EAST,
MEM-11126,25,F,SOUTH,
MEM-11127,63,F,WEST,
MEM-11128,17,M,SOUTH,
MEM-11129,32,F,WEST,
MEM-11130,77,M,WEST,
MEM-11131,50,F,SOUTH,
MEM-11132,43,F,NORTH,
MEM-11133,67,M,WEST,
MEM-11134,39,M,WEST,
MEM-11135,26,F,WEST,
MEM-11136,83,M,WEST,
MEM-11137,49,F,SOUTH,
MEM-11138,8,M,SOUTH,
MEM-11139,55,F,SOUTH,
MEM-11140,48,M,NORTH,
MEM-11141,38,M,WEST,
MEM-11142,57,M,EAST,
MEM-11143,87,F,SOUTH,
MEM-11144,29,F,WEST,
MEM-11145,58,F,EAST,
MEM-11146,36,F,NORTH,
MEM-11147,22,M,SOUTH,
MEM-11148,95,M,WEST,
MEM-11149,45,M,WEST,
MEM-11150,60,F,SOUTH,
MEM-11151,64,M,EAST,
MEM-11152,54,F,EAST,
MEM-11153,51,M,WEST,
MEM-11154,71,M,NORTH,
MEM-11155,30,M,WEST,
MEM-11156,22,F,EAST,
MEM-11157,95,F,NORTH,
MEM-11158,47,F,NORTH,
MEM-11159,55,F,EAST,
MEM-11160,27,F,SOUTH,
MEM-11161,74,F,EAST,
MEM-11162,95,M,EAST,
MEM-11163,60,M,NORTH,
MEM-11164,51,M,WEST,
MEM-11165,27,M,SOUTH,
MEM-11166,45,F,EAST,
MEM-11167,49,M,NORTH,
MEM-11168,18,F,WEST,
MEM-11169,37,F,WEST,
MEM-11170,25,M,SOUTH,
MEM-11171,38,M,NORTH,
MEM-11172,13,M,EAST,
MEM-11173,36,F,WEST,
MEM-11174,25,M,WEST,
MEM-11175,26,M,NORTH,
MEM-11176,38,F,SOUTH,
MEM-11177,20,F,SOUTH,
MEM-11178,27,F,EAST,
MEM-11179,34,M,NORTH,
MEM-11180,67,M,EAST,
MEM-11181,47,M,WEST,
MEM-11182,47,F,NORTH,
MEM-11183,59,F,SOUTH,
MEM-11184,69,M,WEST,
MEM-11185,84,F,WEST,
MEM-11186,95,M,EAST,
MEM-11187,83,M,WEST,
MEM-11188,14,M,SOUTH,
MEM-11189,14,F,SOUTH,
MEM-11190,17,M,SOUTH,
MEM-11191,64,F,EAST,
MEM-11192,40,M,WEST,
MEM-11193,95,M,EAST,
MEM-11194,34,M,NORTH,
MEM-11195,23,M,WEST,
MEM-11196,28,F,NORTH,
MEM-11197,19,F,SOUTH,
MEM-11198,16,F,EAST,
MEM-11199,34,F,WEST,
MEM-11200,54,M,WEST,
MEM-11201,19,F,EAST,
MEM-11202,95,M,SOUTH,
MEM-11203,87,M,WEST,
MEM-11204,55,M,EAST,
MEM-11205,7,F,SOUTH,
MEM-11206,70,F,WEST,
MEM-11207,72,M,EAST,
MEM-11208,16,F,NORTH,
MEM-11209,27,M,WEST,
MEM-11210,35,M,EAST,
MEM-11211,44,M,SOUTH,
MEM-11212,61,M,WEST,
MEM-11213,75,F,NORTH,
MEM-11214,29,M,SOUTH,
MEM-11215,25,M,SOUTH,
MEM-11216,31,M,NORTH,
MEM-11217,25,M,NORTH,
MEM-11218,24,F,SOUTH,
MEM-11219,89,M,EAST,
MEM-11220,54,F,WEST,
MEM-11221,36,F,WEST,
MEM-11222,80,F,SOUTH,
MEM-11223,41,M,SOUTH,
MEM-11224,63,M,NORTH,
MEM-11225,12,M,NORTH,
MEM-11226,46,F,EAST,
MEM-11227,41,F,EAST,
MEM-11228,47,M,NORTH,
MEM-11229,51,M,WEST,
MEM-11230,46,F,EAST,
MEM-11231,74,F,EAST,
MEM-11232,58,F,SOUTH,
MEM-11233,24,M,EAST,
MEM-11234,61,M,NORTH,
MEM-11235,39,M,NORTH,
MEM-11236,40,M,NORTH,
MEM-11237,19,F,NORTH,
MEM-11238,28,F,NORTH,
MEM-11239,14,F,NORTH,
MEM-11240,36,F,NORTH,
MEM-11241,22,M,WEST,
MEM-11242,22,F,EAST,
MEM-11243,46,M,SOUTH,
MEM-11244,17,F,NORTH,
MEM-11245,95,F,WEST,
MEM-11246,33,M,NORTH,
MEM-11247,39,F,WEST,
MEM-11248,11,F,SOUTH,
MEM-11249,45,M,NORTH,
MEM-11250,95,F,NORTH,
MEM-11251,42,F,EAST,
MEM-11252,72,F,SOUTH,
MEM-11253,21,F,SOUTH,
MEM-11254,30,F,NORTH,
MEM-11255,41,F,SOUTH,
MEM-11256,65,F,EAST,
MEM-11257,61,F,NORTH,
MEM-11258,23,M,WEST,
MEM-11259,79,M,WEST,
MEM-11260,58,F,WEST,
MEM-11261,31,M,WEST,
MEM-11262,95,M,EAST,
MEM-11263,93,M,SOUTH,
MEM-11264,31,F,NORTH,
MEM-11265,31,F,SOUTH,
MEM-11266,33,F,EAST,
MEM-11267,33,M,SOUTH,
MEM-11268,58,M,EAST,
MEM-11269,75,M,SOUTH,
MEM-11270,26,M,NORTH,
MEM-11271,46,M,EAST,
MEM-11272,56,F,WEST,
MEM-11273,81,M,SOUTH,
MEM-11274,65,F,WEST,
MEM-11275,56,M,WEST,
MEM-11276,46,M,WEST,
MEM-11277,34,F,EAST,
MEM-11278,24,M,EAST,
MEM-11279,47,M,SOUTH,
MEM-11280,52,M,WEST,
MEM-11281,25,M,NORTH,
MEM-11282,12,M,WEST,
MEM-11283,12,M,SOUTH,
MEM-11284,15,M,NORTH,
MEM-11285,76,F,WEST,
MEM-11286,36,M,EAST,
MEM-11287,48,M,NORTH,
MEM-11288,9,M,EAST,
MEM-11289,59,M,WEST,
MEM-11290,35,M,EAST,
MEM-11291,14,M,EAST,
MEM-11292,66,M,SOUTH,
MEM-11293,10,F,WEST,
MEM-11294,30,F,SOUTH,
MEM-11295,13,M,SOUTH,
MEM-11296,21,F,NORTH,
MEM-11297,34,M,WEST,
MEM-11298,34,F,EAST,
MEM-11299,16,M,NORTH,
MEM-11300,41,F,SOUTH,
MEM-11301,77,M,EAST,
MEM-11302,70,F,SOUTH,
MEM-11303,18,M,NORTH,
MEM-11304,34,F,NORTH,
MEM-11305,53,F,WEST,
MEM-11306,36,F,EAST,
MEM-11307,11,F,NORTH,
MEM-11308,11,F,EAST,
MEM-11309,37,M,WEST,
MEM-11310,79,M,EAST,
MEM-11311,37,M,EAST,
MEM-11312,95,F,NORTH,
MEM-11313,31,F,SOUTH,
MEM-11314,63,M,SOUTH,
MEM-11315,38,F,EAST,
MEM-11316,56,M,WEST,
MEM-11317,30,F,EAST,
MEM-11318,24,F,NORTH,
MEM-11319,28,F,SOUTH,
MEM-11320,44,M,NORTH,
MEM-11321,11,F,NORTH,
MEM-11322,12,M,WEST,
MEM-11323,67,F,SOUTH,
MEM-11324,48,F,NORTH,
MEM-11325,56,M,NORTH,
MEM-11326,93,F,SOUTH,
MEM-11327,40,F,EAST,
MEM-11328,29,M,WEST,
MEM-11329,34,M,SOUTH,
MEM-11330,27,M,WEST,
MEM-11331,15,F,NORTH,
MEM-11332,67,F,NORTH,
MEM-11333,59,M,WEST,
MEM-11334,21,F,WEST,
MEM-11335,20,M,WEST,
MEM-11336,49,M,SOUTH,
MEM-11337,51,M,EAST,
MEM-11338,71,M,NORTH,
MEM-11339,53,M,EAST,
MEM-11340,26,M,WEST,
MEM-11341,16,F,SOUTH,
MEM-11342,75,M,EAST,
MEM-11343,66,M,WEST,
MEM-11344,21,M,WEST,
MEM-11345,32,F,NORTH,
MEM-11346,21,F,EAST,
MEM-11347,58,F,SOUTH,
MEM-11348,40,M,EAST,
MEM-11349,34,F,EAST,
MEM-11350,89,F,SOUTH,
MEM-11351,39,F,EAST,
MEM-11352,39,F,SOUTH,
MEM-11353,33,M,NORTH,
MEM-11354,95,F,WEST,
MEM-11355,34,M,EAST,
MEM-11356,29,M,SOUTH,
MEM-11357,35,M,EAST,
MEM-11358,82,F,SOUTH,
MEM-11359,23,F,EAST,
MEM-11360,33,M,WEST,
MEM-11361,70,F,WEST,
MEM-11362,16,M,NORTH,
MEM-11363,36,F,WEST,
MEM-11364,28,M,SOUTH,
MEM-11365,67,M,EAST,2026-01-04
MEM-11366,62,F,EAST,
MEM-11367,20,M,NORTH,
MEM-11368,37,F,SOUTH,
MEM-11369,45,F,NORTH,
MEM-11370,61,M,EAST,
MEM-11371,34,M,SOUTH,
MEM-11372,27,F,WEST,
MEM-11373,77,F,SOUTH,
MEM-11374,23,M,WEST,
MEM-11375,35,F,SOUTH,
MEM-11376,94,M,EAST,
MEM-11377,69,M,NORTH,
MEM-11378,27,M,NORTH,
MEM-11379,71,F,SOUTH,
MEM-11380,73,M,SOUTH,
MEM-11381,33,F,NORTH,
MEM-11382,26,M,NORTH,
MEM-11383,14,F,WEST,
MEM-11384,45,F,WEST,
MEM-11385,36,F,WEST,
MEM-11386,16,F,SOUTH,
MEM-11387,43,M,WEST,
MEM-11388,38,F,NORTH,
MEM-11389,39,F,NORTH,
MEM-11390,65,M,EAST,
MEM-11391,67,F,NORTH,
MEM-11392,39,M,EAST,
MEM-11393,50,F,EAST,
MEM-11394,49,M,SOUTH,
MEM-11395,58,M,SOUTH,
MEM-11396,14,M,EAST,
MEM-11397,21,M,NORTH,
MEM-11398,77,F,SOUTH,
MEM-11399,38,F,WEST,
MEM-11400,49,F,EAST,
MEM-11401,18,F,SOUTH,
MEM-11402,17,M,NORTH,
MEM-11403,43,M,NORTH,
MEM-11404,95,M,NORTH,
MEM-11405,13,M,EAST,
MEM-11406,34,F,EAST,
MEM-11407,52,M,NORTH,
MEM-11408,61,M,EAST,
MEM-11409,64,F,SOUTH,
MEM-11410,59,F,NORTH,
MEM-11411,24,F,NORTH,
MEM-11412,38,F,SOUTH,
MEM-11413,80,M,WEST,
MEM-11414,72,M,WEST,
MEM-11415,23,M,NORTH,
MEM-11416,37,F,SOUTH,
MEM-11417,56,M,SOUTH,
MEM-11418,32,F,SOUTH,
MEM-11419,42,M,SOUTH,
MEM-11420,30,F,NORTH,2025-12-22
MEM-11421,45,F,SOUTH,
MEM-11422,35,M,WEST,
MEM-11423,33,M,NORTH,
MEM-11424,95,M,SOUTH,
MEM-11425,48,M,SOUTH,
MEM-11426,53,F,WEST,
MEM-11427,18,M,EAST,
MEM-11428,11,M,NORTH,
MEM-11429,32,F,NORTH,
MEM-11430,52,M,SOUTH,
MEM-11431,60,F,EAST,
MEM-11432,26,M,WEST,
MEM-11433,44,M,SOUTH,
MEM-11434,42,F,SOUTH,
MEM-11435,27,F,WEST,2025-09-21
MEM-11436,68,F,NORTH,
MEM-11437,24,F,EAST,
MEM-11438,80,M,EAST,
MEM-11439,17,F,SOUTH,
MEM-11440,49,M,EAST,
MEM-11441,42,M,EAST,
MEM-11442,24,F,EAST,
MEM-11443,7,F,SOUTH,
MEM-11444,9,M,NORTH,
MEM-11445,76,M,NORTH,
MEM-11446,42,F,EAST,
MEM-11447,39,M,WEST,
MEM-11448,55,M,SOUTH,
MEM-11449,43,M,EAST,
MEM-11450,45,F,WEST,
MEM-11451,19,M,SOUTH,
MEM-11452,19,M,NORTH,
MEM-11453,34,F,EAST,
MEM-11454,37,M,EAST,
MEM-11455,78,F,WEST,
MEM-11456,25,F,SOUTH,
MEM-11457,44,F,WEST,
MEM-11458,16,M,WEST,
MEM-11459,30,F,EAST,
MEM-11460,50,F,NORTH,
MEM-11461,84,F,WEST,
MEM-11462,42,M,NORTH,
MEM-11463,30,M,NORTH,
MEM-11464,58,F,SOUTH,
MEM-11465,14,M,NORTH,
MEM-11466,15,F,NORTH,
MEM-11467,17,M,NORTH,
MEM-11468,25,M,WEST,
MEM-11469,57,M,SOUTH,
MEM-11470,24,M,SOUTH,
MEM-11471,20,M,WEST,
MEM-11472,35,F,NORTH,
MEM-11473,59,M,NORTH,
MEM-11474,75,F,NORTH,
MEM-11475,13,F,SOUTH,
MEM-11476,40,M,NORTH,
MEM-11477,31,F,NORTH,
MEM-11478,41,F,EAST,
MEM-11479,45,M,SOUTH,
MEM-11480,28,M,WEST,
MEM-11481,28,M,SOUTH,
MEM-11482,40,F,SOUTH,
MEM-11483,36,M,NORTH,
MEM-11484,51,M,NORTH,
MEM-11485,46,M,SOUTH,
MEM-11486,59,M,NORTH,
MEM-11487,51,M,SOUTH,
MEM-11488,20,M,NORTH,
MEM-11489,56,F,NORTH,
MEM-11490,36,M,SOUTH,
MEM-11491,5,F,EAST,
MEM-11492,33,M,EAST,
MEM-11493,73,F,EAST,
MEM-11494,45,F,SOUTH,
MEM-11495,15,M,NORTH,
MEM-11496,61,F,EAST,
MEM-11497,29,F,WEST,
MEM-11498,42,M,NORTH,
MEM-11499,65,M,SOUTH,
MEM-11500,77,M,SOUTH,
MEM-11501,31,F,NORTH,
MEM-11502,49,M,WEST,
MEM-11503,44,M,NORTH,
MEM-11504,29,M,NORTH,
MEM-11505,29,M,SOUTH,
MEM-11506,33,M,NORTH,
MEM-11507,69,M,NORTH,
MEM-11508,53,M,SOUTH,
MEM-11509,49,F,NORTH,
MEM-11510,42,F,NORTH,
MEM-11511,38,F,SOUTH,
MEM-11512,12,M,SOUTH,
MEM-11513,50,M,WEST,
MEM-11514,64,M,WEST,
MEM-11515,54,M,EAST,
MEM-11516,53,F,EAST,
MEM-11517,36,M,EAST,
MEM-11518,24,F,WEST,
MEM-11519,76,F,WEST,
MEM-11520,31,M,NORTH,
MEM-11521,45,F,SOUTH,
MEM-11522,27,F,NORTH,
MEM-11523,15,M,WEST,
MEM-11524,43,M,SOUTH,
MEM-11525,17,M,NORTH,
MEM-11526,65,M,NORTH,
MEM-11527,95,F,NORTH,
MEM-11528,88,M,SOUTH,
MEM-11529,62,M,NORTH,
MEM-11530,58,F,EAST,
MEM-11531,52,F,NORTH,
MEM-11532,56,M,NORTH,
MEM-11533,47,M,EAST,
MEM-11534,67,F,EAST,
MEM-11535,27,F,WEST,
MEM-11536,37,F,EAST,
MEM-11537,59,M,EAST,
MEM-11538,32,M,WEST,
MEM-11539,54,F,SOUTH,
MEM-11540,22,F,WEST,
MEM-11541,15,M,EAST,
MEM-11542,41,F,NORTH,
MEM-11543,18,M,SOUTH,
MEM-11544,40,M,NORTH,
MEM-11545,47,F,EAST,
MEM-11546,40,M,SOUTH,
MEM-11547,95,F,NORTH,
MEM-11548,29,M,EAST,
MEM-11549,21,F,EAST,
MEM-11550,35,M,EAST,
MEM-11551,95,F,NORTH,
MEM-11552,60,M,NORTH,
MEM-11553,45,M,EAST,
MEM-11554,36,F,EAST,
MEM-11555,19,M,NORTH,
MEM-11556,49,M,SOUTH,
MEM-11557,57,M,EAST,
MEM-11558,66,F,SOUTH,
MEM-11559,49,F,NORTH,
MEM-11560,15,M,NORTH,
MEM-11561,84,F,SOUTH,
MEM-11562,24,F,EAST,
MEM-11563,15,M,WEST,
MEM-11564,49,M,NORTH,
MEM-11565,18,M,SOUTH,
MEM-11566,71,F,WEST,
MEM-11567,29,F,WEST,
MEM-11568,37,M,EAST,
MEM-11569,49,F,SOUTH,
MEM-11570,13,M,EAST,
MEM-11571,71,M,EAST,
MEM-11572,33,M,WEST,
MEM-11573,39,F,EAST,
MEM-11574,95,F,EAST,
MEM-11575,36,F,EAST,
MEM-11576,22,F,WEST,
MEM-11577,21,F,SOUTH,
MEM-11578,59,M,SOUTH,
MEM-11579,46,F,WEST,
MEM-11580,30,M,NORTH,
MEM-11581,79,M,WEST,
MEM-11582,21,F,WEST,
MEM-11583,26,M,SOUTH,
MEM-11584,47,F,EAST,
MEM-11585,82,M,EAST,
MEM-11586,26,M,NORTH,
MEM-11587,50,F,EAST,
MEM-11588,29,M,SOUTH,
MEM-11589,95,M,WEST,
MEM-11590,68,M,SOUTH,
MEM-11591,95,M,WEST,
MEM-11592,41,F,EAST,
MEM-11593,19,F,NORTH,
MEM-11594,43,M,SOUTH,
MEM-11595,13,F,WEST,
MEM-11596,43,M,NORTH,
MEM-11597,57,F,WEST,
MEM-11598,52,M,NORTH,
MEM-11599,27,M,EAST,
MEM-11600,51,M,NORTH,
MEM-11601,66,F,WEST,
MEM-11602,35,M,WEST,
MEM-11603,39,M,NORTH,
MEM-11604,6,F,SOUTH,
MEM-11605,35,F,WEST,
MEM-11606,30,F,WEST,
MEM-11607,55,F,NORTH,
MEM-11608,28,F,SOUTH,
MEM-11609,51,F,SOUTH,
MEM-11610,24,F,EAST,
MEM-11611,51,M,SOUTH,
MEM-11612,52,F,SOUTH,
MEM-11613,40,F,SOUTH,
MEM-11614,69,M,EAST,
MEM-11615,22,F,NORTH,
MEM-11616,79,F,NORTH,
MEM-11617,15,F,WEST,
MEM-11618,25,F,EAST,
MEM-11619,34,M,EAST,
MEM-11620,79,F,WEST,
MEM-11621,11,M,SOUTH,
MEM-11622,25,F,SOUTH,
MEM-11623,32,F,WEST,
MEM-11624,40,M,WEST,
MEM-11625,39,M,SOUTH,
MEM-11626,34,F,NORTH,
MEM-11627,24,M,SOUTH,
MEM-11628,26,M,WEST,
MEM-11629,40,M,EAST,
MEM-11630,95,F,WEST,
MEM-11631,72,F,EAST,
MEM-11632,34,M,SOUTH,
MEM-11633,52,F,NORTH,
MEM-11634,49,F,NORTH,
MEM-11635,61,M,SOUTH,2025-08-23
MEM-11636,37,F,SOUTH,
MEM-11637,31,M,NORTH,
MEM-11638,18,M,NORTH,
MEM-11639,9,F,WEST,
MEM-11640,95,F,SOUTH,
MEM-11641,95,F,WEST,
MEM-11642,40,M,WEST,
MEM-11643,54,F,EAST,
MEM-11644,53,M,NORTH,
MEM-11645,54,M,SOUTH,
MEM-11646,36,F,SOUTH,
MEM-11647,68,F,SOUTH,
MEM-11648,13,F,SOUTH,
MEM-11649,43,M,WEST,
MEM-11650,50,F,EAST,
MEM-11651,60,F,NORTH,
MEM-11652,40,F,SOUTH,
MEM-11653,35,M,SOUTH,
MEM-11654,47,F,WEST,
MEM-11655,74,F,NORTH,
MEM-11656,63,F,NORTH,
MEM-11657,36,F,WEST,
MEM-11658,44,M,SOUTH,
MEM-11659,35,M,NORTH,
MEM-11660,41,M,SOUTH,
MEM-11661,77,M,EAST,
MEM-11662,45,M,EAST,
MEM-11663,7,F,EAST,
MEM-11664,35,M,EAST,
MEM-11665,65,F,EAST,
MEM-11666,71,M,NORTH,
MEM-11667,25,F,WEST,
MEM-11668,32,F,NORTH,
MEM-11669,34,M,NORTH,
MEM-11670,59,M,EAST,
MEM-11671,42,M,EAST,
MEM-11672,31,M,WEST,
MEM-11673,25,M,WEST,
MEM-11674,22,M,WEST,
MEM-11675,38,M,SOUTH,
MEM-11676,30,M,WEST,
MEM-11677,48,M,EAST,
MEM-11678,23,F,NORTH,
MEM-11679,41,F,SOUTH,
MEM-11680,65,F,NORTH,
MEM-11681,57,F,NORTH,
MEM-11682,47,M,WEST,
MEM-11683,65,M,SOUTH,
MEM-11684,15,M,WEST,
MEM-11685,40,F,SOUTH,
MEM-11686,82,M,EAST,
MEM-11687,24,F,SOUTH,
MEM-11688,31,M,SOUTH,
MEM-11689,41,F,EAST,
MEM-11690,27,F,WEST,
MEM-11691,60,M,WEST,
MEM-11692,28,F,EAST,
MEM-11693,91,M,SOUTH,
MEM-11694,41,M,SOUTH,
MEM-11695,30,F,EAST,
MEM-11696,34,M,SOUTH,
MEM-11697,21,F,EAST,
MEM-11698,36,M,NORTH,
MEM-11699,57,M,WEST,
MEM-11700,35,M,NORTH,
MEM-11701,18,F,EAST,
MEM-11702,54,M,SOUTH,
MEM-11703,18,M,EAST,
MEM-11704,65,F,WEST,
MEM-11705,82,F,EAST,
MEM-11706,45,M,SOUTH,
MEM-11707,92,M,NORTH,
MEM-11708,43,M,SOUTH,
MEM-11709,43,M,SOUTH,
MEM-11710,15,M,NORTH,
MEM-11711,52,M,WEST,
MEM-11712,36,F,SOUTH,
MEM-11713,76,M,EAST,
MEM-11714,36,F,EAST,
MEM-11715,6,M,WEST,
MEM-11716,27,M,SOUTH,
MEM-11717,61,M,EAST,
MEM-11718,23,F,NORTH,
MEM-11719,25,M,WEST,
MEM-11720,35,M,NORTH,
MEM-11721,93,F,SOUTH,
MEM-11722,50,M,EAST,
MEM-11723,58,F,WEST,
MEM-11724,26,F,NORTH,
MEM-11725,68,M,SOUTH,
MEM-11726,35,F,EAST,
MEM-11727,54,M,WEST,
MEM-11728,50,M,EAST,
MEM-11729,58,F,EAST,
MEM-11730,23,M,SOUTH,
MEM-11731,18,F,SOUTH,
MEM-11732,28,F,WEST,
MEM-11733,39,M,SOUTH,
MEM-11734,45,M,SOUTH,
MEM-11735,30,F,SOUTH,
MEM-11736,61,F,SOUTH,
MEM-11737,32,F,EAST,
MEM-11738,38,M,WEST,
MEM-11739,19,F,EAST,
MEM-11740,16,M,NORTH,
MEM-11741,51,F,SOUTH,
MEM-11742,95,M,SOUTH,
MEM-11743,26,F,WEST,
MEM-11744,81,M,WEST,
MEM-11745,55,M,NORTH,
MEM-11746,45,F,WEST,
MEM-11747,31,M,SOUTH,
MEM-11748,27,M,WEST,
MEM-11749,9,M,WEST,
MEM-11750,64,M,NORTH,
MEM-11751,26,F,WEST,
MEM-11752,39,M,SOUTH,
MEM-11753,38,F,SOUTH,
MEM-11754,22,M,NORTH,
MEM-11755,37,M,WEST,
MEM-11756,70,F,EAST,
MEM-11757,43,M,EAST,
MEM-11758,31,M,SOUTH,
MEM-11759,35,F,NORTH,
MEM-11760,70,M,NORTH,
MEM-11761,54,F,WEST,
MEM-11762,53,M,EAST,
MEM-11763,23,M,SOUTH,
MEM-11764,40,M,WEST,
MEM-11765,8,F,SOUTH,
MEM-11766,81,F,NORTH,
MEM-11767,14,F,EAST,
MEM-11768,30,M,WEST,
MEM-11769,46,M,SOUTH,
MEM-11770,29,F,WEST,
MEM-11771,42,M,WEST,
MEM-11772,67,M,EAST,
MEM-11773,49,F,SOUTH,
MEM-11774,25,F,SOUTH,
MEM-11775,55,M,EAST,
MEM-11776,15,M,WEST,
MEM-11777,41,F,WEST,
MEM-11778,21,F,WEST,
MEM-11779,51,M,SOUTH,
MEM-11780,60,M,WEST,
MEM-11781,33,F,EAST,
MEM-11782,32,F,EAST,
MEM-11783,43,M,SOUTH,
MEM-11784,16,F,SOUTH,
MEM-11785,37,M,SOUTH,
MEM-11786,52,M,WEST,
MEM-11787,66,M,WEST,2025-12-15
MEM-11788,26,M,EAST,
MEM-11789,67,F,NORTH,
MEM-11790,23,M,WEST,
MEM-11791,24,M,SOUTH,
MEM-11792,95,M,SOUTH,
MEM-11793,18,F,NORTH,
MEM-11794,84,F,EAST,
MEM-11795,41,M,NORTH,
MEM-11796,27,F,EAST,
MEM-11797,26,F,EAST,
MEM-11798,86,F,NORTH,
MEM-11799,26,F,NORTH,
MEM-11800,22,F,NORTH,
MEM-11801,43,F,EAST,
MEM-11802,41,F,SOUTH,
MEM-11803,24,F,WEST,
MEM-11804,63,M,EAST,
MEM-11805,27,M,SOUTH,
MEM-11806,32,M,EAST,
MEM-11807,21,M,NORTH,
MEM-11808,25,M,NORTH,
MEM-11809,59,F,EAST,
MEM-11810,80,M,WEST,
MEM-11811,34,F,NORTH,
MEM-11812,42,M,NORTH,
MEM-11813,23,F,SOUTH,
MEM-11814,62,F,EAST,
MEM-11815,64,M,NORTH,
MEM-11816,52,F,SOUTH,
MEM-11817,43,F,EAST,
MEM-11818,20,M,WEST,
MEM-11819,72,F,WEST,
MEM-11820,29,F,WEST,
MEM-11821,33,F,EAST,
MEM-11822,43,M,WEST,
MEM-11823,66,F,SOUTH,
MEM-11824,19,F,WEST,
MEM-11825,37,F,NORTH,
MEM-11826,31,M,WEST,
MEM-11827,95,M,EAST,
MEM-11828,23,F,SOUTH,
MEM-11829,76,F,NORTH,
MEM-11830,50,F,NORTH,
MEM-11831,38,F,NORTH,
MEM-11832,78,M,EAST,
MEM-11833,21,F,WEST,
MEM-11834,7,M,NORTH,
MEM-11835,45,F,WEST,
MEM-11836,16,F,EAST,
MEM-11837,26,F,WEST,
MEM-11838,37,M,SOUTH,
MEM-11839,51,M,EAST,
MEM-11840,81,M,NORTH,
MEM-11841,54,M,SOUTH,
MEM-11842,41,M,WEST,2026-01-04
MEM-11843,22,M,SOUTH,
MEM-11844,51,F,SOUTH,
MEM-11845,58,F,SOUTH,
MEM-11846,35,F,WEST,
MEM-11847,35,F,WEST,
MEM-11848,55,F,EAST,
MEM-11849,65,F,WEST,
MEM-11850,32,F,NORTH,
MEM-11851,40,M,WEST,
MEM-11852,56,F,EAST,
MEM-11853,38,F,NORTH,
MEM-11854,58,F,WEST,
MEM-11855,27,M,WEST,
MEM-11856,49,M,NORTH,
MEM-11857,26,M,SOUTH,
MEM-11858,45,M,WEST,
MEM-11859,64,F,SOUTH,
MEM-11860,11,F,SOUTH,
MEM-11861,62,M,NORTH,
MEM-11862,17,F,NORTH,
MEM-11863,36,F,SOUTH,
MEM-11864,54,F,SOUTH,
MEM-11865,42,M,EAST,
MEM-11866,24,F,SOUTH,
MEM-11867,20,F,EAST,
MEM-11868,56,F,EAST,
MEM-11869,40,F,WEST,
MEM-11870,29,M,NORTH,
MEM-11871,60,F,SOUTH,
MEM-11872,43,M,SOUTH,2025-06-12
MEM-11873,43,M,EAST,
MEM-11874,41,F,EAST,
MEM-11875,22,M,WEST,
MEM-11876,56,M,EAST,
MEM-11877,41,M,SOUTH,
MEM-11878,24,F,NORTH,
MEM-11879,34,F,SOUTH,
MEM-11880,41,M,WEST,
MEM-11881,31,M,SOUTH,
MEM-11882,30,M,WEST,
MEM-11883,51,M,EAST,
MEM-11884,26,M,NORTH,
MEM-11885,95,M,WEST,
MEM-11886,42,M,NORTH,
MEM-11887,54,F,EAST,
MEM-11888,49,M,EAST,
MEM-11889,95,F,SOUTH,
MEM-11890,53,M,SOUTH,
MEM-11891,19,F,WEST,
MEM-11892,30,F,EAST,
MEM-11893,93,M,SOUTH,
MEM-11894,32,F,WEST,
MEM-11895,25,F,SOUTH,
MEM-11896,61,M,WEST,
MEM-11897,59,F,SOUTH,
MEM-11898,13,M,SOUTH,
MEM-11899,20,M,WEST,
MEM-11900,31,M,SOUTH,
MEM-11901,76,M,WEST,
MEM-11902,38,F,SOUTH,
MEM-11903,91,F,EAST,
MEM-11904,60,M,SOUTH,
MEM-11905,31,F,NORTH,
MEM-11906,25,F,EAST,
MEM-11907,6,M,EAST,
MEM-11908,35,M,WEST,
MEM-11909,32,M,WEST,
MEM-11910,21,M,NORTH,
MEM-11911,35,M,SOUTH,
MEM-11912,30,F,NORTH,
MEM-11913,42,M,WEST,
MEM-11914,62,F,EAST,
MEM-11915,27,F,SOUTH,
MEM-11916,19,M,EAST,
MEM-11917,57,M,WEST,
MEM-11918,32,M,EAST,
MEM-11919,64,F,EAST,
MEM-11920,30,M,NORTH,
MEM-11921,45,M,EAST,
MEM-11922,63,M,EAST,
MEM-11923,17,M,SOUTH,
MEM-11924,30,M,NORTH,
MEM-11925,20,F,WEST,
MEM-11926,43,M,SOUTH,
MEM-11927,33,M,SOUTH,
MEM-11928,34,M,EAST,
MEM-11929,44,M,EAST,
MEM-11930,38,M,SOUTH,
MEM-11931,43,M,WEST,
MEM-11932,23,M,NORTH,
MEM-11933,26,M,NORTH,
MEM-11934,44,M,EAST,
MEM-11935,63,M,WEST,
MEM-11936,23,F,NORTH,
MEM-11937,32,M,NORTH,
MEM-11938,86,M,EAST,
MEM-11939,63,M,WEST,
MEM-11940,39,F,SOUTH,
MEM-11941,36,F,EAST,
MEM-11942,27,M,NORTH,
MEM-11943,5,M,EAST,
MEM-11944,26,M,EAST,
MEM-11945,70,M,EAST,
MEM-11946,71,F,WEST,
MEM-11947,36,M,WEST,
MEM-11948,32,M,WEST,
MEM-11949,77,F,NORTH,
MEM-11950,38,F,NORTH,
MEM-11951,28,F,EAST,
MEM-11952,46,F,EAST,
MEM-11953,37,M,EAST,
MEM-11954,53,F,EAST,
MEM-11955,43,F,WEST,
MEM-11956,24,F,EAST,
MEM-11957,26,F,WEST,
MEM-11958,36,F,EAST,
MEM-11959,36,M,WEST,
MEM-11960,27,F,SOUTH,
MEM-11961,65,F,NORTH,
MEM-11962,23,M,WEST,
MEM-11963,45,F,NORTH,
MEM-11964,48,M,SOUTH,
MEM-11965,67,F,SOUTH,
MEM-11966,36,M,EAST,
MEM-11967,50,M,WEST,
MEM-11968,43,F,WEST,
MEM-11969,39,F,WEST,
MEM-11970,35,F,NORTH,
MEM-11971,71,F,EAST,
MEM-11972,64,M,WEST,
MEM-11973,61,M,EAST,
MEM-11974,18,F,SOUTH,
MEM-11975,65,F,WEST,
MEM-11976,57,M,NORTH,
MEM-11977,14,M,NORTH,
MEM-11978,49,M,WEST,
MEM-11979,42,M,SOUTH,
MEM-11980,95,M,NORTH,
MEM-11981,85,F,NORTH,
MEM-11982,44,F,EAST,
MEM-11983,43,M,EAST,
MEM-11984,56,M,EAST,
MEM-11985,50,F,NORTH,
MEM-11986,75,M,NORTH,
MEM-11987,35,F,EAST,
MEM-11988,46,F,EAST,
MEM-11989,31,F,WEST,
MEM-11990,27,F,EAST,
MEM-11991,59,M,WEST,
MEM-11992,40,F,NORTH,
MEM-11993,72,M,NORTH,
MEM-11994,73,M,SOUTH,
MEM-11995,30,M,NORTH,
MEM-11996,14,F,WEST,
MEM-11997,70,M,EAST,
MEM-11998,16,F,WEST,
MEM-11999,33,M,WEST,
MEM-12000,37,F,EAST,
