referral_id,referring_provider_id,target_provider_id,target_facility_id,member_id,referral_date
REF-000001,PRV-446,PRV-110,FAC-152,MEM-00204,2025-04-01
REF-000002,PRV-973,PRV-140,FAC-073,MEM-07522,2025-04-01
REF-000003,PRV-883,PRV-826,FAC-058,MEM-04464,2025-04-01
REF-000004,PRV-714,PRV-240,FAC-042,MEM-04799,2025-04-01
REF-000005,PRV-907,PRV-582,FAC-146,MEM-03300,2025-04-01
REF-000006,PRV-259,PRV-212,FAC-241,MEM-03823,2025-04-01
REF-000007,PRV-706,PRV-910,FAC-202,MEM-11413,2025-04-01
REF-000008,PRV-128,PRV-396,FAC-171,MEM-01319,2025-04-01
REF-000009,PRV-003,PRV-790,FAC-037,MEM-08356,2025-04-01
REF-000010,PRV-906,PRV-710,FAC-006,MEM-05604,2025-04-01
REF-000011,PRV-501,PRV-286,FAC-060,MEM-09791,2025-04-01
REF-000012,PRV-706,PRV-551,FAC-176,MEM-00185,2025-04-01
REF-000013,PRV-927,PRV-030,FAC-014,MEM-10011,2025-04-01
REF-000014,PRV-015,PRV-769,FAC-086,MEM-08080,2025-04-01
REF-000015,PRV-527,PRV-868,FAC-003,MEM-03726,2025-04-01
REF-000016,PRV-634,PRV-769,FAC-086,MEM-02507,2025-04-01
REF-000017,PRV-907,PRV-871,FAC-057,MEM-05384,2025-04-01
REF-000018,PRV-524,PRV-575,FAC-187,MEM-00443,2025-04-01
REF-000019,PRV-718,PRV-792,FAC-180,MEM-02144,2025-04-01
REF-000020,PRV-341,PRV-492,FAC-126,MEM-01387,2025-04-01
REF-000021,PRV-077,PRV-834,FAC-219,MEM-07646,2025-04-01
REF-000022,PRV-916,PRV-675,FAC-260,MEM-11353,2025-04-01
REF-000023,PRV-408,PRV-534,FAC-004,MEM-03726,2025-04-01
REF-000024,PRV-800,PRV-770,FAC-047,MEM-02208,2025-04-01
REF-000025,PRV-867,PRV-764,FAC-234,MEM-11145,2025-04-01
REF-000026,PRV-859,PRV-886,FAC-128,MEM-05055,2025-04-01
REF-000027,PRV-077,PRV-585,FAC-012,MEM-07411,2025-04-01
REF-000028,PRV-667,PRV-492,FAC-126,MEM-02712,2025-04-01
REF-000029,PRV-808,PRV-896,FAC-064,MEM-06391,2025-04-01
REF-000030,PRV-749,PRV-073,FAC-168,MEM-03753,2025-04-01
REF-000031,PRV-762,PRV-727,FAC-164,MEM-02473,2025-04-01
REF-000032,PRV-991,PRV-353,FAC-057,MEM-03419,2025-04-01
REF-000033,PRV-560,PRV-640,FAC-063,MEM-11799,2025-04-01
REF-000034,PRV-272,PRV-899,FAC-191,MEM-01117,2025-04-01
REF-000035,PRV-544,PRV-678,FAC-222,MEM-00219,2025-04-01
REF-000036,PRV-921,PRV-725,FAC-044,MEM-08931,2025-04-01
REF-000037,PRV-297,PRV-378,FAC-184,MEM-08028,2025-04-01
REF-000038,PRV-466,PRV-143,FAC-252,MEM-08970,2025-04-01
REF-000039,PRV-393,PRV-711,FAC-231,MEM-10888,2025-04-01
REF-000040,PRV-559,PRV-378,FAC-184,MEM-10639,2025-04-01
REF-000041,PRV-749,PRV-329,FAC-001,MEM-04209,2025-04-01
REF-000042,PRV-709,PRV-962,FAC-004,MEM-00571,2025-04-01
REF-000043,PRV-810,PRV-505,FAC-103,MEM-10608,2025-04-01
REF-000044,PRV-708,PRV-806,FAC-101,MEM-08647,2025-04-01
REF-000045,PRV-647,PRV-780,FAC-153,MEM-08128,2025-04-01
REF-000046,PRV-168,PRV-332,FAC-176,MEM-11168,2025-04-01
REF-000047,PRV-907,PRV-871,FAC-057,MEM-03022,2025-04-01
REF-000048,PRV-859,PRV-156,FAC-022,MEM-02213,2025-04-01
REF-000049,PRV-984,PRV-480,FAC-191,MEM-07211,2025-04-01
REF-000050,PRV-026,PRV-325,FAC-099,MEM-01788,2025-04-01
REF-000051,PRV-527,PRV-799,FAC-244,MEM-05946,2025-04-02
REF-000052,PRV-823,PRV-162,FAC-217,MEM-01864,2025-04-02
REF-000053,PRV-040,PRV-399,FAC-161,MEM-05881,2025-04-02
REF-000054,PRV-051,PRV-776,FAC-252,MEM-03290,2025-04-03
REF-000055,PRV-311,PRV-489,FAC-054,MEM-09737,2025-04-03
REF-000056,PRV-362,PRV-278,FAC-207,MEM-09630,2025-04-03
REF-000057,PRV-714,PRV-240,FAC-042,MEM-10874,2025-04-03
REF-000058,PRV-229,PRV-795,FAC-173,MEM-07198,2025-04-03
REF-000059,PRV-317,PRV-596,FAC-255,MEM-09977,2025-04-03
REF-000060,PRV-006,PRV-858,FAC-006,MEM-07628,2025-04-03
REF-000061,PRV-101,PRV-845,FAC-024,MEM-10372,2025-04-04
REF-000062,PRV-541,PRV-332,FAC-176,MEM-01739,2025-04-04
REF-000063,PRV-344,PRV-764,FAC-234,MEM-04433,2025-04-05
REF-000064,PRV-783,PRV-056,FAC-205,MEM-05622,2025-04-05
REF-000065,PRV-559,PRV-060,FAC-203,MEM-01877,2025-04-05
REF-000066,PRV-907,PRV-871,FAC-057,MEM-02727,2025-04-05
REF-000067,PRV-128,PRV-034,FAC-054,MEM-07798,2025-04-05
REF-000068,PRV-150,PRV-787,FAC-210,MEM-05084,2025-04-05
REF-000069,PRV-235,PRV-974,FAC-239,MEM-02727,2025-04-05
REF-000070,PRV-851,PRV-398,FAC-010,MEM-09803,2025-04-06
REF-000071,PRV-220,PRV-882,FAC-259,MEM-10382,2025-04-06
REF-000072,PRV-229,PRV-159,FAC-170,MEM-09749,2025-04-06
REF-000073,PRV-973,PRV-140,FAC-073,MEM-03186,2025-04-06
REF-000074,PRV-436,PRV-555,FAC-222,MEM-05435,2025-04-07
REF-000075,PRV-885,PRV-987,FAC-090,MEM-09473,2025-04-07
REF-000076,PRV-714,PRV-240,FAC-042,MEM-01991,2025-04-07
REF-000077,PRV-318,PRV-455,FAC-149,MEM-03147,2025-04-08
REF-000078,PRV-138,PRV-385,FAC-131,MEM-08235,2025-04-08
REF-000079,PRV-544,PRV-621,FAC-108,MEM-08615,2025-04-09
REF-000080,PRV-007,PRV-335,FAC-234,MEM-00938,2025-04-09
REF-000081,PRV-496,PRV-680,FAC-172,MEM-01111,2025-04-09
REF-000082,PRV-333,PRV-519,FAC-246,MEM-04669,2025-04-09
REF-000083,PRV-090,PRV-019,FAC-091,MEM-03825,2025-04-09
REF-000084,PRV-272,PRV-109,FAC-174,MEM-04365,2025-04-10
REF-000085,PRV-634,PRV-818,FAC-068,MEM-10682,2025-04-10
REF-000086,PRV-229,PRV-159,FAC-170,MEM-10916,2025-04-10
REF-000087,PRV-714,PRV-240,FAC-042,MEM-01360,2025-04-10
REF-000088,PRV-415,PRV-532,FAC-169,MEM-05933,2025-04-10
REF-000089,PRV-907,PRV-582,FAC-146,MEM-03111,2025-04-10
REF-000090,PRV-848,PRV-712,FAC-032,MEM-09025,2025-04-10
REF-000091,PRV-672,PRV-096,FAC-003,MEM-04742,2025-04-10
REF-000092,PRV-714,PRV-240,FAC-042,MEM-10829,2025-04-10
REF-000093,PRV-714,PRV-240,FAC-042,MEM-11836,2025-04-11
REF-000094,PRV-316,PRV-038,FAC-199,MEM-11322,2025-04-11
REF-000095,PRV-414,PRV-622,FAC-209,MEM-05693,2025-04-11
REF-000096,PRV-607,PRV-642,FAC-235,MEM-07777,2025-04-12
REF-000097,PRV-007,PRV-335,FAC-234,MEM-03053,2025-04-12
REF-000098,PRV-988,PRV-459,FAC-115,MEM-08720,2025-04-12
REF-000099,PRV-496,PRV-431,FAC-092,MEM-07962,2025-04-12
REF-000100,PRV-537,PRV-012,FAC-102,MEM-00688,2025-04-12
REF-000101,PRV-906,PRV-735,FAC-007,MEM-04414,2025-04-12
REF-000102,PRV-190,PRV-898,FAC-176,MEM-09740,2025-04-12
REF-000103,PRV-164,PRV-245,FAC-058,MEM-06797,2025-04-12
REF-000104,PRV-190,PRV-492,FAC-126,MEM-01861,2025-04-13
REF-000105,PRV-617,PRV-622,FAC-209,MEM-11961,2025-04-13
REF-000106,PRV-331,PRV-112,FAC-010,MEM-05522,2025-04-13
REF-000107,PRV-434,PRV-580,FAC-046,MEM-09537,2025-04-13
REF-000108,PRV-560,PRV-506,FAC-101,MEM-10428,2025-04-14
REF-000109,PRV-625,PRV-857,FAC-134,MEM-11014,2025-04-14
REF-000110,PRV-953,PRV-840,FAC-253,MEM-02856,2025-04-14
REF-000111,PRV-432,PRV-720,FAC-120,MEM-08478,2025-04-14
REF-000112,PRV-907,PRV-582,FAC-057,MEM-06510,2025-04-14
REF-000113,PRV-817,PRV-476,FAC-123,MEM-08883,2025-04-14
REF-000114,PRV-416,PRV-547,FAC-014,MEM-09029,2025-04-15
REF-000115,PRV-178,PRV-876,FAC-007,MEM-09278,2025-04-15
REF-000116,PRV-907,PRV-582,FAC-146,MEM-04084,2025-04-15
REF-000117,PRV-957,PRV-206,FAC-211,MEM-11800,2025-04-15
REF-000118,PRV-856,PRV-004,FAC-001,MEM-01446,2025-04-15
REF-000119,PRV-907,PRV-582,FAC-146,MEM-04326,2025-04-16
REF-000120,PRV-907,PRV-871,FAC-057,MEM-02582,2025-04-16
REF-000121,PRV-040,PRV-505,FAC-103,MEM-09228,2025-04-16
REF-000122,PRV-843,PRV-963,FAC-095,MEM-02196,2025-04-17
REF-000123,PRV-953,PRV-572,FAC-046,MEM-00583,2025-04-17
REF-000124,PRV-737,PRV-990,FAC-098,MEM-02871,2025-04-17
REF-000125,PRV-384,PRV-308,FAC-132,MEM-03676,2025-04-17
REF-000126,PRV-460,PRV-653,FAC-046,MEM-03092,2025-04-17
REF-000127,PRV-074,PRV-342,FAC-221,MEM-06336,2025-04-17
REF-000128,PRV-006,PRV-055,FAC-057,MEM-06596,2025-04-17
REF-000129,PRV-190,PRV-975,FAC-255,MEM-05147,2025-04-17
REF-000130,PRV-714,PRV-240,FAC-042,MEM-08293,2025-04-17
REF-000131,PRV-839,PRV-547,FAC-014,MEM-07820,2025-04-18
REF-000132,PRV-618,PRV-127,FAC-040,MEM-04080,2025-04-18
REF-000133,PRV-116,PRV-845,FAC-024,MEM-03801,2025-04-18
REF-000134,PRV-859,PRV-171,FAC-203,MEM-04684,2025-04-18
REF-000135,PRV-363,PRV-847,FAC-035,MEM-11947,2025-04-18
REF-000136,PRV-617,PRV-281,FAC-101,MEM-09109,2025-04-18
REF-000137,PRV-479,PRV-017,FAC-255,MEM-10026,2025-04-18
REF-000138,PRV-995,PRV-700,FAC-044,MEM-02826,2025-04-18
REF-000139,PRV-516,PRV-606,FAC-197,MEM-05027,2025-04-18
REF-000140,PRV-647,PRV-873,FAC-015,MEM-00266,2025-04-18
REF-000141,PRV-823,PRV-023,FAC-184,MEM-05187,2025-04-18
REF-000142,PRV-708,PRV-806,FAC-101,MEM-10428,2025-04-18
REF-000143,PRV-165,PRV-615,FAC-219,MEM-06607,2025-04-19
REF-000144,PRV-487,PRV-558,FAC-068,MEM-00153,2025-04-19
REF-000145,PRV-874,PRV-321,FAC-063,MEM-07506,2025-04-19
REF-000146,PRV-411,PRV-852,FAC-218,MEM-02697,2025-04-19
REF-000147,PRV-907,PRV-871,FAC-057,MEM-01542,2025-04-19
REF-000148,PRV-408,PRV-813,FAC-004,MEM-00617,2025-04-19
REF-000149,PRV-997,PRV-958,FAC-012,MEM-03878,2025-04-19
REF-000150,PRV-766,PRV-108,FAC-003,MEM-01650,2025-04-19
REF-000151,PRV-907,PRV-998,FAC-074,MEM-10225,2025-04-19
REF-000152,PRV-446,PRV-557,FAC-042,MEM-00218,2025-04-19
REF-000153,PRV-749,PRV-986,FAC-247,MEM-06009,2025-04-20
REF-000154,PRV-259,PRV-254,FAC-041,MEM-10850,2025-04-20
REF-000155,PRV-674,PRV-061,FAC-003,MEM-02733,2025-04-20
REF-000156,PRV-316,PRV-773,FAC-110,MEM-10012,2025-04-20
REF-000157,PRV-824,PRV-202,FAC-091,MEM-05920,2025-04-21
REF-000158,PRV-907,PRV-582,FAC-146,MEM-11005,2025-04-21
REF-000159,PRV-346,PRV-500,FAC-058,MEM-08472,2025-04-21
REF-000160,PRV-432,PRV-637,FAC-211,MEM-05602,2025-04-21
REF-000161,PRV-235,PRV-722,FAC-034,MEM-01324,2025-04-21
REF-000162,PRV-432,PRV-637,FAC-211,MEM-05950,2025-04-22
REF-000163,PRV-186,PRV-124,FAC-141,MEM-00825,2025-04-22
REF-000164,PRV-991,PRV-098,FAC-221,MEM-05594,2025-04-22
REF-000165,PRV-559,PRV-438,FAC-153,MEM-01822,2025-04-22
REF-000166,PRV-969,PRV-761,FAC-034,MEM-11707,2025-04-22
REF-000167,PRV-360,PRV-533,FAC-229,MEM-03248,2025-04-22
REF-000168,PRV-436,PRV-347,FAC-187,MEM-11550,2025-04-22
REF-000169,PRV-598,PRV-755,FAC-248,MEM-09901,2025-04-22
REF-000170,PRV-907,PRV-822,FAC-063,MEM-06801,2025-04-22
REF-000171,PRV-997,PRV-497,FAC-099,MEM-08644,2025-04-23
REF-000172,PRV-446,PRV-050,FAC-139,MEM-02154,2025-04-23
REF-000173,PRV-907,PRV-871,FAC-057,MEM-01210,2025-04-23
REF-000174,PRV-307,PRV-086,FAC-011,MEM-06105,2025-04-24
REF-000175,PRV-434,PRV-580,FAC-046,MEM-00012,2025-04-24
REF-000176,PRV-969,PRV-761,FAC-034,MEM-08331,2025-04-24
REF-000177,PRV-579,PRV-773,FAC-110,MEM-00199,2025-04-24
REF-000178,PRV-907,PRV-871,FAC-057,MEM-07450,2025-04-24
REF-000179,PRV-714,PRV-240,FAC-042,MEM-05022,2025-04-25
REF-000180,PRV-907,PRV-819,FAC-074,MEM-03822,2025-04-25
REF-000181,PRV-856,PRV-631,FAC-032,MEM-10124,2025-04-25
REF-000182,PRV-907,PRV-582,FAC-146,MEM-11318,2025-04-25
REF-000183,PRV-907,PRV-582,FAC-146,MEM-10127,2025-04-26
REF-000184,PRV-843,PRV-963,FAC-095,MEM-11057,2025-04-26
REF-000185,PRV-661,PRV-208,FAC-237,MEM-08665,2025-04-26
REF-000186,PRV-688,PRV-518,FAC-176,MEM-10149,2025-04-26
REF-000187,PRV-229,PRV-159,FAC-170,MEM-09749,2025-04-26
REF-000188,PRV-341,PRV-492,FAC-126,MEM-11220,2025-04-26
REF-000189,PRV-507,PRV-191,FAC-189,MEM-09144,2025-04-27
REF-000190,PRV-921,PRV-748,FAC-220,MEM-00561,2025-04-27
REF-000191,PRV-059,PRV-561,FAC-080,MEM-03648,2025-04-27
REF-000192,PRV-859,PRV-592,FAC-121,MEM-01265,2025-04-27
REF-000193,PRV-714,PRV-240,FAC-042,MEM-02964,2025-04-27
REF-000194,PRV-718,PRV-233,FAC-099,MEM-01387,2025-04-27
REF-000195,PRV-414,PRV-545,FAC-185,MEM-02819,2025-04-28
REF-000196,PRV-011,PRV-497,FAC-099,MEM-08661,2025-04-28
REF-000197,PRV-559,PRV-438,FAC-153,MEM-09810,2025-04-28
REF-000198,PRV-051,PRV-776,FAC-252,MEM-11584,2025-04-28
REF-000199,PRV-005,PRV-987,FAC-090,MEM-11813,2025-04-28
REF-000200,PRV-817,PRV-745,FAC-001,MEM-03017,2025-04-28
REF-000201,PRV-392,PRV-616,FAC-130,MEM-09702,2025-04-28
REF-000202,PRV-907,PRV-819,FAC-074,MEM-07941,2025-04-28
REF-000203,PRV-658,PRV-002,FAC-205,MEM-02304,2025-04-28
REF-000204,PRV-766,PRV-868,FAC-003,MEM-04822,2025-04-29
REF-000205,PRV-194,PRV-562,FAC-210,MEM-09624,2025-04-29
REF-000206,PRV-916,PRV-606,FAC-197,MEM-08157,2025-04-29
REF-000207,PRV-366,PRV-528,FAC-001,MEM-03001,2025-04-29
REF-000208,PRV-920,PRV-144,FAC-173,MEM-02858,2025-04-29
REF-000209,PRV-907,PRV-444,FAC-239,MEM-09505,2025-04-30
REF-000210,PRV-363,PRV-792,FAC-180,MEM-03880,2025-04-30
REF-000211,PRV-714,PRV-240,FAC-042,MEM-03399,2025-04-30
REF-000212,PRV-410,PRV-017,FAC-255,MEM-05359,2025-04-30
REF-000213,PRV-759,PRV-231,FAC-146,MEM-00520,2025-04-30
REF-000214,PRV-839,PRV-357,FAC-086,MEM-08932,2025-04-30
REF-000215,PRV-520,PRV-047,FAC-127,MEM-01829,2025-04-30
REF-000216,PRV-521,PRV-591,FAC-059,MEM-05561,2025-04-30
REF-000217,PRV-839,PRV-926,FAC-231,MEM-01314,2025-04-30
REF-000218,PRV-907,PRV-159,FAC-170,MEM-11112,2025-04-30
REF-000219,PRV-560,PRV-506,FAC-101,MEM-08227,2025-05-01
REF-000220,PRV-907,PRV-444,FAC-239,MEM-11473,2025-05-01
REF-000221,PRV-560,PRV-640,FAC-063,MEM-02287,2025-05-01
REF-000222,PRV-916,PRV-912,FAC-160,MEM-08320,2025-05-01
REF-000223,PRV-593,PRV-385,FAC-131,MEM-04625,2025-05-01
REF-000224,PRV-541,PRV-599,FAC-254,MEM-03982,2025-05-01
REF-000225,PRV-714,PRV-009,FAC-004,MEM-04064,2025-05-01
REF-000226,PRV-907,PRV-223,FAC-039,MEM-04852,2025-05-01
REF-000227,PRV-411,PRV-852,FAC-218,MEM-06663,2025-05-01
REF-000228,PRV-659,PRV-797,FAC-217,MEM-05428,2025-05-01
REF-000229,PRV-996,PRV-802,FAC-149,MEM-04114,2025-05-01
REF-000230,PRV-752,PRV-884,FAC-012,MEM-10828,2025-05-01
REF-000231,PRV-907,PRV-819,FAC-074,MEM-07499,2025-05-02
REF-000232,PRV-907,PRV-582,FAC-146,MEM-03022,2025-05-02
REF-000233,PRV-714,PRV-240,FAC-042,MEM-03134,2025-05-02
REF-000234,PRV-843,PRV-963,FAC-095,MEM-02196,2025-05-02
REF-000235,PRV-507,PRV-930,FAC-012,MEM-03831,2025-05-02
REF-000236,PRV-638,PRV-653,FAC-046,MEM-11121,2025-05-02
REF-000237,PRV-021,PRV-549,FAC-088,MEM-10441,2025-05-02
REF-000238,PRV-486,PRV-534,FAC-004,MEM-06260,2025-05-02
REF-000239,PRV-907,PRV-444,FAC-239,MEM-05024,2025-05-02
REF-000240,PRV-907,PRV-871,FAC-057,MEM-05965,2025-05-02
REF-000241,PRV-952,PRV-855,FAC-253,MEM-09512,2025-05-03
REF-000242,PRV-721,PRV-122,FAC-165,MEM-02064,2025-05-03
REF-000243,PRV-883,PRV-278,FAC-207,MEM-08882,2025-05-03
REF-000244,PRV-746,PRV-285,FAC-101,MEM-07584,2025-05-03
REF-000245,PRV-973,PRV-140,FAC-073,MEM-05360,2025-05-03
REF-000246,PRV-714,PRV-009,FAC-004,MEM-06077,2025-05-03
REF-000247,PRV-870,PRV-807,FAC-153,MEM-06677,2025-05-04
REF-000248,PRV-661,PRV-324,FAC-032,MEM-03180,2025-05-04
REF-000249,PRV-384,PRV-624,FAC-253,MEM-06462,2025-05-04
REF-000250,PRV-907,PRV-871,FAC-057,MEM-01651,2025-05-04
REF-000251,PRV-496,PRV-431,FAC-092,MEM-04172,2025-05-04
REF-000252,PRV-085,PRV-087,FAC-030,MEM-05153,2025-05-04
REF-000253,PRV-950,PRV-286,FAC-060,MEM-09791,2025-05-04
REF-000254,PRV-736,PRV-145,FAC-154,MEM-11449,2025-05-04
REF-000255,PRV-085,PRV-087,FAC-030,MEM-10433,2025-05-05
REF-000256,PRV-907,PRV-582,FAC-146,MEM-01756,2025-05-05
REF-000257,PRV-973,PRV-498,FAC-166,MEM-03739,2025-05-05
REF-000258,PRV-366,PRV-528,FAC-001,MEM-06669,2025-05-06
REF-000259,PRV-789,PRV-381,FAC-027,MEM-00084,2025-05-06
REF-000260,PRV-718,PRV-792,FAC-180,MEM-00368,2025-05-06
REF-000261,PRV-907,PRV-223,FAC-039,MEM-11073,2025-05-07
REF-000262,PRV-867,PRV-236,FAC-222,MEM-04622,2025-05-07
REF-000263,PRV-235,PRV-976,FAC-113,MEM-08787,2025-05-07
REF-000264,PRV-059,PRV-748,FAC-220,MEM-11064,2025-05-07
REF-000265,PRV-660,PRV-792,FAC-180,MEM-07027,2025-05-07
REF-000266,PRV-222,PRV-586,FAC-054,MEM-08789,2025-05-07
REF-000267,PRV-907,PRV-444,FAC-239,MEM-08065,2025-05-07
REF-000268,PRV-907,PRV-444,FAC-239,MEM-02967,2025-05-07
REF-000269,PRV-178,PRV-070,FAC-006,MEM-11236,2025-05-08
REF-000270,PRV-507,PRV-337,FAC-220,MEM-10496,2025-05-08
REF-000271,PRV-230,PRV-951,FAC-031,MEM-09142,2025-05-08
REF-000272,PRV-907,PRV-871,FAC-057,MEM-03113,2025-05-08
REF-000273,PRV-907,PRV-223,FAC-039,MEM-08449,2025-05-08
REF-000274,PRV-006,PRV-858,FAC-006,MEM-00427,2025-05-08
REF-000275,PRV-907,PRV-582,FAC-146,MEM-08320,2025-05-08
REF-000276,PRV-410,PRV-017,FAC-219,MEM-06163,2025-05-08
REF-000277,PRV-934,PRV-666,FAC-237,MEM-02912,2025-05-08
REF-000278,PRV-714,PRV-009,FAC-004,MEM-06464,2025-05-08
REF-000279,PRV-625,PRV-551,FAC-176,MEM-05241,2025-05-08
REF-000280,PRV-612,PRV-597,FAC-143,MEM-02010,2025-05-08
REF-000281,PRV-182,PRV-853,FAC-247,MEM-03308,2025-05-08
REF-000282,PRV-421,PRV-253,FAC-177,MEM-07789,2025-05-08
REF-000283,PRV-907,PRV-581,FAC-231,MEM-06759,2025-05-09
REF-000284,PRV-045,PRV-764,FAC-234,MEM-07981,2025-05-09
REF-000285,PRV-416,PRV-231,FAC-146,MEM-05667,2025-05-09
REF-000286,PRV-316,PRV-942,FAC-109,MEM-07572,2025-05-09
REF-000287,PRV-131,PRV-941,FAC-097,MEM-07444,2025-05-09
REF-000288,PRV-138,PRV-534,FAC-004,MEM-09260,2025-05-09
REF-000289,PRV-953,PRV-728,FAC-204,MEM-02225,2025-05-09
REF-000290,PRV-885,PRV-963,FAC-095,MEM-08035,2025-05-09
REF-000291,PRV-907,PRV-871,FAC-057,MEM-03142,2025-05-09
REF-000292,PRV-085,PRV-087,FAC-030,MEM-05848,2025-05-10
REF-000293,PRV-168,PRV-465,FAC-202,MEM-03619,2025-05-10
REF-000294,PRV-493,PRV-348,FAC-203,MEM-10254,2025-05-10
REF-000295,PRV-662,PRV-500,FAC-058,MEM-09808,2025-05-10
REF-000296,PRV-539,PRV-986,FAC-247,MEM-10293,2025-05-10
REF-000297,PRV-907,PRV-819,FAC-074,MEM-05014,2025-05-10
REF-000298,PRV-363,PRV-642,FAC-235,MEM-05316,2025-05-10
REF-000299,PRV-123,PRV-179,FAC-108,MEM-05826,2025-05-11
REF-000300,PRV-477,PRV-801,FAC-121,MEM-04770,2025-05-11
REF-000301,PRV-059,PRV-561,FAC-080,MEM-11880,2025-05-11
REF-000302,PRV-714,PRV-009,FAC-004,MEM-04590,2025-05-11
REF-000303,PRV-051,PRV-179,FAC-108,MEM-10361,2025-05-11
REF-000304,PRV-744,PRV-852,FAC-218,MEM-06663,2025-05-11
REF-000305,PRV-911,PRV-821,FAC-093,MEM-08670,2025-05-11
REF-000306,PRV-856,PRV-012,FAC-102,MEM-01764,2025-05-12
REF-000307,PRV-510,PRV-671,FAC-142,MEM-05316,2025-05-12
REF-000308,PRV-714,PRV-009,FAC-004,MEM-11162,2025-05-12
REF-000309,PRV-907,PRV-444,FAC-239,MEM-01864,2025-05-12
REF-000310,PRV-903,PRV-303,FAC-244,MEM-03736,2025-05-12
REF-000311,PRV-435,PRV-223,FAC-039,MEM-07204,2025-05-12
REF-000312,PRV-393,PRV-720,FAC-120,MEM-08469,2025-05-13
REF-000313,PRV-333,PRV-948,FAC-101,MEM-10617,2025-05-13
REF-000314,PRV-440,PRV-648,FAC-160,MEM-11378,2025-05-13
REF-000315,PRV-190,PRV-898,FAC-176,MEM-05834,2025-05-13
REF-000316,PRV-074,PRV-716,FAC-083,MEM-02473,2025-05-13
REF-000317,PRV-625,PRV-462,FAC-035,MEM-06411,2025-05-13
REF-000318,PRV-823,PRV-630,FAC-014,MEM-08142,2025-05-13
REF-000319,PRV-714,PRV-240,FAC-042,MEM-05328,2025-05-13
REF-000320,PRV-759,PRV-740,FAC-153,MEM-11815,2025-05-14
REF-000321,PRV-085,PRV-087,FAC-030,MEM-11716,2025-05-14
REF-000322,PRV-496,PRV-061,FAC-003,MEM-11094,2025-05-14
REF-000323,PRV-085,PRV-087,FAC-030,MEM-07315,2025-05-14
REF-000324,PRV-136,PRV-312,FAC-108,MEM-06498,2025-05-15
REF-000325,PRV-749,PRV-892,FAC-103,MEM-06346,2025-05-15
REF-000326,PRV-064,PRV-480,FAC-191,MEM-05908,2025-05-15
REF-000327,PRV-484,PRV-849,FAC-222,MEM-04800,2025-05-15
REF-000328,PRV-488,PRV-433,FAC-219,MEM-07495,2025-05-15
REF-000329,PRV-907,PRV-348,FAC-203,MEM-04662,2025-05-15
REF-000330,PRV-907,PRV-819,FAC-074,MEM-09064,2025-05-15
REF-000331,PRV-595,PRV-398,FAC-010,MEM-11219,2025-05-15
REF-000332,PRV-796,PRV-724,FAC-153,MEM-05205,2025-05-15
REF-000333,PRV-856,PRV-012,FAC-102,MEM-01170,2025-05-16
REF-000334,PRV-507,PRV-526,FAC-044,MEM-01774,2025-05-16
REF-000335,PRV-907,PRV-819,FAC-074,MEM-10006,2025-05-16
REF-000336,PRV-006,PRV-858,FAC-006,MEM-04177,2025-05-16
REF-000337,PRV-618,PRV-127,FAC-040,MEM-10362,2025-05-16
REF-000338,PRV-550,PRV-630,FAC-014,MEM-01915,2025-05-17
REF-000339,PRV-087,PRV-089,FAC-174,MEM-02971,2025-05-17
REF-000340,PRV-907,PRV-444,FAC-239,MEM-08370,2025-05-17
REF-000341,PRV-900,PRV-053,FAC-154,MEM-00971,2025-05-17
REF-000342,PRV-576,PRV-852,FAC-218,MEM-02697,2025-05-17
REF-000343,PRV-907,PRV-581,FAC-197,MEM-00113,2025-05-17
REF-000344,PRV-798,PRV-472,FAC-187,MEM-06848,2025-05-17
REF-000345,PRV-416,PRV-753,FAC-153,MEM-05531,2025-05-17
REF-000346,PRV-835,PRV-804,FAC-252,MEM-06364,2025-05-17
REF-000347,PRV-487,PRV-155,FAC-031,MEM-07141,2025-05-17
REF-000348,PRV-508,PRV-755,FAC-248,MEM-11955,2025-05-18
REF-000349,PRV-662,PRV-500,FAC-058,MEM-09808,2025-05-18
REF-000350,PRV-440,PRV-343,FAC-211,MEM-11040,2025-05-18
REF-000351,PRV-128,PRV-556,FAC-090,MEM-04887,2025-05-18
REF-000352,PRV-907,PRV-444,FAC-239,MEM-07578,2025-05-18
REF-000353,PRV-907,PRV-581,FAC-231,MEM-06543,2025-05-18
REF-000354,PRV-907,PRV-348,FAC-203,MEM-04318,2025-05-18
REF-000355,PRV-250,PRV-303,FAC-244,MEM-08442,2025-05-18
REF-000356,PRV-691,PRV-571,FAC-108,MEM-08403,2025-05-18
REF-000357,PRV-997,PRV-930,FAC-012,MEM-08322,2025-05-18
REF-000358,PRV-714,PRV-009,FAC-004,MEM-08115,2025-05-19
REF-000359,PRV-635,PRV-910,FAC-202,MEM-00003,2025-05-19
REF-000360,PRV-706,PRV-910,FAC-202,MEM-05353,2025-05-19
REF-000361,PRV-087,PRV-089,FAC-174,MEM-08139,2025-05-19
REF-000362,PRV-252,PRV-244,FAC-180,MEM-01136,2025-05-19
REF-000363,PRV-087,PRV-088,FAC-229,MEM-10342,2025-05-19
REF-000364,PRV-907,PRV-582,FAC-146,MEM-02360,2025-05-19
REF-000365,PRV-796,PRV-724,FAC-153,MEM-01542,2025-05-19
REF-000366,PRV-150,PRV-787,FAC-210,MEM-05084,2025-05-19
REF-000367,PRV-848,PRV-044,FAC-229,MEM-05912,2025-05-19
REF-000368,PRV-744,PRV-471,FAC-143,MEM-01852,2025-05-19
REF-000369,PRV-296,PRV-530,FAC-026,MEM-05435,2025-05-20
REF-000370,PRV-714,PRV-009,FAC-004,MEM-08177,2025-05-21
REF-000371,PRV-907,PRV-871,FAC-057,MEM-02609,2025-05-21
REF-000372,PRV-714,PRV-009,FAC-004,MEM-00614,2025-05-21
REF-000373,PRV-867,PRV-470,FAC-078,MEM-07811,2025-05-21
REF-000374,PRV-536,PRV-437,FAC-160,MEM-11598,2025-05-21
REF-000375,PRV-907,PRV-581,FAC-231,MEM-00137,2025-05-21
REF-000376,PRV-907,PRV-581,FAC-231,MEM-00246,2025-05-21
REF-000377,PRV-907,PRV-581,FAC-231,MEM-03430,2025-05-21
REF-000378,PRV-950,PRV-323,FAC-151,MEM-03347,2025-05-21
REF-000379,PRV-907,PRV-582,FAC-146,MEM-03305,2025-05-21
REF-000380,PRV-907,PRV-582,FAC-146,MEM-05213,2025-05-21
REF-000381,PRV-907,PRV-582,FAC-146,MEM-10958,2025-05-21
REF-000382,PRV-907,PRV-581,FAC-231,MEM-10006,2025-05-21
REF-000383,PRV-083,PRV-854,FAC-184,MEM-01233,2025-05-21
REF-000384,PRV-907,PRV-819,FAC-221,MEM-11402,2025-05-22
REF-000385,PRV-356,PRV-162,FAC-217,MEM-03802,2025-05-22
REF-000386,PRV-101,PRV-188,FAC-163,MEM-10423,2025-05-22
REF-000387,PRV-085,PRV-087,FAC-030,MEM-08000,2025-05-22
REF-000388,PRV-607,PRV-642,FAC-235,MEM-03438,2025-05-22
REF-000389,PRV-907,PRV-444,FAC-239,MEM-06329,2025-05-22
REF-000390,PRV-085,PRV-087,FAC-030,MEM-10347,2025-05-22
REF-000391,PRV-192,PRV-135,FAC-100,MEM-07572,2025-05-23
REF-000392,PRV-907,PRV-223,FAC-039,MEM-11634,2025-05-23
REF-000393,PRV-021,PRV-918,FAC-103,MEM-02300,2025-05-23
REF-000394,PRV-798,PRV-734,FAC-150,MEM-00871,2025-05-23
REF-000395,PRV-907,PRV-444,FAC-239,MEM-04085,2025-05-23
REF-000396,PRV-907,PRV-819,FAC-074,MEM-02136,2025-05-23
REF-000397,PRV-085,PRV-087,FAC-030,MEM-05549,2025-05-24
REF-000398,PRV-848,PRV-828,FAC-208,MEM-07358,2025-05-24
REF-000399,PRV-432,PRV-001,FAC-113,MEM-01019,2025-05-24
REF-000400,PRV-907,PRV-819,FAC-074,MEM-03010,2025-05-24
REF-000401,PRV-992,PRV-247,FAC-227,MEM-06842,2025-05-24
REF-000402,PRV-229,PRV-790,FAC-037,MEM-00353,2025-05-24
REF-000403,PRV-907,PRV-871,FAC-057,MEM-10453,2025-05-24
REF-000404,PRV-907,PRV-581,FAC-231,MEM-08762,2025-05-24
REF-000405,PRV-550,PRV-558,FAC-068,MEM-07194,2025-05-25
REF-000406,PRV-393,PRV-153,FAC-239,MEM-03807,2025-05-25
REF-000407,PRV-085,PRV-087,FAC-030,MEM-07346,2025-05-25
REF-000408,PRV-309,PRV-827,FAC-207,MEM-04930,2025-05-25
REF-000409,PRV-714,PRV-240,FAC-042,MEM-09643,2025-05-26
REF-000410,PRV-024,PRV-975,FAC-255,MEM-00909,2025-05-26
REF-000411,PRV-907,PRV-871,FAC-057,MEM-06823,2025-05-26
REF-000412,PRV-900,PRV-923,FAC-152,MEM-06946,2025-05-26
REF-000413,PRV-994,PRV-491,FAC-032,MEM-06923,2025-05-26
REF-000414,PRV-907,PRV-819,FAC-074,MEM-00532,2025-05-26
REF-000415,PRV-752,PRV-106,FAC-156,MEM-05418,2025-05-26
REF-000416,PRV-907,PRV-871,FAC-057,MEM-00207,2025-05-26
REF-000417,PRV-416,PRV-156,FAC-022,MEM-04327,2025-05-26
REF-000418,PRV-907,PRV-223,FAC-039,MEM-05689,2025-05-26
REF-000419,PRV-782,PRV-937,FAC-207,MEM-02075,2025-05-26
REF-000420,PRV-717,PRV-109,FAC-174,MEM-06538,2025-05-27
REF-000421,PRV-239,PRV-053,FAC-154,MEM-11530,2025-05-27
REF-000422,PRV-921,PRV-748,FAC-220,MEM-01989,2025-05-27
REF-000423,PRV-714,PRV-009,FAC-004,MEM-03526,2025-05-27
REF-000424,PRV-861,PRV-591,FAC-059,MEM-06641,2025-05-27
REF-000425,PRV-917,PRV-189,FAC-173,MEM-00460,2025-05-27
REF-000426,PRV-178,PRV-775,FAC-031,MEM-09641,2025-05-27
REF-000427,PRV-272,PRV-929,FAC-168,MEM-11558,2025-05-27
REF-000428,PRV-907,PRV-819,FAC-074,MEM-11362,2025-05-27
REF-000429,PRV-907,PRV-581,FAC-231,MEM-10259,2025-05-27
REF-000430,PRV-087,PRV-089,FAC-174,MEM-03119,2025-05-28
REF-000431,PRV-486,PRV-571,FAC-108,MEM-10492,2025-05-28
REF-000432,PRV-744,PRV-034,FAC-054,MEM-11763,2025-05-29
REF-000433,PRV-907,PRV-581,FAC-231,MEM-04326,2025-05-29
REF-000434,PRV-003,PRV-264,FAC-203,MEM-01986,2025-05-30
REF-000435,PRV-965,PRV-938,FAC-099,MEM-11184,2025-05-30
REF-000436,PRV-714,PRV-240,FAC-042,MEM-03427,2025-05-30
REF-000437,PRV-907,PRV-871,FAC-057,MEM-03813,2025-05-30
REF-000438,PRV-085,PRV-087,FAC-030,MEM-10159,2025-05-30
REF-000439,PRV-714,PRV-009,FAC-004,MEM-08290,2025-05-30
REF-000440,PRV-085,PRV-087,FAC-030,MEM-03922,2025-05-30
REF-000441,PRV-366,PRV-784,FAC-103,MEM-00696,2025-05-30
REF-000442,PRV-015,PRV-243,FAC-173,MEM-08795,2025-05-30
REF-000443,PRV-085,PRV-087,FAC-030,MEM-05209,2025-05-30
REF-000444,PRV-259,PRV-850,FAC-014,MEM-00972,2025-05-30
REF-000445,PRV-714,PRV-009,FAC-004,MEM-05197,2025-05-31
REF-000446,PRV-907,PRV-871,FAC-057,MEM-10014,2025-05-31
REF-000447,PRV-907,PRV-871,FAC-057,MEM-04714,2025-05-31
REF-000448,PRV-851,PRV-256,FAC-002,MEM-09782,2025-05-31
REF-000449,PRV-717,PRV-525,FAC-102,MEM-06324,2025-05-31
REF-000450,PRV-907,PRV-819,FAC-074,MEM-00663,2025-05-31
REF-000451,PRV-907,PRV-581,FAC-197,MEM-02506,2025-05-31
REF-000452,PRV-707,PRV-033,FAC-157,MEM-08214,2025-05-31
REF-000453,PRV-907,PRV-444,FAC-239,MEM-08302,2025-05-31
REF-000454,PRV-907,PRV-871,FAC-057,MEM-10838,2025-06-01
REF-000455,PRV-714,PRV-009,FAC-004,MEM-07918,2025-06-01
REF-000456,PRV-907,PRV-444,FAC-239,MEM-10058,2025-06-01
REF-000457,PRV-911,PRV-280,FAC-060,MEM-04923,2025-06-01
REF-000458,PRV-714,PRV-009,FAC-004,MEM-05980,2025-06-01
REF-000459,PRV-714,PRV-226,FAC-151,MEM-06258,2025-06-01
REF-000460,PRV-085,PRV-087,FAC-030,MEM-03785,2025-06-01
REF-000461,PRV-190,PRV-898,FAC-176,MEM-06235,2025-06-01
REF-000462,PRV-907,PRV-871,FAC-057,MEM-09024,2025-06-01
REF-000463,PRV-907,PRV-223,FAC-039,MEM-10291,2025-06-01
REF-000464,PRV-612,PRV-245,FAC-058,MEM-11696,2025-06-01
REF-000465,PRV-537,PRV-345,FAC-207,MEM-08394,2025-06-02
REF-000466,PRV-410,PRV-017,FAC-255,MEM-09335,2025-06-02
REF-000467,PRV-392,PRV-616,FAC-130,MEM-06586,2025-06-02
REF-000468,PRV-087,PRV-089,FAC-174,MEM-10414,2025-06-02
REF-000469,PRV-907,PRV-223,FAC-039,MEM-10306,2025-06-02
REF-000470,PRV-296,PRV-530,FAC-026,MEM-11697,2025-06-02
REF-000471,PRV-911,PRV-968,FAC-114,MEM-08927,2025-06-02
REF-000472,PRV-907,PRV-444,FAC-239,MEM-05752,2025-06-02
REF-000473,PRV-973,PRV-004,FAC-001,MEM-10670,2025-06-02
REF-000474,PRV-885,PRV-548,FAC-123,MEM-05669,2025-06-02
REF-000475,PRV-714,PRV-240,FAC-042,MEM-00049,2025-06-03
REF-000476,PRV-227,PRV-773,FAC-110,MEM-05149,2025-06-03
REF-000477,PRV-085,PRV-087,FAC-030,MEM-09562,2025-06-03
REF-000478,PRV-721,PRV-092,FAC-191,MEM-09676,2025-06-04
REF-000479,PRV-706,PRV-038,FAC-199,MEM-09369,2025-06-04
REF-000480,PRV-543,PRV-643,FAC-109,MEM-01054,2025-06-04
REF-000481,PRV-020,PRV-572,FAC-046,MEM-05151,2025-06-04
REF-000482,PRV-907,PRV-871,FAC-057,MEM-06207,2025-06-04
REF-000483,PRV-714,PRV-009,FAC-004,MEM-09628,2025-06-04
REF-000484,PRV-714,PRV-240,FAC-042,MEM-08446,2025-06-04
REF-000485,PRV-410,PRV-017,FAC-255,MEM-08730,2025-06-04
REF-000486,PRV-907,PRV-582,FAC-146,MEM-06297,2025-06-04
REF-000487,PRV-487,PRV-375,FAC-031,MEM-05898,2025-06-05
REF-000488,PRV-660,PRV-792,FAC-180,MEM-03045,2025-06-05
REF-000489,PRV-996,PRV-802,FAC-149,MEM-01973,2025-06-05
REF-000490,PRV-307,PRV-347,FAC-187,MEM-10103,2025-06-05
REF-000491,PRV-346,PRV-476,FAC-123,MEM-08726,2025-06-05
REF-000492,PRV-182,PRV-751,FAC-162,MEM-02043,2025-06-05
REF-000493,PRV-746,PRV-592,FAC-101,MEM-10867,2025-06-05
REF-000494,PRV-138,PRV-534,FAC-060,MEM-02687,2025-06-05
REF-000495,PRV-380,PRV-285,FAC-101,MEM-01859,2025-06-05
REF-000496,PRV-779,PRV-519,FAC-246,MEM-00484,2025-06-05
REF-000497,PRV-524,PRV-728,FAC-204,MEM-10292,2025-06-05
REF-000498,PRV-907,PRV-581,FAC-231,MEM-07386,2025-06-06
REF-000499,PRV-046,PRV-073,FAC-053,MEM-06738,2025-06-06
REF-000500,PRV-469,PRV-497,FAC-099,MEM-08084,2025-06-06
REF-000501,PRV-870,PRV-640,FAC-063,MEM-02807,2025-06-06
REF-000502,PRV-916,PRV-675,FAC-260,MEM-11466,2025-06-06
REF-000503,PRV-714,PRV-009,FAC-004,MEM-08950,2025-06-07
REF-000504,PRV-190,PRV-492,FAC-126,MEM-02712,2025-06-07
REF-000505,PRV-782,PRV-828,FAC-208,MEM-02682,2025-06-07
REF-000506,PRV-085,PRV-087,FAC-030,MEM-11114,2025-06-07
REF-000507,PRV-907,PRV-819,FAC-074,MEM-10291,2025-06-07
REF-000508,PRV-638,PRV-294,FAC-253,MEM-04065,2025-06-07
REF-000509,PRV-087,PRV-088,FAC-229,MEM-00919,2025-06-08
REF-000510,PRV-087,PRV-088,FAC-229,MEM-03269,2025-06-08
REF-000511,PRV-907,PRV-871,FAC-057,MEM-06197,2025-06-08
REF-000512,PRV-595,PRV-809,FAC-172,MEM-03873,2025-06-08
REF-000513,PRV-749,PRV-860,FAC-001,MEM-01516,2025-06-08
REF-000514,PRV-021,PRV-180,FAC-084,MEM-07590,2025-06-08
REF-000515,PRV-173,PRV-159,FAC-170,MEM-01604,2025-06-08
REF-000516,PRV-714,PRV-240,FAC-042,MEM-09399,2025-06-08
REF-000517,PRV-128,PRV-556,FAC-090,MEM-02971,2025-06-08
REF-000518,PRV-714,PRV-009,FAC-004,MEM-09333,2025-06-08
REF-000519,PRV-617,PRV-509,FAC-205,MEM-06125,2025-06-08
REF-000520,PRV-662,PRV-954,FAC-159,MEM-04876,2025-06-09
REF-000521,PRV-239,PRV-035,FAC-183,MEM-07967,2025-06-09
REF-000522,PRV-366,PRV-689,FAC-174,MEM-03326,2025-06-09
REF-000523,PRV-131,PRV-821,FAC-093,MEM-03294,2025-06-09
REF-000524,PRV-511,PRV-768,FAC-077,MEM-06435,2025-06-09
REF-000525,PRV-907,PRV-871,FAC-057,MEM-02746,2025-06-09
REF-000526,PRV-907,PRV-581,FAC-231,MEM-07616,2025-06-09
REF-000527,PRV-085,PRV-087,FAC-030,MEM-07643,2025-06-10
REF-000528,PRV-907,PRV-223,FAC-039,MEM-02583,2025-06-10
REF-000529,PRV-384,PRV-430,FAC-004,MEM-05086,2025-06-10
REF-000530,PRV-307,PRV-280,FAC-060,MEM-00641,2025-06-10
REF-000531,PRV-211,PRV-084,FAC-235,MEM-02719,2025-06-10
REF-000532,PRV-346,PRV-676,FAC-070,MEM-01333,2025-06-10
REF-000533,PRV-760,PRV-574,FAC-227,MEM-06000,2025-06-10
REF-000534,PRV-779,PRV-519,FAC-246,MEM-03031,2025-06-10
REF-000535,PRV-706,PRV-038,FAC-199,MEM-04639,2025-06-10
REF-000536,PRV-883,PRV-109,FAC-174,MEM-11093,2025-06-10
REF-000537,PRV-085,PRV-087,FAC-030,MEM-01439,2025-06-11
REF-000538,PRV-714,PRV-240,FAC-042,MEM-08859,2025-06-11
REF-000539,PRV-085,PRV-087,FAC-030,MEM-05678,2025-06-11
REF-000540,PRV-064,PRV-081,FAC-073,MEM-09673,2025-06-11
REF-000541,PRV-760,PRV-423,FAC-205,MEM-00528,2025-06-11
REF-000542,PRV-851,PRV-266,FAC-163,MEM-00143,2025-06-11
REF-000543,PRV-907,PRV-819,FAC-074,MEM-01258,2025-06-11
REF-000544,PRV-269,PRV-049,FAC-132,MEM-11865,2025-06-11
REF-000545,PRV-907,PRV-444,FAC-239,MEM-02467,2025-06-11
REF-000546,PRV-087,PRV-089,FAC-174,MEM-10726,2025-06-11
REF-000547,PRV-421,PRV-355,FAC-108,MEM-10110,2025-06-12
REF-000548,PRV-537,PRV-345,FAC-207,MEM-08821,2025-06-12
REF-000549,PRV-058,PRV-455,FAC-149,MEM-03147,2025-06-12
REF-000550,PRV-262,PRV-217,FAC-166,MEM-06590,2025-06-12
REF-000551,PRV-706,PRV-910,FAC-202,MEM-08969,2025-06-12
REF-000552,PRV-737,PRV-765,FAC-048,MEM-01789,2025-06-12
REF-000553,PRV-346,PRV-476,FAC-123,MEM-08069,2025-06-12
REF-000554,PRV-440,PRV-343,FAC-211,MEM-02202,2025-06-12
REF-000555,PRV-416,PRV-260,FAC-074,MEM-03560,2025-06-13
REF-000556,PRV-269,PRV-050,FAC-139,MEM-10647,2025-06-13
REF-000557,PRV-252,PRV-747,FAC-069,MEM-03418,2025-06-13
REF-000558,PRV-458,PRV-100,FAC-018,MEM-03633,2025-06-13
REF-000559,PRV-907,PRV-223,FAC-039,MEM-02917,2025-06-13
REF-000560,PRV-706,PRV-551,FAC-176,MEM-09624,2025-06-13
REF-000561,PRV-085,PRV-087,FAC-030,MEM-01642,2025-06-13
REF-000562,PRV-907,PRV-223,FAC-039,MEM-06248,2025-06-14
REF-000563,PRV-664,PRV-306,FAC-003,MEM-01776,2025-06-14
REF-000564,PRV-839,PRV-926,FAC-231,MEM-07766,2025-06-14
REF-000565,PRV-634,PRV-932,FAC-160,MEM-04773,2025-06-14
REF-000566,PRV-744,PRV-047,FAC-127,MEM-07377,2025-06-14
REF-000567,PRV-288,PRV-611,FAC-154,MEM-07087,2025-06-14
REF-000568,PRV-907,PRV-581,FAC-231,MEM-05634,2025-06-14
REF-000569,PRV-714,PRV-009,FAC-004,MEM-11781,2025-06-14
REF-000570,PRV-907,PRV-581,FAC-231,MEM-11754,2025-06-14
REF-000571,PRV-749,PRV-986,FAC-247,MEM-01487,2025-06-14
REF-000572,PRV-907,PRV-581,FAC-231,MEM-02994,2025-06-14
REF-000573,PRV-625,PRV-462,FAC-035,MEM-06620,2025-06-14
REF-000574,PRV-972,PRV-886,FAC-128,MEM-11724,2025-06-14
REF-000575,PRV-782,PRV-418,FAC-208,MEM-03800,2025-06-14
REF-000576,PRV-275,PRV-879,FAC-034,MEM-03987,2025-06-14
REF-000577,PRV-907,PRV-582,FAC-146,MEM-06208,2025-06-15
REF-000578,PRV-907,PRV-819,FAC-074,MEM-11113,2025-06-15
REF-000579,PRV-064,PRV-093,FAC-073,MEM-06814,2025-06-15
REF-000580,PRV-856,PRV-196,FAC-095,MEM-01642,2025-06-15
REF-000581,PRV-907,PRV-819,FAC-221,MEM-08838,2025-06-15
REF-000582,PRV-714,PRV-009,FAC-004,MEM-10042,2025-06-15
REF-000583,PRV-607,PRV-642,FAC-235,MEM-05147,2025-06-15
REF-000584,PRV-085,PRV-087,FAC-030,MEM-09838,2025-06-15
REF-000585,PRV-907,PRV-223,FAC-039,MEM-07710,2025-06-16
REF-000586,PRV-422,PRV-888,FAC-123,MEM-11490,2025-06-16
REF-000587,PRV-823,PRV-545,FAC-185,MEM-10693,2025-06-16
REF-000588,PRV-613,PRV-814,FAC-205,MEM-05344,2025-06-16
REF-000589,PRV-018,PRV-864,FAC-093,MEM-11104,2025-06-16
REF-000590,PRV-085,PRV-087,FAC-030,MEM-02321,2025-06-16
REF-000591,PRV-907,PRV-444,FAC-239,MEM-03428,2025-06-16
REF-000592,PRV-087,PRV-089,FAC-174,MEM-10674,2025-06-17
REF-000593,PRV-411,PRV-540,FAC-143,MEM-00225,2025-06-17
REF-000594,PRV-714,PRV-009,FAC-004,MEM-00844,2025-06-17
REF-000595,PRV-907,PRV-444,FAC-239,MEM-03206,2025-06-17
REF-000596,PRV-782,PRV-268,FAC-075,MEM-08280,2025-06-17
REF-000597,PRV-907,PRV-871,FAC-057,MEM-02507,2025-06-17
REF-000598,PRV-907,PRV-444,FAC-239,MEM-02978,2025-06-17
REF-000599,PRV-952,PRV-274,FAC-078,MEM-05794,2025-06-17
REF-000600,PRV-164,PRV-945,FAC-191,MEM-08520,2025-06-18
REF-000601,PRV-415,PRV-608,FAC-169,MEM-00502,2025-06-18
REF-000602,PRV-333,PRV-437,FAC-160,MEM-11081,2025-06-18
REF-000603,PRV-508,PRV-119,FAC-210,MEM-11229,2025-06-18
REF-000604,PRV-296,PRV-530,FAC-026,MEM-05727,2025-06-18
REF-000605,PRV-085,PRV-087,FAC-030,MEM-11464,2025-06-18
REF-000606,PRV-006,PRV-858,FAC-006,MEM-08450,2025-06-18
REF-000607,PRV-609,PRV-065,FAC-151,MEM-07543,2025-06-18
REF-000608,PRV-087,PRV-089,FAC-174,MEM-00320,2025-06-18
REF-000609,PRV-644,PRV-365,FAC-097,MEM-08930,2025-06-18
REF-000610,PRV-085,PRV-087,FAC-030,MEM-03083,2025-06-18
REF-000611,PRV-714,PRV-009,FAC-004,MEM-09469,2025-06-19
REF-000612,PRV-714,PRV-009,FAC-004,MEM-11714,2025-06-19
REF-000613,PRV-087,PRV-088,FAC-229,MEM-08181,2025-06-19
REF-000614,PRV-973,PRV-268,FAC-237,MEM-01038,2025-06-19
REF-000615,PRV-984,PRV-566,FAC-090,MEM-05053,2025-06-19
REF-000616,PRV-346,PRV-476,FAC-123,MEM-02600,2025-06-20
REF-000617,PRV-907,PRV-444,FAC-239,MEM-01932,2025-06-20
REF-000618,PRV-762,PRV-902,FAC-063,MEM-04074,2025-06-20
REF-000619,PRV-959,PRV-770,FAC-047,MEM-10774,2025-06-20
REF-000620,PRV-283,PRV-072,FAC-141,MEM-03637,2025-06-20
REF-000621,PRV-309,PRV-918,FAC-103,MEM-00905,2025-06-20
REF-000622,PRV-085,PRV-087,FAC-030,MEM-03471,2025-06-20
REF-000623,PRV-952,PRV-872,FAC-059,MEM-07965,2025-06-20
REF-000624,PRV-907,PRV-871,FAC-057,MEM-03499,2025-06-20
REF-000625,PRV-115,PRV-990,FAC-098,MEM-08226,2025-06-21
REF-000626,PRV-744,PRV-442,FAC-036,MEM-05931,2025-06-21
REF-000627,PRV-762,PRV-902,FAC-063,MEM-01901,2025-06-21
REF-000628,PRV-006,PRV-055,FAC-057,MEM-09483,2025-06-21
REF-000629,PRV-714,PRV-240,FAC-042,MEM-06949,2025-06-21
REF-000630,PRV-297,PRV-070,FAC-006,MEM-07518,2025-06-22
REF-000631,PRV-126,PRV-454,FAC-194,MEM-00587,2025-06-22
REF-000632,PRV-539,PRV-042,FAC-159,MEM-08539,2025-06-22
REF-000633,PRV-988,PRV-671,FAC-142,MEM-09219,2025-06-22
REF-000634,PRV-995,PRV-284,FAC-175,MEM-08122,2025-06-22
REF-000635,PRV-907,PRV-819,FAC-074,MEM-02698,2025-06-22
REF-000636,PRV-907,PRV-582,FAC-146,MEM-08653,2025-06-22
REF-000637,PRV-907,PRV-444,FAC-239,MEM-05853,2025-06-23
REF-000638,PRV-730,PRV-740,FAC-153,MEM-08176,2025-06-23
REF-000639,PRV-885,PRV-771,FAC-161,MEM-08272,2025-06-23
REF-000640,PRV-087,PRV-088,FAC-229,MEM-02267,2025-06-23
REF-000641,PRV-907,PRV-444,FAC-239,MEM-11529,2025-06-23
REF-000642,PRV-817,PRV-476,FAC-123,MEM-07736,2025-06-23
REF-000643,PRV-940,PRV-266,FAC-163,MEM-00143,2025-06-23
REF-000644,PRV-101,PRV-110,FAC-152,MEM-03117,2025-06-23
REF-000645,PRV-311,PRV-489,FAC-054,MEM-03019,2025-06-23
REF-000646,PRV-309,PRV-837,FAC-123,MEM-03793,2025-06-23
REF-000647,PRV-410,PRV-017,FAC-255,MEM-06496,2025-06-23
REF-000648,PRV-560,PRV-684,FAC-116,MEM-07385,2025-06-23
REF-000649,PRV-957,PRV-155,FAC-031,MEM-10165,2025-06-23
REF-000650,PRV-709,PRV-146,FAC-200,MEM-04479,2025-06-23
REF-000651,PRV-660,PRV-214,FAC-179,MEM-11620,2025-06-24
REF-000652,PRV-222,PRV-712,FAC-032,MEM-03815,2025-06-24
REF-000653,PRV-756,PRV-370,FAC-131,MEM-00984,2025-06-24
REF-000654,PRV-059,PRV-561,FAC-080,MEM-04497,2025-06-24
REF-000655,PRV-087,PRV-089,FAC-174,MEM-11511,2025-06-24
REF-000656,PRV-907,PRV-444,FAC-239,MEM-03185,2025-06-24
REF-000657,PRV-644,PRV-365,FAC-097,MEM-08407,2025-06-24
REF-000658,PRV-907,PRV-444,FAC-239,MEM-06656,2025-06-24
REF-000659,PRV-973,PRV-498,FAC-166,MEM-05916,2025-06-24
REF-000660,PRV-991,PRV-353,FAC-057,MEM-03419,2025-06-25
REF-000661,PRV-907,PRV-582,FAC-146,MEM-01688,2025-06-25
REF-000662,PRV-087,PRV-089,FAC-174,MEM-09802,2025-06-25
REF-000663,PRV-432,PRV-189,FAC-173,MEM-03064,2025-06-26
REF-000664,PRV-760,PRV-684,FAC-116,MEM-07188,2025-06-26
REF-000665,PRV-487,PRV-375,FAC-031,MEM-06141,2025-06-26
REF-000666,PRV-484,PRV-849,FAC-222,MEM-09042,2025-06-26
REF-000667,PRV-907,PRV-581,FAC-231,MEM-05270,2025-06-26
REF-000668,PRV-487,PRV-558,FAC-068,MEM-05683,2025-06-26
REF-000669,PRV-709,PRV-962,FAC-004,MEM-05546,2025-06-27
REF-000670,PRV-835,PRV-219,FAC-139,MEM-08576,2025-06-27
REF-000671,PRV-090,PRV-263,FAC-129,MEM-06283,2025-06-27
REF-000672,PRV-916,PRV-912,FAC-160,MEM-10958,2025-06-27
REF-000673,PRV-714,PRV-240,FAC-042,MEM-10036,2025-06-27
REF-000674,PRV-810,PRV-765,FAC-048,MEM-06357,2025-06-28
REF-000675,PRV-087,PRV-088,FAC-229,MEM-00063,2025-06-28
REF-000676,PRV-907,PRV-582,FAC-146,MEM-04568,2025-06-28
REF-000677,PRV-204,PRV-013,FAC-146,MEM-07647,2025-06-28
REF-000678,PRV-006,PRV-206,FAC-211,MEM-10631,2025-06-28
REF-000679,PRV-867,PRV-470,FAC-078,MEM-01526,2025-06-28
REF-000680,PRV-907,PRV-063,FAC-113,MEM-07081,2025-06-28
REF-000681,PRV-997,PRV-374,FAC-157,MEM-03555,2025-06-28
REF-000682,PRV-087,PRV-088,FAC-229,MEM-04505,2025-06-28
REF-000683,PRV-316,PRV-773,FAC-110,MEM-11947,2025-06-29
REF-000684,PRV-051,PRV-256,FAC-002,MEM-05966,2025-06-29
REF-000685,PRV-714,PRV-009,FAC-004,MEM-08374,2025-06-29
REF-000686,PRV-085,PRV-087,FAC-030,MEM-09371,2025-06-29
REF-000687,PRV-752,PRV-616,FAC-130,MEM-10556,2025-06-29
REF-000688,PRV-333,PRV-948,FAC-101,MEM-02727,2025-06-30
REF-000689,PRV-087,PRV-088,FAC-229,MEM-10160,2025-06-30
REF-000690,PRV-907,PRV-223,FAC-039,MEM-03535,2025-06-30
REF-000691,PRV-907,PRV-819,FAC-074,MEM-06048,2025-06-30
REF-000692,PRV-543,PRV-643,FAC-109,MEM-11770,2025-06-30
REF-000693,PRV-250,PRV-825,FAC-243,MEM-00494,2025-06-30
REF-000694,PRV-907,PRV-581,FAC-197,MEM-08368,2025-06-30
REF-000695,PRV-718,PRV-755,FAC-248,MEM-06680,2025-06-30
REF-000696,PRV-691,PRV-286,FAC-060,MEM-09491,2025-06-30
REF-000697,PRV-087,PRV-088,FAC-229,MEM-04596,2025-06-30
REF-000698,PRV-173,PRV-159,FAC-170,MEM-09760,2025-07-01
REF-000699,PRV-861,PRV-677,FAC-234,MEM-05282,2025-07-01
REF-000700,PRV-239,PRV-481,FAC-204,MEM-05505,2025-07-01
REF-000701,PRV-907,PRV-223,FAC-039,MEM-06368,2025-07-02
REF-000702,PRV-907,PRV-223,FAC-039,MEM-02808,2025-07-02
REF-000703,PRV-907,PRV-444,FAC-239,MEM-09115,2025-07-02
REF-000704,PRV-582,PRV-454,FAC-194,MEM-09619,2025-07-02
REF-000705,PRV-907,PRV-223,FAC-039,MEM-11596,2025-07-02
REF-000706,PRV-415,PRV-482,FAC-050,MEM-08608,2025-07-02
REF-000707,PRV-380,PRV-285,FAC-101,MEM-01859,2025-07-02
REF-000708,PRV-087,PRV-088,FAC-229,MEM-02778,2025-07-02
REF-000709,PRV-823,PRV-739,FAC-160,MEM-00591,2025-07-02
REF-000710,PRV-714,PRV-240,FAC-042,MEM-08982,2025-07-03
REF-000711,PRV-907,PRV-819,FAC-074,MEM-05622,2025-07-03
REF-000712,PRV-516,PRV-854,FAC-184,MEM-01719,2025-07-03
REF-000713,PRV-907,PRV-871,FAC-057,MEM-05665,2025-07-03
REF-000714,PRV-856,PRV-631,FAC-088,MEM-00405,2025-07-03
REF-000715,PRV-835,PRV-894,FAC-228,MEM-04107,2025-07-03
REF-000716,PRV-484,PRV-849,FAC-222,MEM-09077,2025-07-04
REF-000717,PRV-067,PRV-420,FAC-060,MEM-10754,2025-07-04
REF-000718,PRV-576,PRV-865,FAC-161,MEM-02812,2025-07-04
REF-000719,PRV-738,PRV-888,FAC-123,MEM-01250,2025-07-04
REF-000720,PRV-907,PRV-581,FAC-231,MEM-02766,2025-07-04
REF-000721,PRV-085,PRV-087,FAC-030,MEM-02321,2025-07-05
REF-000722,PRV-413,PRV-566,FAC-090,MEM-05962,2025-07-05
REF-000723,PRV-714,PRV-240,FAC-042,MEM-10691,2025-07-05
REF-000724,PRV-486,PRV-571,FAC-108,MEM-11102,2025-07-05
REF-000725,PRV-789,PRV-924,FAC-022,MEM-09199,2025-07-06
REF-000726,PRV-817,PRV-476,FAC-123,MEM-09378,2025-07-06
REF-000727,PRV-907,PRV-444,FAC-239,MEM-06281,2025-07-06
REF-000728,PRV-843,PRV-039,FAC-137,MEM-08472,2025-07-07
REF-000729,PRV-059,PRV-748,FAC-220,MEM-07907,2025-07-07
REF-000730,PRV-446,PRV-693,FAC-097,MEM-00408,2025-07-07
REF-000731,PRV-625,PRV-857,FAC-134,MEM-10720,2025-07-07
REF-000732,PRV-087,PRV-088,FAC-229,MEM-08464,2025-07-07
REF-000733,PRV-737,PRV-228,FAC-103,MEM-10612,2025-07-07
REF-000734,PRV-625,PRV-462,FAC-035,MEM-05295,2025-07-07
REF-000735,PRV-907,PRV-581,FAC-231,MEM-04232,2025-07-07
REF-000736,PRV-333,PRV-437,FAC-160,MEM-05456,2025-07-07
REF-000737,PRV-262,PRV-292,FAC-140,MEM-07626,2025-07-08
REF-000738,PRV-067,PRV-692,FAC-089,MEM-07378,2025-07-08
REF-000739,PRV-067,PRV-472,FAC-187,MEM-09077,2025-07-08
REF-000740,PRV-204,PRV-886,FAC-128,MEM-05055,2025-07-08
REF-000741,PRV-907,PRV-223,FAC-039,MEM-10460,2025-07-08
REF-000742,PRV-087,PRV-089,FAC-174,MEM-10396,2025-07-08
REF-000743,PRV-907,PRV-581,FAC-231,MEM-06190,2025-07-08
REF-000744,PRV-346,PRV-476,FAC-123,MEM-07736,2025-07-08
REF-000745,PRV-714,PRV-009,FAC-004,MEM-01371,2025-07-09
REF-000746,PRV-085,PRV-087,FAC-030,MEM-11419,2025-07-09
REF-000747,PRV-907,PRV-348,FAC-203,MEM-11462,2025-07-09
REF-000748,PRV-416,PRV-260,FAC-074,MEM-05632,2025-07-09
REF-000749,PRV-950,PRV-323,FAC-151,MEM-02061,2025-07-09
REF-000750,PRV-714,PRV-240,FAC-042,MEM-07390,2025-07-09
REF-000751,PRV-907,PRV-444,FAC-239,MEM-05784,2025-07-09
REF-000752,PRV-283,PRV-450,FAC-062,MEM-02017,2025-07-09
REF-000753,PRV-544,PRV-147,FAC-025,MEM-09691,2025-07-09
REF-000754,PRV-309,PRV-170,FAC-127,MEM-02492,2025-07-09
REF-000755,PRV-366,PRV-945,FAC-191,MEM-09061,2025-07-10
REF-000756,PRV-085,PRV-087,FAC-030,MEM-03980,2025-07-10
REF-000757,PRV-410,PRV-017,FAC-219,MEM-10515,2025-07-10
REF-000758,PRV-782,PRV-418,FAC-208,MEM-03322,2025-07-10
REF-000759,PRV-907,PRV-819,FAC-074,MEM-10422,2025-07-10
REF-000760,PRV-559,PRV-388,FAC-034,MEM-05010,2025-07-10
REF-000761,PRV-907,PRV-223,FAC-039,MEM-08809,2025-07-10
REF-000762,PRV-907,PRV-581,FAC-231,MEM-04670,2025-07-10
REF-000763,PRV-087,PRV-089,FAC-174,MEM-07702,2025-07-10
REF-000764,PRV-907,PRV-223,FAC-039,MEM-06865,2025-07-11
REF-000765,PRV-749,PRV-424,FAC-191,MEM-10277,2025-07-11
REF-000766,PRV-714,PRV-240,FAC-042,MEM-05483,2025-07-11
REF-000767,PRV-907,PRV-348,FAC-203,MEM-08419,2025-07-11
REF-000768,PRV-617,PRV-281,FAC-194,MEM-06930,2025-07-11
REF-000769,PRV-661,PRV-480,FAC-191,MEM-06059,2025-07-11
REF-000770,PRV-907,PRV-582,FAC-146,MEM-01349,2025-07-12
REF-000771,PRV-995,PRV-700,FAC-044,MEM-05285,2025-07-12
REF-000772,PRV-173,PRV-159,FAC-170,MEM-07016,2025-07-12
REF-000773,PRV-907,PRV-581,FAC-231,MEM-02889,2025-07-12
REF-000774,PRV-907,PRV-871,FAC-057,MEM-01524,2025-07-12
REF-000775,PRV-520,PRV-586,FAC-054,MEM-08789,2025-07-12
REF-000776,PRV-520,PRV-694,FAC-017,MEM-08391,2025-07-12
REF-000777,PRV-087,PRV-088,FAC-229,MEM-09950,2025-07-12
REF-000778,PRV-907,PRV-871,FAC-057,MEM-01456,2025-07-12
REF-000779,PRV-173,PRV-159,FAC-170,MEM-04652,2025-07-13
REF-000780,PRV-714,PRV-009,FAC-004,MEM-10168,2025-07-13
REF-000781,PRV-997,PRV-930,FAC-012,MEM-02340,2025-07-13
REF-000782,PRV-714,PRV-240,FAC-042,MEM-04430,2025-07-13
REF-000783,PRV-040,PRV-935,FAC-124,MEM-06363,2025-07-13
REF-000784,PRV-152,PRV-505,FAC-103,MEM-03580,2025-07-14
REF-000785,PRV-536,PRV-437,FAC-160,MEM-04461,2025-07-14
REF-000786,PRV-907,PRV-223,FAC-039,MEM-05904,2025-07-14
REF-000787,PRV-333,PRV-437,FAC-160,MEM-08271,2025-07-14
REF-000788,PRV-907,PRV-871,FAC-057,MEM-04808,2025-07-14
REF-000789,PRV-006,PRV-206,FAC-211,MEM-10940,2025-07-14
REF-000790,PRV-907,PRV-223,FAC-039,MEM-05538,2025-07-15
REF-000791,PRV-823,PRV-023,FAC-184,MEM-07188,2025-07-15
REF-000792,PRV-856,PRV-012,FAC-102,MEM-11590,2025-07-15
REF-000793,PRV-090,PRV-263,FAC-129,MEM-03666,2025-07-15
REF-000794,PRV-087,PRV-089,FAC-174,MEM-10454,2025-07-15
REF-000795,PRV-569,PRV-610,FAC-056,MEM-04975,2025-07-15
REF-000796,PRV-705,PRV-528,FAC-001,MEM-07097,2025-07-15
REF-000797,PRV-192,PRV-084,FAC-047,MEM-07752,2025-07-15
REF-000798,PRV-658,PRV-273,FAC-260,MEM-09760,2025-07-15
REF-000799,PRV-907,PRV-581,FAC-231,MEM-01116,2025-07-15
REF-000800,PRV-015,PRV-588,FAC-211,MEM-07479,2025-07-15
REF-000801,PRV-085,PRV-087,FAC-030,MEM-07471,2025-07-16
REF-000802,PRV-907,PRV-581,FAC-231,MEM-09600,2025-07-16
REF-000803,PRV-458,PRV-339,FAC-136,MEM-04469,2025-07-16
REF-000804,PRV-714,PRV-009,FAC-004,MEM-02160,2025-07-16
REF-000805,PRV-015,PRV-915,FAC-233,MEM-08553,2025-07-16
REF-000806,PRV-714,PRV-240,FAC-042,MEM-08294,2025-07-16
REF-000807,PRV-469,PRV-305,FAC-212,MEM-05365,2025-07-17
REF-000808,PRV-507,PRV-961,FAC-210,MEM-05964,2025-07-17
REF-000809,PRV-714,PRV-009,FAC-004,MEM-08312,2025-07-17
REF-000810,PRV-691,PRV-571,FAC-108,MEM-10588,2025-07-17
REF-000811,PRV-900,PRV-923,FAC-152,MEM-11002,2025-07-17
REF-000812,PRV-516,PRV-854,FAC-184,MEM-10813,2025-07-17
REF-000813,PRV-867,PRV-764,FAC-234,MEM-07981,2025-07-18
REF-000814,PRV-907,PRV-581,FAC-231,MEM-09623,2025-07-18
REF-000815,PRV-907,PRV-819,FAC-074,MEM-10718,2025-07-18
REF-000816,PRV-644,PRV-050,FAC-139,MEM-07598,2025-07-19
REF-000817,PRV-714,PRV-240,FAC-042,MEM-05219,2025-07-19
REF-000818,PRV-474,PRV-033,FAC-157,MEM-02271,2025-07-19
REF-000819,PRV-714,PRV-240,FAC-042,MEM-07750,2025-07-19
REF-000820,PRV-667,PRV-492,FAC-126,MEM-05645,2025-07-19
REF-000821,PRV-222,PRV-081,FAC-073,MEM-04512,2025-07-19
REF-000822,PRV-625,PRV-462,FAC-035,MEM-05726,2025-07-19
REF-000823,PRV-173,PRV-159,FAC-170,MEM-02025,2025-07-19
REF-000824,PRV-414,PRV-622,FAC-209,MEM-09410,2025-07-19
REF-000825,PRV-085,PRV-087,FAC-030,MEM-10714,2025-07-19
REF-000826,PRV-907,PRV-871,FAC-057,MEM-00762,2025-07-20
REF-000827,PRV-907,PRV-444,FAC-239,MEM-05453,2025-07-20
REF-000828,PRV-907,PRV-444,FAC-239,MEM-01853,2025-07-20
REF-000829,PRV-907,PRV-581,FAC-231,MEM-06567,2025-07-20
REF-000830,PRV-222,PRV-424,FAC-191,MEM-11709,2025-07-20
REF-000831,PRV-076,PRV-121,FAC-032,MEM-11702,2025-07-20
REF-000832,PRV-907,PRV-223,FAC-039,MEM-09029,2025-07-20
REF-000833,PRV-087,PRV-088,FAC-229,MEM-09393,2025-07-20
REF-000834,PRV-416,PRV-231,FAC-146,MEM-00988,2025-07-20
REF-000835,PRV-222,PRV-712,FAC-032,MEM-09687,2025-07-21
REF-000836,PRV-953,PRV-237,FAC-097,MEM-07835,2025-07-21
REF-000837,PRV-032,PRV-654,FAC-255,MEM-10769,2025-07-21
REF-000838,PRV-152,PRV-836,FAC-073,MEM-09720,2025-07-21
REF-000839,PRV-907,PRV-819,FAC-074,MEM-06128,2025-07-21
REF-000840,PRV-046,PRV-073,FAC-053,MEM-05570,2025-07-21
REF-000841,PRV-372,PRV-725,FAC-044,MEM-02922,2025-07-21
REF-000842,PRV-907,PRV-582,FAC-146,MEM-05233,2025-07-22
REF-000843,PRV-520,PRV-158,FAC-112,MEM-04220,2025-07-22
REF-000844,PRV-907,PRV-444,FAC-239,MEM-01053,2025-07-22
REF-000845,PRV-917,PRV-189,FAC-173,MEM-04210,2025-07-22
REF-000846,PRV-609,PRV-678,FAC-222,MEM-04520,2025-07-23
REF-000847,PRV-978,PRV-895,FAC-052,MEM-07293,2025-07-23
REF-000848,PRV-436,PRV-053,FAC-154,MEM-01567,2025-07-23
REF-000849,PRV-394,PRV-588,FAC-211,MEM-02355,2025-07-23
REF-000850,PRV-560,PRV-185,FAC-246,MEM-07142,2025-07-23
REF-000851,PRV-085,PRV-087,FAC-030,MEM-06888,2025-07-23
REF-000852,PRV-907,PRV-581,FAC-231,MEM-05087,2025-07-24
REF-000853,PRV-907,PRV-819,FAC-221,MEM-05325,2025-07-24
REF-000854,PRV-664,PRV-621,FAC-108,MEM-09158,2025-07-24
REF-000855,PRV-907,PRV-819,FAC-074,MEM-06613,2025-07-24
REF-000856,PRV-907,PRV-444,FAC-239,MEM-07861,2025-07-24
REF-000857,PRV-907,PRV-581,FAC-231,MEM-01735,2025-07-24
REF-000858,PRV-916,PRV-675,FAC-260,MEM-07262,2025-07-25
REF-000859,PRV-539,PRV-564,FAC-106,MEM-08904,2025-07-25
REF-000860,PRV-714,PRV-240,FAC-042,MEM-05044,2025-07-25
REF-000861,PRV-316,PRV-942,FAC-109,MEM-07572,2025-07-25
REF-000862,PRV-907,PRV-444,FAC-239,MEM-03423,2025-07-25
REF-000863,PRV-451,PRV-942,FAC-109,MEM-02024,2025-07-25
REF-000864,PRV-309,PRV-837,FAC-123,MEM-11816,2025-07-25
REF-000865,PRV-907,PRV-581,FAC-231,MEM-04936,2025-07-25
REF-000866,PRV-087,PRV-088,FAC-030,MEM-02991,2025-07-26
REF-000867,PRV-907,PRV-223,FAC-039,MEM-03812,2025-07-26
REF-000868,PRV-087,PRV-089,FAC-174,MEM-02656,2025-07-26
REF-000869,PRV-283,PRV-828,FAC-208,MEM-11412,2025-07-26
REF-000870,PRV-861,PRV-774,FAC-097,MEM-11441,2025-07-26
REF-000871,PRV-458,PRV-100,FAC-018,MEM-00533,2025-07-27
REF-000872,PRV-193,PRV-197,FAC-049,MEM-09845,2025-07-27
REF-000873,PRV-907,PRV-871,FAC-057,MEM-00175,2025-07-27
REF-000874,PRV-760,PRV-684,FAC-116,MEM-07771,2025-07-27
REF-000875,PRV-996,PRV-183,FAC-200,MEM-01043,2025-07-27
REF-000876,PRV-413,PRV-827,FAC-207,MEM-01716,2025-07-28
REF-000877,PRV-626,PRV-107,FAC-231,MEM-03268,2025-07-28
REF-000878,PRV-493,PRV-912,FAC-160,MEM-03560,2025-07-28
REF-000879,PRV-559,PRV-378,FAC-184,MEM-07235,2025-07-28
REF-000880,PRV-907,PRV-871,FAC-057,MEM-05582,2025-07-28
REF-000881,PRV-870,PRV-098,FAC-221,MEM-00217,2025-07-28
REF-000882,PRV-900,PRV-053,FAC-154,MEM-02090,2025-07-28
REF-000883,PRV-136,PRV-776,FAC-252,MEM-07928,2025-07-28
REF-000884,PRV-128,PRV-556,FAC-090,MEM-11866,2025-07-28
REF-000885,PRV-508,PRV-755,FAC-248,MEM-07698,2025-07-28
REF-000886,PRV-848,PRV-828,FAC-208,MEM-09135,2025-07-29
REF-000887,PRV-101,PRV-668,FAC-177,MEM-08138,2025-07-29
REF-000888,PRV-520,PRV-548,FAC-123,MEM-03253,2025-07-29
REF-000889,PRV-178,PRV-070,FAC-006,MEM-11236,2025-07-29
REF-000890,PRV-980,PRV-185,FAC-246,MEM-00114,2025-07-29
REF-000891,PRV-094,PRV-548,FAC-123,MEM-08451,2025-07-29
REF-000892,PRV-046,PRV-073,FAC-053,MEM-02476,2025-07-29
REF-000893,PRV-474,PRV-289,FAC-255,MEM-01845,2025-07-29
REF-000894,PRV-907,PRV-581,FAC-231,MEM-09453,2025-07-29
REF-000895,PRV-087,PRV-088,FAC-229,MEM-02043,2025-07-30
REF-000896,PRV-867,PRV-236,FAC-222,MEM-02149,2025-07-30
REF-000897,PRV-823,PRV-407,FAC-057,MEM-00831,2025-07-30
REF-000898,PRV-756,PRV-237,FAC-097,MEM-11204,2025-07-30
REF-000899,PRV-607,PRV-642,FAC-235,MEM-09219,2025-07-30
REF-000900,PRV-515,PRV-654,FAC-255,MEM-04792,2025-07-30
REF-000901,PRV-907,PRV-444,FAC-239,MEM-01719,2025-07-30
REF-000902,PRV-738,PRV-122,FAC-165,MEM-08096,2025-07-30
REF-000903,PRV-907,PRV-545,FAC-185,MEM-08960,2025-07-31
REF-000904,PRV-746,PRV-381,FAC-027,MEM-10298,2025-07-31
REF-000905,PRV-087,PRV-089,FAC-174,MEM-07296,2025-07-31
REF-000906,PRV-544,PRV-621,FAC-108,MEM-02229,2025-07-31
REF-000907,PRV-907,PRV-871,FAC-057,MEM-06628,2025-07-31
REF-000908,PRV-714,PRV-009,FAC-004,MEM-05057,2025-07-31
REF-000909,PRV-493,PRV-912,FAC-160,MEM-04034,2025-08-01
REF-000910,PRV-394,PRV-797,FAC-211,MEM-02203,2025-08-01
REF-000911,PRV-972,PRV-822,FAC-063,MEM-10424,2025-08-01
REF-000912,PRV-446,PRV-110,FAC-152,MEM-11106,2025-08-01
REF-000913,PRV-087,PRV-088,FAC-229,MEM-02890,2025-08-01
REF-000914,PRV-907,PRV-871,FAC-057,MEM-11564,2025-08-01
REF-000915,PRV-907,PRV-581,FAC-231,MEM-04559,2025-08-02
REF-000916,PRV-511,PRV-481,FAC-204,MEM-09138,2025-08-02
REF-000917,PRV-907,PRV-819,FAC-074,MEM-11504,2025-08-02
REF-000918,PRV-988,PRV-100,FAC-018,MEM-00533,2025-08-02
REF-000919,PRV-085,PRV-087,FAC-030,MEM-07755,2025-08-02
REF-000920,PRV-661,PRV-480,FAC-191,MEM-07603,2025-08-02
REF-000921,PRV-638,PRV-294,FAC-253,MEM-10311,2025-08-02
REF-000922,PRV-907,PRV-581,FAC-231,MEM-02042,2025-08-02
REF-000923,PRV-907,PRV-819,FAC-074,MEM-02624,2025-08-02
REF-000924,PRV-087,PRV-089,FAC-030,MEM-02495,2025-08-03
REF-000925,PRV-446,PRV-086,FAC-011,MEM-04590,2025-08-03
REF-000926,PRV-662,PRV-676,FAC-070,MEM-11647,2025-08-03
REF-000927,PRV-333,PRV-519,FAC-246,MEM-11235,2025-08-03
REF-000928,PRV-907,PRV-581,FAC-231,MEM-06228,2025-08-03
REF-000929,PRV-749,PRV-424,FAC-191,MEM-04532,2025-08-03
REF-000930,PRV-714,PRV-009,FAC-004,MEM-04322,2025-08-03
REF-000931,PRV-220,PRV-004,FAC-001,MEM-01502,2025-08-04
REF-000932,PRV-192,PRV-048,FAC-255,MEM-06878,2025-08-04
REF-000933,PRV-560,PRV-212,FAC-241,MEM-11410,2025-08-04
REF-000934,PRV-717,PRV-071,FAC-201,MEM-03997,2025-08-04
REF-000935,PRV-182,PRV-931,FAC-075,MEM-11609,2025-08-04
REF-000936,PRV-907,PRV-223,FAC-039,MEM-03204,2025-08-04
REF-000937,PRV-907,PRV-444,FAC-239,MEM-01936,2025-08-05
REF-000938,PRV-789,PRV-806,FAC-101,MEM-02372,2025-08-05
REF-000939,PRV-714,PRV-009,FAC-004,MEM-00649,2025-08-05
REF-000940,PRV-085,PRV-087,FAC-030,MEM-10827,2025-08-05
REF-000941,PRV-721,PRV-329,FAC-001,MEM-02688,2025-08-05
REF-000942,PRV-988,PRV-270,FAC-081,MEM-09694,2025-08-06
REF-000943,PRV-316,PRV-773,FAC-110,MEM-10581,2025-08-06
REF-000944,PRV-069,PRV-540,FAC-143,MEM-11126,2025-08-06
REF-000945,PRV-907,PRV-871,FAC-057,MEM-06003,2025-08-06
REF-000946,PRV-101,PRV-894,FAC-056,MEM-11290,2025-08-06
REF-000947,PRV-087,PRV-088,FAC-229,MEM-11074,2025-08-06
REF-000948,PRV-005,PRV-345,FAC-207,MEM-03264,2025-08-07
REF-000949,PRV-192,PRV-654,FAC-255,MEM-11241,2025-08-07
REF-000950,PRV-916,PRV-373,FAC-241,MEM-07547,2025-08-07
REF-000951,PRV-907,PRV-223,FAC-039,MEM-04089,2025-08-07
REF-000952,PRV-980,PRV-144,FAC-173,MEM-01622,2025-08-07
REF-000953,PRV-363,PRV-642,FAC-235,MEM-03444,2025-08-08
REF-000954,PRV-907,PRV-871,FAC-057,MEM-00441,2025-08-08
REF-000955,PRV-432,PRV-001,FAC-113,MEM-11332,2025-08-08
REF-000956,PRV-194,PRV-562,FAC-210,MEM-11999,2025-08-08
REF-000957,PRV-380,PRV-833,FAC-101,MEM-06536,2025-08-08
REF-000958,PRV-469,PRV-305,FAC-212,MEM-07839,2025-08-08
REF-000959,PRV-059,PRV-561,FAC-080,MEM-03850,2025-08-08
REF-000960,PRV-300,PRV-464,FAC-143,MEM-07005,2025-08-08
REF-000961,PRV-609,PRV-698,FAC-132,MEM-06143,2025-08-08
REF-000962,PRV-416,PRV-547,FAC-014,MEM-08324,2025-08-08
REF-000963,PRV-907,PRV-871,FAC-057,MEM-04177,2025-08-09
REF-000964,PRV-907,PRV-223,FAC-039,MEM-11287,2025-08-09
REF-000965,PRV-714,PRV-009,FAC-004,MEM-08515,2025-08-09
REF-000966,PRV-907,PRV-581,FAC-231,MEM-00033,2025-08-09
REF-000967,PRV-018,PRV-864,FAC-093,MEM-08251,2025-08-09
REF-000968,PRV-714,PRV-240,FAC-042,MEM-08920,2025-08-09
REF-000969,PRV-907,PRV-444,FAC-239,MEM-07117,2025-08-09
REF-000970,PRV-006,PRV-858,FAC-006,MEM-09994,2025-08-10
REF-000971,PRV-907,PRV-871,FAC-057,MEM-02997,2025-08-10
REF-000972,PRV-410,PRV-017,FAC-219,MEM-05936,2025-08-10
REF-000973,PRV-903,PRV-923,FAC-152,MEM-07632,2025-08-10
REF-000974,PRV-907,PRV-581,FAC-231,MEM-04243,2025-08-10
REF-000975,PRV-138,PRV-534,FAC-060,MEM-04942,2025-08-10
REF-000976,PRV-069,PRV-970,FAC-054,MEM-07244,2025-08-11
REF-000977,PRV-410,PRV-017,FAC-255,MEM-07834,2025-08-11
REF-000978,PRV-714,PRV-240,FAC-042,MEM-11722,2025-08-11
REF-000979,PRV-052,PRV-489,FAC-054,MEM-07286,2025-08-11
REF-000980,PRV-607,PRV-642,FAC-235,MEM-09219,2025-08-11
REF-000981,PRV-283,PRV-292,FAC-140,MEM-11687,2025-08-11
REF-000982,PRV-136,PRV-049,FAC-132,MEM-10372,2025-08-11
REF-000983,PRV-953,PRV-237,FAC-097,MEM-06629,2025-08-11
REF-000984,PRV-714,PRV-240,FAC-042,MEM-05470,2025-08-11
REF-000985,PRV-474,PRV-289,FAC-255,MEM-03397,2025-08-12
REF-000986,PRV-870,PRV-640,FAC-063,MEM-00535,2025-08-12
REF-000987,PRV-907,PRV-871,FAC-057,MEM-02605,2025-08-12
REF-000988,PRV-907,PRV-582,FAC-146,MEM-08791,2025-08-12
REF-000989,PRV-934,PRV-093,FAC-073,MEM-06064,2025-08-12
REF-000990,PRV-907,PRV-223,FAC-039,MEM-03394,2025-08-13
REF-000991,PRV-362,PRV-563,FAC-229,MEM-06267,2025-08-13
REF-000992,PRV-272,PRV-929,FAC-168,MEM-07221,2025-08-13
REF-000993,PRV-460,PRV-215,FAC-096,MEM-10234,2025-08-13
REF-000994,PRV-952,PRV-355,FAC-108,MEM-08178,2025-08-13
REF-000995,PRV-380,PRV-926,FAC-231,MEM-11527,2025-08-13
REF-000996,PRV-451,PRV-462,FAC-035,MEM-06640,2025-08-13
REF-000997,PRV-618,PRV-697,FAC-157,MEM-06471,2025-08-13
REF-000998,PRV-510,PRV-803,FAC-156,MEM-08585,2025-08-13
REF-000999,PRV-085,PRV-087,FAC-030,MEM-05878,2025-08-14
REF-001000,PRV-087,PRV-088,FAC-229,MEM-02489,2025-08-14
REF-001001,PRV-511,PRV-580,FAC-046,MEM-08733,2025-08-14
REF-001002,PRV-907,PRV-819,FAC-074,MEM-04058,2025-08-14
REF-001003,PRV-978,PRV-918,FAC-103,MEM-05056,2025-08-14
REF-001004,PRV-333,PRV-632,FAC-015,MEM-03157,2025-08-14
REF-001005,PRV-934,PRV-666,FAC-237,MEM-10830,2025-08-15
REF-001006,PRV-087,PRV-088,FAC-229,MEM-04532,2025-08-15
REF-001007,PRV-907,PRV-819,FAC-074,MEM-05343,2025-08-15
REF-001008,PRV-150,PRV-905,FAC-235,MEM-11258,2025-08-15
REF-001009,PRV-916,PRV-675,FAC-260,MEM-09233,2025-08-15
REF-001010,PRV-817,PRV-476,FAC-123,MEM-08069,2025-08-15
REF-001011,PRV-474,PRV-289,FAC-255,MEM-01152,2025-08-15
REF-001012,PRV-907,PRV-223,FAC-039,MEM-10338,2025-08-15
REF-001013,PRV-810,PRV-075,FAC-075,MEM-01407,2025-08-15
REF-001014,PRV-808,PRV-354,FAC-060,MEM-09512,2025-08-16
REF-001015,PRV-744,PRV-442,FAC-036,MEM-08986,2025-08-16
REF-001016,PRV-087,PRV-089,FAC-174,MEM-03719,2025-08-16
REF-001017,PRV-664,PRV-306,FAC-003,MEM-09995,2025-08-16
REF-001018,PRV-959,PRV-834,FAC-219,MEM-04826,2025-08-16
REF-001019,PRV-508,PRV-755,FAC-248,MEM-05458,2025-08-16
REF-001020,PRV-714,PRV-009,FAC-004,MEM-05382,2025-08-16
REF-001021,PRV-782,PRV-977,FAC-098,MEM-11911,2025-08-16
REF-001022,PRV-487,PRV-558,FAC-068,MEM-08416,2025-08-16
REF-001023,PRV-907,PRV-348,FAC-203,MEM-07955,2025-08-16
REF-001024,PRV-798,PRV-686,FAC-009,MEM-11832,2025-08-17
REF-001025,PRV-333,PRV-437,FAC-160,MEM-04461,2025-08-17
REF-001026,PRV-907,PRV-871,FAC-057,MEM-04809,2025-08-17
REF-001027,PRV-507,PRV-191,FAC-189,MEM-02714,2025-08-17
REF-001028,PRV-262,PRV-217,FAC-166,MEM-08234,2025-08-18
REF-001029,PRV-714,PRV-240,FAC-042,MEM-04351,2025-08-18
REF-001030,PRV-651,PRV-444,FAC-239,MEM-09088,2025-08-18
REF-001031,PRV-907,PRV-871,FAC-057,MEM-04468,2025-08-18
REF-001032,PRV-087,PRV-088,FAC-229,MEM-03261,2025-08-18
REF-001033,PRV-333,PRV-632,FAC-015,MEM-02092,2025-08-18
REF-001034,PRV-861,PRV-774,FAC-097,MEM-11650,2025-08-18
REF-001035,PRV-714,PRV-009,FAC-004,MEM-11166,2025-08-18
REF-001036,PRV-907,PRV-581,FAC-231,MEM-11462,2025-08-18
REF-001037,PRV-422,PRV-399,FAC-161,MEM-05881,2025-08-19
REF-001038,PRV-714,PRV-009,FAC-004,MEM-01909,2025-08-19
REF-001039,PRV-415,PRV-905,FAC-235,MEM-06434,2025-08-19
REF-001040,PRV-341,PRV-492,FAC-126,MEM-02821,2025-08-19
REF-001041,PRV-413,PRV-586,FAC-054,MEM-11863,2025-08-19
REF-001042,PRV-714,PRV-009,FAC-004,MEM-04194,2025-08-19
REF-001043,PRV-903,PRV-923,FAC-152,MEM-09291,2025-08-19
REF-001044,PRV-907,PRV-444,FAC-239,MEM-09044,2025-08-19
REF-001045,PRV-907,PRV-581,FAC-231,MEM-09521,2025-08-19
REF-001046,PRV-006,PRV-858,FAC-006,MEM-10999,2025-08-19
REF-001047,PRV-789,PRV-806,FAC-101,MEM-04857,2025-08-19
REF-001048,PRV-907,PRV-871,FAC-057,MEM-05274,2025-08-19
REF-001049,PRV-714,PRV-009,FAC-004,MEM-00891,2025-08-20
REF-001050,PRV-069,PRV-535,FAC-095,MEM-01004,2025-08-20
REF-001051,PRV-756,PRV-370,FAC-131,MEM-07206,2025-08-20
REF-001052,PRV-907,PRV-582,FAC-146,MEM-02808,2025-08-20
REF-001053,PRV-980,PRV-144,FAC-173,MEM-07771,2025-08-20
REF-001054,PRV-541,PRV-890,FAC-115,MEM-05717,2025-08-20
REF-001055,PRV-714,PRV-009,FAC-004,MEM-11821,2025-08-20
REF-001056,PRV-493,PRV-912,FAC-160,MEM-09992,2025-08-20
REF-001057,PRV-907,PRV-582,FAC-146,MEM-00288,2025-08-21
REF-001058,PRV-714,PRV-009,FAC-004,MEM-08052,2025-08-21
REF-001059,PRV-015,PRV-243,FAC-173,MEM-11970,2025-08-21
REF-001060,PRV-507,PRV-369,FAC-069,MEM-11461,2025-08-21
REF-001061,PRV-907,PRV-444,FAC-239,MEM-11113,2025-08-21
REF-001062,PRV-359,PRV-228,FAC-103,MEM-08492,2025-08-21
REF-001063,PRV-085,PRV-087,FAC-030,MEM-02254,2025-08-22
REF-001064,PRV-907,PRV-582,FAC-146,MEM-10020,2025-08-22
REF-001065,PRV-360,PRV-533,FAC-229,MEM-10347,2025-08-22
REF-001066,PRV-386,PRV-322,FAC-222,MEM-04978,2025-08-22
REF-001067,PRV-907,PRV-871,FAC-057,MEM-07290,2025-08-22
REF-001068,PRV-487,PRV-724,FAC-153,MEM-11073,2025-08-23
REF-001069,PRV-714,PRV-009,FAC-004,MEM-01648,2025-08-23
REF-001070,PRV-706,PRV-930,FAC-012,MEM-08322,2025-08-23
REF-001071,PRV-883,PRV-278,FAC-207,MEM-06797,2025-08-23
REF-001072,PRV-660,PRV-214,FAC-179,MEM-05401,2025-08-23
REF-001073,PRV-927,PRV-820,FAC-039,MEM-03807,2025-08-23
REF-001074,PRV-861,PRV-677,FAC-234,MEM-04731,2025-08-24
REF-001075,PRV-479,PRV-596,FAC-255,MEM-00136,2025-08-24
REF-001076,PRV-907,PRV-819,FAC-074,MEM-09225,2025-08-24
REF-001077,PRV-907,PRV-581,FAC-231,MEM-08262,2025-08-24
REF-001078,PRV-907,PRV-582,FAC-057,MEM-10147,2025-08-24
REF-001079,PRV-907,PRV-582,FAC-146,MEM-03967,2025-08-24
REF-001080,PRV-661,PRV-442,FAC-036,MEM-05931,2025-08-24
REF-001081,PRV-856,PRV-196,FAC-095,MEM-06999,2025-08-24
REF-001082,PRV-380,PRV-926,FAC-231,MEM-04632,2025-08-24
REF-001083,PRV-384,PRV-430,FAC-004,MEM-09227,2025-08-25
REF-001084,PRV-487,PRV-241,FAC-205,MEM-09644,2025-08-25
REF-001085,PRV-817,PRV-970,FAC-054,MEM-01109,2025-08-25
REF-001086,PRV-907,PRV-871,FAC-057,MEM-08675,2025-08-25
REF-001087,PRV-907,PRV-581,FAC-231,MEM-03314,2025-08-25
REF-001088,PRV-907,PRV-223,FAC-039,MEM-04518,2025-08-25
REF-001089,PRV-714,PRV-009,FAC-004,MEM-07975,2025-08-25
REF-001090,PRV-907,PRV-581,FAC-231,MEM-04119,2025-08-26
REF-001091,PRV-087,PRV-089,FAC-174,MEM-00011,2025-08-26
REF-001092,PRV-069,PRV-418,FAC-208,MEM-02561,2025-08-26
REF-001093,PRV-507,PRV-337,FAC-220,MEM-10322,2025-08-26
REF-001094,PRV-903,PRV-303,FAC-244,MEM-11166,2025-08-26
REF-001095,PRV-087,PRV-089,FAC-174,MEM-09908,2025-08-26
REF-001096,PRV-550,PRV-632,FAC-015,MEM-04707,2025-08-26
REF-001097,PRV-907,PRV-581,FAC-231,MEM-06943,2025-08-26
REF-001098,PRV-087,PRV-089,FAC-174,MEM-08624,2025-08-26
REF-001099,PRV-907,PRV-871,FAC-057,MEM-08088,2025-08-27
REF-001100,PRV-907,PRV-581,FAC-231,MEM-00110,2025-08-27
REF-001101,PRV-255,PRV-933,FAC-058,MEM-02402,2025-08-27
REF-001102,PRV-911,PRV-821,FAC-093,MEM-03053,2025-08-27
REF-001103,PRV-856,PRV-987,FAC-090,MEM-11813,2025-08-27
REF-001104,PRV-737,PRV-837,FAC-123,MEM-08646,2025-08-27
REF-001105,PRV-997,PRV-214,FAC-179,MEM-07727,2025-08-28
REF-001106,PRV-283,PRV-450,FAC-062,MEM-01742,2025-08-28
REF-001107,PRV-307,PRV-280,FAC-060,MEM-02173,2025-08-28
REF-001108,PRV-356,PRV-162,FAC-217,MEM-07691,2025-08-28
REF-001109,PRV-907,PRV-581,FAC-231,MEM-00024,2025-08-28
REF-001110,PRV-907,PRV-581,FAC-231,MEM-07774,2025-08-28
REF-001111,PRV-903,PRV-923,FAC-152,MEM-10215,2025-08-29
REF-001112,PRV-520,PRV-158,FAC-112,MEM-04113,2025-08-29
REF-001113,PRV-907,PRV-871,FAC-057,MEM-00778,2025-08-29
REF-001114,PRV-087,PRV-088,FAC-229,MEM-04113,2025-08-29
REF-001115,PRV-021,PRV-990,FAC-098,MEM-02871,2025-08-29
REF-001116,PRV-907,PRV-581,FAC-231,MEM-07160,2025-08-29
REF-001117,PRV-907,PRV-444,FAC-239,MEM-03740,2025-08-29
REF-001118,PRV-737,PRV-765,FAC-048,MEM-01790,2025-08-29
REF-001119,PRV-907,PRV-819,FAC-074,MEM-05432,2025-08-29
REF-001120,PRV-559,PRV-690,FAC-027,MEM-02342,2025-08-30
REF-001121,PRV-980,PRV-144,FAC-173,MEM-10222,2025-08-30
REF-001122,PRV-099,PRV-829,FAC-222,MEM-05260,2025-08-30
REF-001123,PRV-907,PRV-582,FAC-146,MEM-06535,2025-08-30
REF-001124,PRV-458,PRV-616,FAC-130,MEM-06080,2025-08-30
REF-001125,PRV-907,PRV-819,FAC-074,MEM-08124,2025-08-30
REF-001126,PRV-539,PRV-245,FAC-058,MEM-10801,2025-08-30
REF-001127,PRV-576,PRV-852,FAC-218,MEM-02697,2025-08-30
REF-001128,PRV-706,PRV-930,FAC-012,MEM-09002,2025-08-31
REF-001129,PRV-714,PRV-240,FAC-042,MEM-08228,2025-08-31
REF-001130,PRV-714,PRV-240,FAC-042,MEM-08196,2025-08-31
REF-001131,PRV-907,PRV-582,FAC-146,MEM-07134,2025-08-31
REF-001132,PRV-625,PRV-462,FAC-035,MEM-05295,2025-08-31
REF-001133,PRV-714,PRV-009,FAC-004,MEM-08867,2025-09-01
REF-001134,PRV-087,PRV-088,FAC-229,MEM-03516,2025-09-01
REF-001135,PRV-087,PRV-089,FAC-174,MEM-10516,2025-09-01
REF-001136,PRV-493,PRV-223,FAC-039,MEM-10200,2025-09-01
REF-001137,PRV-069,PRV-418,FAC-208,MEM-08032,2025-09-01
REF-001138,PRV-752,PRV-518,FAC-176,MEM-02700,2025-09-01
REF-001139,PRV-296,PRV-968,FAC-114,MEM-08927,2025-09-01
REF-001140,PRV-907,PRV-819,FAC-074,MEM-02112,2025-09-01
REF-001141,PRV-907,PRV-582,FAC-146,MEM-05825,2025-09-01
REF-001142,PRV-714,PRV-009,FAC-004,MEM-11537,2025-09-01
REF-001143,PRV-718,PRV-792,FAC-180,MEM-02144,2025-09-01
REF-001144,PRV-757,PRV-899,FAC-191,MEM-10089,2025-09-01
REF-001145,PRV-644,PRV-111,FAC-244,MEM-00788,2025-09-02
REF-001146,PRV-907,PRV-582,FAC-146,MEM-03115,2025-09-02
REF-001147,PRV-413,PRV-826,FAC-058,MEM-05326,2025-09-02
REF-001148,PRV-907,PRV-581,FAC-231,MEM-02729,2025-09-02
REF-001149,PRV-559,PRV-254,FAC-041,MEM-04776,2025-09-02
REF-001150,PRV-010,PRV-338,FAC-149,MEM-09293,2025-09-02
REF-001151,PRV-085,PRV-087,FAC-030,MEM-09784,2025-09-02
REF-001152,PRV-142,PRV-795,FAC-173,MEM-07198,2025-09-03
REF-001153,PRV-907,PRV-581,FAC-231,MEM-03689,2025-09-03
REF-001154,PRV-539,PRV-564,FAC-106,MEM-08318,2025-09-03
REF-001155,PRV-800,PRV-201,FAC-157,MEM-05065,2025-09-03
REF-001156,PRV-714,PRV-009,FAC-004,MEM-05137,2025-09-03
REF-001157,PRV-410,PRV-017,FAC-255,MEM-03799,2025-09-03
REF-001158,PRV-782,PRV-597,FAC-143,MEM-07214,2025-09-03
REF-001159,PRV-334,PRV-096,FAC-003,MEM-03854,2025-09-04
REF-001160,PRV-408,PRV-813,FAC-004,MEM-02815,2025-09-04
REF-001161,PRV-862,PRV-395,FAC-234,MEM-07799,2025-09-04
REF-001162,PRV-186,PRV-042,FAC-159,MEM-10333,2025-09-04
REF-001163,PRV-907,PRV-871,FAC-057,MEM-10195,2025-09-04
REF-001164,PRV-907,PRV-871,FAC-057,MEM-06215,2025-09-04
REF-001165,PRV-333,PRV-437,FAC-160,MEM-11474,2025-09-05
REF-001166,PRV-006,PRV-858,FAC-006,MEM-07628,2025-09-05
REF-001167,PRV-749,PRV-566,FAC-090,MEM-06261,2025-09-05
REF-001168,PRV-907,PRV-871,FAC-057,MEM-11397,2025-09-05
REF-001169,PRV-051,PRV-925,FAC-131,MEM-02549,2025-09-05
REF-001170,PRV-835,PRV-653,FAC-046,MEM-00779,2025-09-05
REF-001171,PRV-760,PRV-974,FAC-239,MEM-04052,2025-09-05
REF-001172,PRV-085,PRV-087,FAC-030,MEM-01793,2025-09-05
REF-001173,PRV-569,PRV-587,FAC-183,MEM-00497,2025-09-06
REF-001174,PRV-714,PRV-240,FAC-042,MEM-04170,2025-09-06
REF-001175,PRV-952,PRV-864,FAC-093,MEM-07511,2025-09-06
REF-001176,PRV-469,PRV-497,FAC-099,MEM-07494,2025-09-06
REF-001177,PRV-883,PRV-826,FAC-058,MEM-00691,2025-09-06
REF-001178,PRV-150,PRV-448,FAC-012,MEM-03074,2025-09-06
REF-001179,PRV-560,PRV-212,FAC-241,MEM-11410,2025-09-06
REF-001180,PRV-346,PRV-805,FAC-207,MEM-10576,2025-09-06
REF-001181,PRV-870,PRV-724,FAC-153,MEM-05625,2025-09-06
REF-001182,PRV-393,PRV-876,FAC-007,MEM-05132,2025-09-06
REF-001183,PRV-421,PRV-253,FAC-177,MEM-05743,2025-09-06
REF-001184,PRV-439,PRV-337,FAC-220,MEM-04655,2025-09-07
REF-001185,PRV-275,PRV-780,FAC-153,MEM-00776,2025-09-07
REF-001186,PRV-269,PRV-061,FAC-003,MEM-10494,2025-09-07
REF-001187,PRV-737,PRV-196,FAC-095,MEM-04900,2025-09-07
REF-001188,PRV-178,PRV-055,FAC-057,MEM-02974,2025-09-07
REF-001189,PRV-051,PRV-776,FAC-252,MEM-07928,2025-09-07
REF-001190,PRV-297,PRV-373,FAC-241,MEM-05133,2025-09-07
REF-001191,PRV-907,PRV-819,FAC-074,MEM-05161,2025-09-07
REF-001192,PRV-996,PRV-183,FAC-200,MEM-11584,2025-09-08
REF-001193,PRV-744,PRV-034,FAC-054,MEM-11107,2025-09-08
REF-001194,PRV-959,PRV-770,FAC-047,MEM-00693,2025-09-08
REF-001195,PRV-435,PRV-223,FAC-039,MEM-06757,2025-09-08
REF-001196,PRV-985,PRV-785,FAC-032,MEM-07196,2025-09-08
REF-001197,PRV-907,PRV-819,FAC-074,MEM-02672,2025-09-08
REF-001198,PRV-051,PRV-925,FAC-131,MEM-04763,2025-09-08
REF-001199,PRV-190,PRV-463,FAC-091,MEM-06204,2025-09-08
REF-001200,PRV-101,PRV-692,FAC-089,MEM-00192,2025-09-08
REF-001201,PRV-883,PRV-655,FAC-216,MEM-03590,2025-09-08
REF-001202,PRV-087,PRV-088,FAC-229,MEM-11625,2025-09-09
REF-001203,PRV-076,PRV-008,FAC-166,MEM-00076,2025-09-09
REF-001204,PRV-907,PRV-581,FAC-231,MEM-09424,2025-09-09
REF-001205,PRV-087,PRV-089,FAC-174,MEM-11386,2025-09-09
REF-001206,PRV-744,PRV-489,FAC-054,MEM-00834,2025-09-10
REF-001207,PRV-607,PRV-461,FAC-105,MEM-03418,2025-09-10
REF-001208,PRV-757,PRV-899,FAC-191,MEM-07603,2025-09-10
REF-001209,PRV-543,PRV-048,FAC-255,MEM-02684,2025-09-10
REF-001210,PRV-843,PRV-963,FAC-095,MEM-03437,2025-09-10
REF-001211,PRV-733,PRV-961,FAC-210,MEM-10024,2025-09-11
REF-001212,PRV-166,PRV-188,FAC-163,MEM-11152,2025-09-11
REF-001213,PRV-595,PRV-809,FAC-172,MEM-02544,2025-09-11
REF-001214,PRV-965,PRV-671,FAC-142,MEM-05316,2025-09-11
REF-001215,PRV-507,PRV-191,FAC-189,MEM-02571,2025-09-11
REF-001216,PRV-410,PRV-017,FAC-255,MEM-01556,2025-09-11
REF-001217,PRV-152,PRV-846,FAC-174,MEM-01638,2025-09-11
REF-001218,PRV-259,PRV-838,FAC-197,MEM-11146,2025-09-11
REF-001219,PRV-501,PRV-147,FAC-025,MEM-06332,2025-09-11
REF-001220,PRV-510,PRV-671,FAC-142,MEM-06389,2025-09-12
REF-001221,PRV-744,PRV-489,FAC-054,MEM-04413,2025-09-12
REF-001222,PRV-907,PRV-871,FAC-057,MEM-03888,2025-09-12
REF-001223,PRV-907,PRV-871,FAC-057,MEM-06571,2025-09-12
REF-001224,PRV-907,PRV-444,FAC-239,MEM-10633,2025-09-12
REF-001225,PRV-907,PRV-582,FAC-146,MEM-10221,2025-09-12
REF-001226,PRV-907,PRV-871,FAC-057,MEM-09955,2025-09-12
REF-001227,PRV-501,PRV-147,FAC-025,MEM-02167,2025-09-12
REF-001228,PRV-705,PRV-865,FAC-161,MEM-03912,2025-09-13
REF-001229,PRV-907,PRV-444,FAC-239,MEM-01018,2025-09-13
REF-001230,PRV-843,PRV-039,FAC-137,MEM-06533,2025-09-13
REF-001231,PRV-906,PRV-735,FAC-007,MEM-09754,2025-09-13
REF-001232,PRV-446,PRV-050,FAC-139,MEM-09311,2025-09-13
REF-001233,PRV-559,PRV-378,FAC-184,MEM-03889,2025-09-13
REF-001234,PRV-064,PRV-765,FAC-048,MEM-02091,2025-09-14
REF-001235,PRV-085,PRV-087,FAC-030,MEM-02177,2025-09-14
REF-001236,PRV-087,PRV-088,FAC-229,MEM-00767,2025-09-14
REF-001237,PRV-501,PRV-147,FAC-025,MEM-00121,2025-09-14
REF-001238,PRV-439,PRV-747,FAC-069,MEM-03233,2025-09-14
REF-001239,PRV-515,PRV-747,FAC-069,MEM-03926,2025-09-14
REF-001240,PRV-859,PRV-592,FAC-101,MEM-00965,2025-09-14
REF-001241,PRV-907,PRV-819,FAC-074,MEM-06865,2025-09-14
REF-001242,PRV-301,PRV-621,FAC-108,MEM-02229,2025-09-14
REF-001243,PRV-413,PRV-586,FAC-054,MEM-10206,2025-09-14
REF-001244,PRV-907,PRV-348,FAC-203,MEM-10402,2025-09-14
REF-001245,PRV-123,PRV-338,FAC-149,MEM-02546,2025-09-14
REF-001246,PRV-862,PRV-096,FAC-003,MEM-04869,2025-09-14
REF-001247,PRV-235,PRV-722,FAC-034,MEM-11397,2025-09-14
REF-001248,PRV-907,PRV-819,FAC-074,MEM-07139,2025-09-14
REF-001249,PRV-421,PRV-768,FAC-224,MEM-00518,2025-09-15
REF-001250,PRV-744,PRV-489,FAC-054,MEM-09067,2025-09-15
REF-001251,PRV-907,PRV-819,FAC-074,MEM-01469,2025-09-15
REF-001252,PRV-907,PRV-871,FAC-057,MEM-06249,2025-09-15
REF-001253,PRV-235,PRV-669,FAC-028,MEM-07499,2025-09-15
REF-001254,PRV-026,PRV-249,FAC-235,MEM-07525,2025-09-15
REF-001255,PRV-550,PRV-013,FAC-146,MEM-07647,2025-09-15
REF-001256,PRV-714,PRV-240,FAC-042,MEM-02482,2025-09-15
REF-001257,PRV-714,PRV-240,FAC-042,MEM-00408,2025-09-15
REF-001258,PRV-672,PRV-864,FAC-093,MEM-00126,2025-09-15
REF-001259,PRV-916,PRV-912,FAC-160,MEM-07479,2025-09-15
REF-001260,PRV-907,PRV-819,FAC-074,MEM-01676,2025-09-16
REF-001261,PRV-544,PRV-112,FAC-172,MEM-09423,2025-09-16
REF-001262,PRV-744,PRV-489,FAC-054,MEM-05570,2025-09-16
REF-001263,PRV-907,PRV-444,FAC-239,MEM-11312,2025-09-16
REF-001264,PRV-544,PRV-112,FAC-010,MEM-04199,2025-09-16
REF-001265,PRV-907,PRV-581,FAC-231,MEM-02699,2025-09-16
REF-001266,PRV-714,PRV-009,FAC-004,MEM-11729,2025-09-16
REF-001267,PRV-544,PRV-112,FAC-010,MEM-04040,2025-09-16
REF-001268,PRV-907,PRV-444,FAC-239,MEM-11420,2025-09-16
REF-001269,PRV-907,PRV-581,FAC-231,MEM-08577,2025-09-17
REF-001270,PRV-907,PRV-819,FAC-221,MEM-01105,2025-09-17
REF-001271,PRV-501,PRV-147,FAC-025,MEM-05407,2025-09-17
REF-001272,PRV-544,PRV-112,FAC-010,MEM-08362,2025-09-17
REF-001273,PRV-052,PRV-044,FAC-229,MEM-05759,2025-09-17
REF-001274,PRV-085,PRV-087,FAC-030,MEM-04885,2025-09-17
REF-001275,PRV-432,PRV-665,FAC-031,MEM-08598,2025-09-17
REF-001276,PRV-541,PRV-332,FAC-176,MEM-03068,2025-09-17
REF-001277,PRV-744,PRV-489,FAC-054,MEM-02395,2025-09-17
REF-001278,PRV-714,PRV-009,FAC-004,MEM-10080,2025-09-17
REF-001279,PRV-714,PRV-009,FAC-004,MEM-04671,2025-09-17
REF-001280,PRV-714,PRV-240,FAC-042,MEM-11406,2025-09-17
REF-001281,PRV-514,PRV-963,FAC-095,MEM-03437,2025-09-17
REF-001282,PRV-752,PRV-532,FAC-169,MEM-06781,2025-09-18
REF-001283,PRV-037,PRV-199,FAC-047,MEM-11343,2025-09-18
REF-001284,PRV-848,PRV-044,FAC-229,MEM-00330,2025-09-18
REF-001285,PRV-544,PRV-112,FAC-010,MEM-05829,2025-09-18
REF-001286,PRV-521,PRV-112,FAC-010,MEM-05522,2025-09-18
REF-001287,PRV-714,PRV-240,FAC-042,MEM-08833,2025-09-18
REF-001288,PRV-994,PRV-080,FAC-201,MEM-02561,2025-09-19
REF-001289,PRV-272,PRV-908,FAC-162,MEM-03798,2025-09-19
REF-001290,PRV-907,PRV-444,FAC-239,MEM-09006,2025-09-19
REF-001291,PRV-051,PRV-111,FAC-244,MEM-00788,2025-09-19
REF-001292,PRV-907,PRV-582,FAC-057,MEM-08932,2025-09-19
REF-001293,PRV-907,PRV-582,FAC-146,MEM-03889,2025-09-19
REF-001294,PRV-744,PRV-489,FAC-054,MEM-00757,2025-09-19
REF-001295,PRV-714,PRV-009,FAC-004,MEM-11806,2025-09-19
REF-001296,PRV-705,PRV-935,FAC-124,MEM-01192,2025-09-19
REF-001297,PRV-544,PRV-112,FAC-010,MEM-05462,2025-09-19
REF-001298,PRV-511,PRV-565,FAC-206,MEM-04078,2025-09-19
REF-001299,PRV-005,PRV-987,FAC-090,MEM-10788,2025-09-19
REF-001300,PRV-907,PRV-444,FAC-239,MEM-08304,2025-09-20
REF-001301,PRV-190,PRV-898,FAC-176,MEM-09369,2025-09-20
REF-001302,PRV-907,PRV-581,FAC-231,MEM-02806,2025-09-20
REF-001303,PRV-988,PRV-459,FAC-115,MEM-09317,2025-09-20
REF-001304,PRV-985,PRV-785,FAC-032,MEM-01821,2025-09-20
REF-001305,PRV-173,PRV-159,FAC-170,MEM-10335,2025-09-20
REF-001306,PRV-516,PRV-606,FAC-197,MEM-09550,2025-09-20
REF-001307,PRV-744,PRV-489,FAC-054,MEM-05158,2025-09-20
REF-001308,PRV-544,PRV-112,FAC-010,MEM-08851,2025-09-20
REF-001309,PRV-544,PRV-112,FAC-010,MEM-03162,2025-09-21
REF-001310,PRV-744,PRV-489,FAC-054,MEM-08523,2025-09-21
REF-001311,PRV-714,PRV-240,FAC-042,MEM-01549,2025-09-21
REF-001312,PRV-543,PRV-048,FAC-255,MEM-02589,2025-09-21
REF-001313,PRV-988,PRV-857,FAC-134,MEM-03462,2025-09-21
REF-001314,PRV-283,PRV-828,FAC-208,MEM-09229,2025-09-21
REF-001315,PRV-544,PRV-112,FAC-010,MEM-10413,2025-09-21
REF-001316,PRV-446,PRV-336,FAC-187,MEM-07877,2025-09-21
REF-001317,PRV-087,PRV-088,FAC-229,MEM-01720,2025-09-21
REF-001318,PRV-484,PRV-555,FAC-222,MEM-07325,2025-09-21
REF-001319,PRV-544,PRV-112,FAC-010,MEM-11072,2025-09-21
REF-001320,PRV-091,PRV-431,FAC-092,MEM-05627,2025-09-22
REF-001321,PRV-550,PRV-558,FAC-068,MEM-10639,2025-09-22
REF-001322,PRV-501,PRV-147,FAC-025,MEM-04139,2025-09-22
REF-001323,PRV-501,PRV-147,FAC-025,MEM-04764,2025-09-22
REF-001324,PRV-856,PRV-004,FAC-001,MEM-03592,2025-09-22
REF-001325,PRV-907,PRV-819,FAC-074,MEM-06951,2025-09-22
REF-001326,PRV-907,PRV-444,FAC-239,MEM-06578,2025-09-22
REF-001327,PRV-907,PRV-871,FAC-057,MEM-01674,2025-09-22
REF-001328,PRV-907,PRV-444,FAC-239,MEM-06556,2025-09-22
REF-001329,PRV-087,PRV-088,FAC-229,MEM-00419,2025-09-22
REF-001330,PRV-501,PRV-147,FAC-025,MEM-01355,2025-09-22
REF-001331,PRV-087,PRV-089,FAC-174,MEM-00688,2025-09-23
REF-001332,PRV-752,PRV-244,FAC-180,MEM-06989,2025-09-23
REF-001333,PRV-907,PRV-819,FAC-074,MEM-00762,2025-09-23
REF-001334,PRV-362,PRV-278,FAC-207,MEM-00841,2025-09-23
REF-001335,PRV-488,PRV-412,FAC-254,MEM-11682,2025-09-23
REF-001336,PRV-085,PRV-087,FAC-030,MEM-08166,2025-09-23
REF-001337,PRV-612,PRV-245,FAC-058,MEM-04823,2025-09-24
REF-001338,PRV-749,PRV-826,FAC-058,MEM-10419,2025-09-24
REF-001339,PRV-307,PRV-086,FAC-011,MEM-06105,2025-09-24
REF-001340,PRV-544,PRV-112,FAC-010,MEM-03374,2025-09-24
REF-001341,PRV-309,PRV-170,FAC-127,MEM-07670,2025-09-24
REF-001342,PRV-415,PRV-857,FAC-134,MEM-11079,2025-09-24
REF-001343,PRV-138,PRV-336,FAC-187,MEM-06772,2025-09-24
REF-001344,PRV-414,PRV-155,FAC-031,MEM-07596,2025-09-24
REF-001345,PRV-085,PRV-087,FAC-030,MEM-11611,2025-09-25
REF-001346,PRV-978,PRV-918,FAC-159,MEM-07296,2025-09-25
REF-001347,PRV-544,PRV-112,FAC-010,MEM-03012,2025-09-25
REF-001348,PRV-101,PRV-183,FAC-200,MEM-09512,2025-09-25
REF-001349,PRV-410,PRV-017,FAC-255,MEM-11480,2025-09-25
REF-001350,PRV-824,PRV-553,FAC-069,MEM-00039,2025-09-25
REF-001351,PRV-434,PRV-049,FAC-132,MEM-06922,2025-09-25
REF-001352,PRV-744,PRV-489,FAC-054,MEM-01165,2025-09-26
REF-001353,PRV-544,PRV-112,FAC-010,MEM-02878,2025-09-26
REF-001354,PRV-907,PRV-819,FAC-074,MEM-05478,2025-09-26
REF-001355,PRV-907,PRV-819,FAC-221,MEM-08754,2025-09-26
REF-001356,PRV-384,PRV-336,FAC-187,MEM-06772,2025-09-26
REF-001357,PRV-344,PRV-188,FAC-163,MEM-08200,2025-09-26
REF-001358,PRV-612,PRV-081,FAC-073,MEM-02487,2025-09-27
REF-001359,PRV-487,PRV-820,FAC-039,MEM-10895,2025-09-27
REF-001360,PRV-907,PRV-444,FAC-239,MEM-03728,2025-09-27
REF-001361,PRV-746,PRV-156,FAC-022,MEM-03973,2025-09-27
REF-001362,PRV-744,PRV-489,FAC-054,MEM-00897,2025-09-27
REF-001363,PRV-410,PRV-017,FAC-255,MEM-02165,2025-09-27
REF-001364,PRV-883,PRV-826,FAC-058,MEM-07417,2025-09-27
REF-001365,PRV-150,PRV-905,FAC-235,MEM-06434,2025-09-27
REF-001366,PRV-085,PRV-087,FAC-030,MEM-06487,2025-09-27
REF-001367,PRV-165,PRV-646,FAC-202,MEM-04624,2025-09-27
REF-001368,PRV-165,PRV-615,FAC-219,MEM-06607,2025-09-28
REF-001369,PRV-415,PRV-723,FAC-256,MEM-06115,2025-09-28
REF-001370,PRV-165,PRV-482,FAC-050,MEM-11276,2025-09-28
REF-001371,PRV-992,PRV-070,FAC-006,MEM-11110,2025-09-28
REF-001372,PRV-625,PRV-441,FAC-134,MEM-03336,2025-09-28
REF-001373,PRV-907,PRV-444,FAC-239,MEM-05665,2025-09-29
REF-001374,PRV-714,PRV-009,FAC-004,MEM-00805,2025-09-29
REF-001375,PRV-907,PRV-819,FAC-074,MEM-01466,2025-09-29
REF-001376,PRV-085,PRV-087,FAC-030,MEM-01357,2025-09-29
REF-001377,PRV-440,PRV-873,FAC-015,MEM-01105,2025-09-29
REF-001378,PRV-087,PRV-089,FAC-174,MEM-01232,2025-09-29
REF-001379,PRV-521,PRV-949,FAC-253,MEM-11365,2025-09-29
REF-001380,PRV-782,PRV-828,FAC-208,MEM-00806,2025-09-30
REF-001381,PRV-333,PRV-519,FAC-246,MEM-00896,2025-09-30
REF-001382,PRV-651,PRV-107,FAC-231,MEM-00353,2025-09-30
REF-001383,PRV-330,PRV-114,FAC-109,MEM-07103,2025-09-30
REF-001384,PRV-496,PRV-382,FAC-222,MEM-01971,2025-09-30
REF-001385,PRV-032,PRV-654,FAC-255,MEM-07650,2025-09-30
REF-001386,PRV-235,PRV-974,FAC-239,MEM-06672,2025-10-01
REF-001387,PRV-085,PRV-087,FAC-030,MEM-04713,2025-10-01
REF-001388,PRV-612,PRV-853,FAC-247,MEM-09110,2025-10-01
REF-001389,PRV-094,PRV-535,FAC-095,MEM-04566,2025-10-01
REF-001390,PRV-021,PRV-122,FAC-165,MEM-08096,2025-10-01
REF-001391,PRV-069,PRV-535,FAC-095,MEM-00212,2025-10-02
REF-001392,PRV-074,PRV-630,FAC-014,MEM-05001,2025-10-02
REF-001393,PRV-494,PRV-956,FAC-144,MEM-04097,2025-10-02
REF-001394,PRV-996,PRV-234,FAC-096,MEM-10943,2025-10-02
REF-001395,PRV-074,PRV-342,FAC-221,MEM-07247,2025-10-02
REF-001396,PRV-283,PRV-583,FAC-102,MEM-08537,2025-10-02
REF-001397,PRV-714,PRV-009,FAC-004,MEM-00462,2025-10-02
REF-001398,PRV-309,PRV-837,FAC-123,MEM-08646,2025-10-02
REF-001399,PRV-907,PRV-819,FAC-074,MEM-05647,2025-10-02
REF-001400,PRV-859,PRV-886,FAC-128,MEM-10870,2025-10-02
REF-001401,PRV-714,PRV-009,FAC-004,MEM-11042,2025-10-02
REF-001402,PRV-992,PRV-162,FAC-217,MEM-07691,2025-10-02
REF-001403,PRV-714,PRV-009,FAC-004,MEM-08555,2025-10-03
REF-001404,PRV-501,PRV-147,FAC-025,MEM-08063,2025-10-03
REF-001405,PRV-087,PRV-089,FAC-174,MEM-04921,2025-10-03
REF-001406,PRV-789,PRV-924,FAC-022,MEM-06816,2025-10-03
REF-001407,PRV-087,PRV-088,FAC-229,MEM-07974,2025-10-03
REF-001408,PRV-644,PRV-377,FAC-008,MEM-06658,2025-10-03
REF-001409,PRV-969,PRV-761,FAC-034,MEM-03441,2025-10-03
REF-001410,PRV-744,PRV-489,FAC-054,MEM-06980,2025-10-03
REF-001411,PRV-612,PRV-445,FAC-021,MEM-08246,2025-10-03
REF-001412,PRV-434,PRV-049,FAC-132,MEM-04878,2025-10-03
REF-001413,PRV-744,PRV-489,FAC-054,MEM-08286,2025-10-03
REF-001414,PRV-359,PRV-228,FAC-103,MEM-01399,2025-10-03
REF-001415,PRV-798,PRV-472,FAC-187,MEM-06848,2025-10-03
REF-001416,PRV-501,PRV-147,FAC-025,MEM-01631,2025-10-04
REF-001417,PRV-766,PRV-913,FAC-094,MEM-09043,2025-10-04
REF-001418,PRV-714,PRV-234,FAC-096,MEM-08735,2025-10-04
REF-001419,PRV-296,PRV-678,FAC-222,MEM-07994,2025-10-04
REF-001420,PRV-714,PRV-009,FAC-004,MEM-10899,2025-10-04
REF-001421,PRV-235,PRV-976,FAC-113,MEM-11905,2025-10-04
REF-001422,PRV-560,PRV-640,FAC-063,MEM-11795,2025-10-04
REF-001423,PRV-911,PRV-821,FAC-093,MEM-05374,2025-10-05
REF-001424,PRV-393,PRV-130,FAC-101,MEM-11718,2025-10-05
REF-001425,PRV-085,PRV-087,FAC-030,MEM-06879,2025-10-05
REF-001426,PRV-413,PRV-200,FAC-084,MEM-05106,2025-10-05
REF-001427,PRV-501,PRV-147,FAC-025,MEM-08425,2025-10-05
REF-001428,PRV-996,PRV-183,FAC-200,MEM-06711,2025-10-05
REF-001429,PRV-714,PRV-240,FAC-042,MEM-11078,2025-10-05
REF-001430,PRV-714,PRV-009,FAC-004,MEM-03949,2025-10-06
REF-001431,PRV-907,PRV-581,FAC-231,MEM-01373,2025-10-06
REF-001432,PRV-714,PRV-009,FAC-004,MEM-05748,2025-10-06
REF-001433,PRV-907,PRV-444,FAC-239,MEM-07375,2025-10-06
REF-001434,PRV-087,PRV-089,FAC-174,MEM-03663,2025-10-07
REF-001435,PRV-714,PRV-009,FAC-004,MEM-03839,2025-10-07
REF-001436,PRV-978,PRV-442,FAC-036,MEM-05032,2025-10-07
REF-001437,PRV-415,PRV-857,FAC-134,MEM-06440,2025-10-07
REF-001438,PRV-543,PRV-048,FAC-255,MEM-02589,2025-10-07
REF-001439,PRV-644,PRV-050,FAC-139,MEM-06159,2025-10-07
REF-001440,PRV-714,PRV-240,FAC-042,MEM-07561,2025-10-08
REF-001441,PRV-980,PRV-144,FAC-173,MEM-00987,2025-10-08
REF-001442,PRV-972,PRV-212,FAC-241,MEM-02159,2025-10-08
REF-001443,PRV-076,PRV-498,FAC-166,MEM-02206,2025-10-08
REF-001444,PRV-635,PRV-910,FAC-202,MEM-05353,2025-10-08
REF-001445,PRV-380,PRV-833,FAC-101,MEM-02320,2025-10-08
REF-001446,PRV-907,PRV-444,FAC-239,MEM-07506,2025-10-08
REF-001447,PRV-005,PRV-345,FAC-207,MEM-08821,2025-10-08
REF-001448,PRV-311,PRV-039,FAC-237,MEM-07692,2025-10-09
REF-001449,PRV-907,PRV-819,FAC-221,MEM-07547,2025-10-09
REF-001450,PRV-638,PRV-913,FAC-094,MEM-11990,2025-10-09
REF-001451,PRV-501,PRV-147,FAC-025,MEM-02913,2025-10-09
REF-001452,PRV-978,PRV-442,FAC-036,MEM-09698,2025-10-09
REF-001453,PRV-691,PRV-677,FAC-234,MEM-05494,2025-10-09
REF-001454,PRV-907,PRV-819,FAC-074,MEM-06074,2025-10-09
REF-001455,PRV-085,PRV-087,FAC-030,MEM-05707,2025-10-09
REF-001456,PRV-906,PRV-457,FAC-203,MEM-01873,2025-10-10
REF-001457,PRV-011,PRV-685,FAC-044,MEM-11972,2025-10-10
REF-001458,PRV-334,PRV-538,FAC-139,MEM-01734,2025-10-10
REF-001459,PRV-721,PRV-452,FAC-137,MEM-01285,2025-10-10
REF-001460,PRV-848,PRV-044,FAC-168,MEM-05759,2025-10-11
REF-001461,PRV-372,PRV-197,FAC-049,MEM-09472,2025-10-11
REF-001462,PRV-978,PRV-442,FAC-036,MEM-09418,2025-10-11
REF-001463,PRV-744,PRV-489,FAC-054,MEM-09119,2025-10-11
REF-001464,PRV-609,PRV-656,FAC-046,MEM-06711,2025-10-11
REF-001465,PRV-087,PRV-089,FAC-174,MEM-09053,2025-10-11
REF-001466,PRV-389,PRV-308,FAC-132,MEM-09639,2025-10-11
REF-001467,PRV-087,PRV-088,FAC-229,MEM-05106,2025-10-11
REF-001468,PRV-484,PRV-403,FAC-114,MEM-07001,2025-10-11
REF-001469,PRV-501,PRV-147,FAC-025,MEM-10339,2025-10-12
REF-001470,PRV-782,PRV-828,FAC-208,MEM-11965,2025-10-12
REF-001471,PRV-817,PRV-476,FAC-123,MEM-08069,2025-10-12
REF-001472,PRV-087,PRV-088,FAC-030,MEM-00438,2025-10-12
REF-001473,PRV-543,PRV-643,FAC-109,MEM-08626,2025-10-12
REF-001474,PRV-907,PRV-819,FAC-074,MEM-02299,2025-10-12
REF-001475,PRV-544,PRV-112,FAC-010,MEM-04347,2025-10-12
REF-001476,PRV-300,PRV-364,FAC-075,MEM-10082,2025-10-12
REF-001477,PRV-085,PRV-087,FAC-030,MEM-02398,2025-10-12
REF-001478,PRV-856,PRV-426,FAC-030,MEM-04352,2025-10-13
REF-001479,PRV-978,PRV-442,FAC-036,MEM-10665,2025-10-13
REF-001480,PRV-702,PRV-924,FAC-022,MEM-08838,2025-10-13
REF-001481,PRV-168,PRV-332,FAC-176,MEM-08730,2025-10-13
REF-001482,PRV-408,PRV-813,FAC-004,MEM-02509,2025-10-13
REF-001483,PRV-907,PRV-444,FAC-239,MEM-01282,2025-10-13
REF-001484,PRV-744,PRV-489,FAC-054,MEM-09559,2025-10-13
REF-001485,PRV-087,PRV-088,FAC-030,MEM-08539,2025-10-14
REF-001486,PRV-907,PRV-819,FAC-074,MEM-06259,2025-10-14
REF-001487,PRV-907,PRV-444,FAC-239,MEM-05456,2025-10-14
REF-001488,PRV-142,PRV-206,FAC-211,MEM-10940,2025-10-14
REF-001489,PRV-635,PRV-148,FAC-020,MEM-07403,2025-10-15
REF-001490,PRV-501,PRV-147,FAC-025,MEM-02209,2025-10-15
REF-001491,PRV-085,PRV-087,FAC-030,MEM-02444,2025-10-15
REF-001492,PRV-907,PRV-819,FAC-074,MEM-07261,2025-10-15
REF-001493,PRV-168,PRV-325,FAC-099,MEM-06101,2025-10-15
REF-001494,PRV-900,PRV-923,FAC-152,MEM-04199,2025-10-15
REF-001495,PRV-978,PRV-442,FAC-036,MEM-09673,2025-10-15
REF-001496,PRV-099,PRV-129,FAC-144,MEM-06158,2025-10-15
REF-001497,PRV-544,PRV-112,FAC-172,MEM-02147,2025-10-16
REF-001498,PRV-520,PRV-158,FAC-112,MEM-00824,2025-10-16
REF-001499,PRV-714,PRV-240,FAC-042,MEM-09152,2025-10-16
REF-001500,PRV-759,PRV-648,FAC-160,MEM-10108,2025-10-16
REF-001501,PRV-138,PRV-534,FAC-004,MEM-03726,2025-10-16
REF-001502,PRV-978,PRV-442,FAC-036,MEM-08917,2025-10-16
REF-001503,PRV-085,PRV-087,FAC-030,MEM-10482,2025-10-16
REF-001504,PRV-994,PRV-836,FAC-073,MEM-00659,2025-10-16
REF-001505,PRV-714,PRV-240,FAC-042,MEM-11664,2025-10-17
REF-001506,PRV-994,PRV-140,FAC-073,MEM-08222,2025-10-17
REF-001507,PRV-907,PRV-444,FAC-239,MEM-01916,2025-10-17
REF-001508,PRV-085,PRV-087,FAC-030,MEM-08275,2025-10-17
REF-001509,PRV-744,PRV-489,FAC-054,MEM-06572,2025-10-17
REF-001510,PRV-302,PRV-966,FAC-226,MEM-03837,2025-10-17
REF-001511,PRV-759,PRV-257,FAC-153,MEM-05194,2025-10-17
REF-001512,PRV-085,PRV-087,FAC-030,MEM-01744,2025-10-17
REF-001513,PRV-973,PRV-498,FAC-166,MEM-02617,2025-10-17
REF-001514,PRV-978,PRV-442,FAC-036,MEM-05160,2025-10-17
REF-001515,PRV-714,PRV-009,FAC-004,MEM-04448,2025-10-17
REF-001516,PRV-709,PRV-962,FAC-004,MEM-08443,2025-10-17
REF-001517,PRV-907,PRV-819,FAC-074,MEM-11932,2025-10-17
REF-001518,PRV-230,PRV-581,FAC-231,MEM-08689,2025-10-17
REF-001519,PRV-657,PRV-937,FAC-207,MEM-02215,2025-10-17
REF-001520,PRV-705,PRV-540,FAC-143,MEM-04853,2025-10-17
REF-001521,PRV-714,PRV-240,FAC-042,MEM-03478,2025-10-17
REF-001522,PRV-867,PRV-470,FAC-078,MEM-07811,2025-10-17
REF-001523,PRV-714,PRV-240,FAC-042,MEM-00459,2025-10-18
REF-001524,PRV-178,PRV-983,FAC-128,MEM-01761,2025-10-18
REF-001525,PRV-644,PRV-111,FAC-244,MEM-04822,2025-10-18
REF-001526,PRV-510,PRV-106,FAC-156,MEM-02826,2025-10-18
REF-001527,PRV-544,PRV-112,FAC-010,MEM-01623,2025-10-18
REF-001528,PRV-907,PRV-444,FAC-239,MEM-02278,2025-10-18
REF-001529,PRV-969,PRV-761,FAC-034,MEM-07290,2025-10-18
REF-001530,PRV-907,PRV-819,FAC-074,MEM-09768,2025-10-18
REF-001531,PRV-972,PRV-822,FAC-063,MEM-01824,2025-10-18
REF-001532,PRV-087,PRV-088,FAC-229,MEM-09763,2025-10-18
REF-001533,PRV-126,PRV-353,FAC-057,MEM-00175,2025-10-18
REF-001534,PRV-744,PRV-489,FAC-054,MEM-08070,2025-10-19
REF-001535,PRV-040,PRV-935,FAC-124,MEM-05209,2025-10-19
REF-001536,PRV-099,PRV-962,FAC-004,MEM-07767,2025-10-19
REF-001537,PRV-168,PRV-332,FAC-176,MEM-11168,2025-10-19
REF-001538,PRV-978,PRV-442,FAC-036,MEM-03099,2025-10-19
REF-001539,PRV-020,PRV-698,FAC-132,MEM-06143,2025-10-20
REF-001540,PRV-085,PRV-087,FAC-030,MEM-11021,2025-10-20
REF-001541,PRV-907,PRV-444,FAC-239,MEM-09424,2025-10-20
REF-001542,PRV-651,PRV-216,FAC-225,MEM-08839,2025-10-20
REF-001543,PRV-101,PRV-368,FAC-192,MEM-04212,2025-10-20
REF-001544,PRV-978,PRV-442,FAC-036,MEM-01308,2025-10-21
REF-001545,PRV-978,PRV-442,FAC-036,MEM-06162,2025-10-21
REF-001546,PRV-085,PRV-087,FAC-030,MEM-06860,2025-10-21
REF-001547,PRV-738,PRV-121,FAC-032,MEM-01487,2025-10-21
REF-001548,PRV-973,PRV-140,FAC-073,MEM-05360,2025-10-21
REF-001549,PRV-848,PRV-172,FAC-208,MEM-11398,2025-10-21
REF-001550,PRV-706,PRV-910,FAC-202,MEM-07183,2025-10-21
REF-001551,PRV-085,PRV-087,FAC-030,MEM-01802,2025-10-22
REF-001552,PRV-486,PRV-215,FAC-096,MEM-11914,2025-10-22
REF-001553,PRV-123,PRV-872,FAC-059,MEM-07965,2025-10-22
REF-001554,PRV-744,PRV-489,FAC-054,MEM-03507,2025-10-22
REF-001555,PRV-067,PRV-896,FAC-064,MEM-02983,2025-10-22
REF-001556,PRV-094,PRV-535,FAC-095,MEM-09720,2025-10-22
REF-001557,PRV-099,PRV-962,FAC-004,MEM-07840,2025-10-22
REF-001558,PRV-731,PRV-412,FAC-254,MEM-02712,2025-10-23
REF-001559,PRV-507,PRV-232,FAC-080,MEM-03558,2025-10-23
REF-001560,PRV-839,PRV-357,FAC-086,MEM-08370,2025-10-23
REF-001561,PRV-005,PRV-345,FAC-207,MEM-11294,2025-10-23
REF-001562,PRV-839,PRV-926,FAC-231,MEM-01314,2025-10-23
REF-001563,PRV-138,PRV-534,FAC-004,MEM-03327,2025-10-23
REF-001564,PRV-730,PRV-614,FAC-203,MEM-05453,2025-10-24
REF-001565,PRV-978,PRV-442,FAC-036,MEM-04012,2025-10-24
REF-001566,PRV-015,PRV-588,FAC-211,MEM-01080,2025-10-24
REF-001567,PRV-401,PRV-092,FAC-191,MEM-10164,2025-10-24
REF-001568,PRV-458,PRV-339,FAC-136,MEM-04753,2025-10-24
REF-001569,PRV-907,PRV-951,FAC-031,MEM-08244,2025-10-25
REF-001570,PRV-318,PRV-455,FAC-149,MEM-05865,2025-10-25
REF-001571,PRV-907,PRV-819,FAC-074,MEM-09278,2025-10-25
REF-001572,PRV-796,PRV-724,FAC-153,MEM-02255,2025-10-25
REF-001573,PRV-559,PRV-095,FAC-231,MEM-11240,2025-10-25
REF-001574,PRV-190,PRV-890,FAC-115,MEM-01886,2025-10-25
REF-001575,PRV-087,PRV-089,FAC-174,MEM-06373,2025-10-25
REF-001576,PRV-721,PRV-092,FAC-191,MEM-01955,2025-10-25
REF-001577,PRV-544,PRV-112,FAC-010,MEM-03632,2025-10-25
REF-001578,PRV-363,PRV-643,FAC-109,MEM-04019,2025-10-25
REF-001579,PRV-874,PRV-509,FAC-205,MEM-10901,2025-10-26
REF-001580,PRV-085,PRV-087,FAC-030,MEM-09923,2025-10-26
REF-001581,PRV-917,PRV-189,FAC-173,MEM-00460,2025-10-26
REF-001582,PRV-446,PRV-086,FAC-011,MEM-07116,2025-10-26
REF-001583,PRV-714,PRV-240,FAC-042,MEM-01636,2025-10-26
REF-001584,PRV-810,PRV-426,FAC-030,MEM-02683,2025-10-26
REF-001585,PRV-714,PRV-240,FAC-042,MEM-05406,2025-10-26
REF-001586,PRV-309,PRV-837,FAC-123,MEM-06436,2025-10-26
REF-001587,PRV-501,PRV-147,FAC-025,MEM-07352,2025-10-27
REF-001588,PRV-752,PRV-532,FAC-169,MEM-06781,2025-10-27
REF-001589,PRV-090,PRV-263,FAC-129,MEM-07448,2025-10-27
REF-001590,PRV-272,PRV-929,FAC-168,MEM-09692,2025-10-27
REF-001591,PRV-752,PRV-244,FAC-180,MEM-06989,2025-10-27
REF-001592,PRV-227,PRV-773,FAC-110,MEM-05850,2025-10-28
REF-001593,PRV-052,PRV-396,FAC-171,MEM-05153,2025-10-28
REF-001594,PRV-297,PRV-735,FAC-007,MEM-09934,2025-10-28
REF-001595,PRV-087,PRV-088,FAC-229,MEM-05323,2025-10-28
REF-001596,PRV-544,PRV-112,FAC-010,MEM-08670,2025-10-28
REF-001597,PRV-126,PRV-641,FAC-031,MEM-09713,2025-10-28
REF-001598,PRV-959,PRV-495,FAC-210,MEM-08043,2025-10-29
REF-001599,PRV-907,PRV-819,FAC-074,MEM-08612,2025-10-29
REF-001600,PRV-269,PRV-050,FAC-139,MEM-05774,2025-10-29
REF-001601,PRV-688,PRV-999,FAC-254,MEM-09448,2025-10-29
REF-001602,PRV-978,PRV-442,FAC-036,MEM-01236,2025-10-29
REF-001603,PRV-907,PRV-819,FAC-074,MEM-02355,2025-10-29
REF-001604,PRV-798,PRV-686,FAC-009,MEM-01929,2025-10-29
REF-001605,PRV-085,PRV-087,FAC-030,MEM-10332,2025-10-29
REF-001606,PRV-136,PRV-049,FAC-132,MEM-11865,2025-10-30
REF-001607,PRV-744,PRV-489,FAC-054,MEM-03652,2025-10-30
REF-001608,PRV-911,PRV-280,FAC-060,MEM-02792,2025-10-30
REF-001609,PRV-738,PRV-121,FAC-032,MEM-05922,2025-10-30
REF-001610,PRV-714,PRV-490,FAC-119,MEM-07668,2025-10-30
REF-001611,PRV-800,PRV-201,FAC-157,MEM-09201,2025-10-30
REF-001612,PRV-544,PRV-112,FAC-010,MEM-02235,2025-10-30
REF-001613,PRV-582,PRV-171,FAC-203,MEM-01056,2025-10-31
REF-001614,PRV-541,PRV-620,FAC-050,MEM-01123,2025-10-31
REF-001615,PRV-279,PRV-551,FAC-176,MEM-06767,2025-10-31
REF-001616,PRV-744,PRV-489,FAC-054,MEM-00221,2025-10-31
REF-001617,PRV-995,PRV-700,FAC-044,MEM-07940,2025-10-31
REF-001618,PRV-667,PRV-492,FAC-126,MEM-06220,2025-10-31
REF-001619,PRV-544,PRV-112,FAC-172,MEM-00627,2025-10-31
REF-001620,PRV-436,PRV-555,FAC-222,MEM-07439,2025-11-01
REF-001621,PRV-415,PRV-532,FAC-169,MEM-03050,2025-11-01
REF-001622,PRV-541,PRV-620,FAC-050,MEM-07906,2025-11-01
REF-001623,PRV-333,PRV-437,FAC-160,MEM-11474,2025-11-01
REF-001624,PRV-045,PRV-825,FAC-243,MEM-05134,2025-11-01
REF-001625,PRV-239,PRV-053,FAC-154,MEM-04508,2025-11-01
REF-001626,PRV-401,PRV-071,FAC-201,MEM-01266,2025-11-01
REF-001627,PRV-744,PRV-489,FAC-054,MEM-06369,2025-11-01
REF-001628,PRV-367,PRV-750,FAC-092,MEM-10273,2025-11-02
REF-001629,PRV-718,PRV-792,FAC-180,MEM-10078,2025-11-02
REF-001630,PRV-487,PRV-241,FAC-205,MEM-09006,2025-11-02
REF-001631,PRV-978,PRV-442,FAC-036,MEM-06410,2025-11-02
REF-001632,PRV-660,PRV-214,FAC-179,MEM-04690,2025-11-02
REF-001633,PRV-576,PRV-224,FAC-112,MEM-03364,2025-11-02
REF-001634,PRV-752,PRV-244,FAC-180,MEM-01136,2025-11-02
REF-001635,PRV-537,PRV-075,FAC-075,MEM-07196,2025-11-02
REF-001636,PRV-024,PRV-646,FAC-202,MEM-11837,2025-11-03
REF-001637,PRV-411,PRV-073,FAC-053,MEM-03959,2025-11-03
REF-001638,PRV-978,PRV-442,FAC-036,MEM-09307,2025-11-03
REF-001639,PRV-432,PRV-720,FAC-120,MEM-08478,2025-11-03
REF-001640,PRV-446,PRV-336,FAC-187,MEM-04198,2025-11-03
REF-001641,PRV-595,PRV-809,FAC-172,MEM-02149,2025-11-03
REF-001642,PRV-363,PRV-642,FAC-235,MEM-06642,2025-11-03
REF-001643,PRV-544,PRV-112,FAC-010,MEM-01718,2025-11-04
REF-001644,PRV-625,PRV-441,FAC-134,MEM-01071,2025-11-04
REF-001645,PRV-178,PRV-983,FAC-128,MEM-08211,2025-11-04
REF-001646,PRV-027,PRV-879,FAC-034,MEM-03836,2025-11-04
REF-001647,PRV-717,PRV-271,FAC-191,MEM-02596,2025-11-04
REF-001648,PRV-985,PRV-785,FAC-032,MEM-07196,2025-11-04
REF-001649,PRV-297,PRV-373,FAC-241,MEM-07038,2025-11-04
REF-001650,PRV-870,PRV-640,FAC-063,MEM-04119,2025-11-04
REF-001651,PRV-021,PRV-180,FAC-103,MEM-02901,2025-11-04
REF-001652,PRV-414,PRV-850,FAC-014,MEM-03121,2025-11-05
REF-001653,PRV-808,PRV-610,FAC-056,MEM-05601,2025-11-05
REF-001654,PRV-978,PRV-442,FAC-036,MEM-10419,2025-11-05
REF-001655,PRV-959,PRV-244,FAC-180,MEM-07663,2025-11-05
REF-001656,PRV-401,PRV-092,FAC-191,MEM-10164,2025-11-05
REF-001657,PRV-744,PRV-489,FAC-054,MEM-01728,2025-11-06
REF-001658,PRV-544,PRV-112,FAC-010,MEM-02615,2025-11-06
REF-001659,PRV-749,PRV-860,FAC-001,MEM-03976,2025-11-06
REF-001660,PRV-559,PRV-637,FAC-211,MEM-05055,2025-11-06
REF-001661,PRV-392,PRV-616,FAC-130,MEM-00254,2025-11-06
REF-001662,PRV-544,PRV-112,FAC-010,MEM-09081,2025-11-06
REF-001663,PRV-651,PRV-023,FAC-184,MEM-00616,2025-11-06
REF-001664,PRV-432,PRV-720,FAC-120,MEM-03205,2025-11-06
REF-001665,PRV-638,PRV-294,FAC-253,MEM-06387,2025-11-06
REF-001666,PRV-302,PRV-358,FAC-091,MEM-10797,2025-11-06
REF-001667,PRV-757,PRV-207,FAC-048,MEM-05697,2025-11-07
REF-001668,PRV-486,PRV-534,FAC-060,MEM-02046,2025-11-07
REF-001669,PRV-544,PRV-112,FAC-010,MEM-07280,2025-11-07
REF-001670,PRV-346,PRV-476,FAC-123,MEM-04166,2025-11-08
REF-001671,PRV-487,PRV-241,FAC-205,MEM-04122,2025-11-08
REF-001672,PRV-068,PRV-967,FAC-248,MEM-05755,2025-11-08
REF-001673,PRV-311,PRV-489,FAC-054,MEM-10822,2025-11-08
REF-001674,PRV-494,PRV-956,FAC-144,MEM-04221,2025-11-08
REF-001675,PRV-916,PRV-023,FAC-184,MEM-03430,2025-11-08
REF-001676,PRV-664,PRV-306,FAC-089,MEM-04656,2025-11-08
REF-001677,PRV-997,PRV-497,FAC-099,MEM-00752,2025-11-08
REF-001678,PRV-544,PRV-112,FAC-010,MEM-00139,2025-11-08
REF-001679,PRV-730,PRV-387,FAC-015,MEM-08752,2025-11-09
REF-001680,PRV-625,PRV-462,FAC-035,MEM-05318,2025-11-09
REF-001681,PRV-544,PRV-226,FAC-151,MEM-04509,2025-11-09
REF-001682,PRV-541,PRV-620,FAC-050,MEM-07656,2025-11-09
REF-001683,PRV-220,PRV-882,FAC-017,MEM-00021,2025-11-09
REF-001684,PRV-544,PRV-112,FAC-010,MEM-04345,2025-11-09
REF-001685,PRV-953,PRV-420,FAC-172,MEM-05775,2025-11-09
REF-001686,PRV-939,PRV-470,FAC-078,MEM-05331,2025-11-10
REF-001687,PRV-744,PRV-489,FAC-054,MEM-00635,2025-11-10
REF-001688,PRV-851,PRV-256,FAC-002,MEM-09224,2025-11-10
REF-001689,PRV-507,PRV-594,FAC-136,MEM-07693,2025-11-10
REF-001690,PRV-479,PRV-596,FAC-255,MEM-07748,2025-11-10
REF-001691,PRV-782,PRV-977,FAC-098,MEM-03471,2025-11-10
REF-001692,PRV-843,PRV-039,FAC-237,MEM-06009,2025-11-10
REF-001693,PRV-978,PRV-442,FAC-036,MEM-09814,2025-11-10
REF-001694,PRV-058,PRV-530,FAC-026,MEM-05727,2025-11-10
REF-001695,PRV-757,PRV-655,FAC-216,MEM-07405,2025-11-10
REF-001696,PRV-544,PRV-557,FAC-042,MEM-03200,2025-11-10
REF-001697,PRV-466,PRV-143,FAC-252,MEM-02608,2025-11-10
REF-001698,PRV-959,PRV-244,FAC-180,MEM-02842,2025-11-10
REF-001699,PRV-283,PRV-583,FAC-102,MEM-03589,2025-11-11
REF-001700,PRV-757,PRV-062,FAC-095,MEM-09541,2025-11-11
REF-001701,PRV-708,PRV-767,FAC-160,MEM-09141,2025-11-11
REF-001702,PRV-168,PRV-106,FAC-156,MEM-00647,2025-11-11
REF-001703,PRV-965,PRV-553,FAC-069,MEM-04605,2025-11-11
REF-001704,PRV-333,PRV-767,FAC-160,MEM-09458,2025-11-12
REF-001705,PRV-744,PRV-489,FAC-054,MEM-06218,2025-11-12
REF-001706,PRV-496,PRV-431,FAC-092,MEM-03318,2025-11-12
REF-001707,PRV-994,PRV-478,FAC-229,MEM-00841,2025-11-12
REF-001708,PRV-996,PRV-802,FAC-149,MEM-07566,2025-11-12
REF-001709,PRV-177,PRV-631,FAC-032,MEM-00007,2025-11-12
REF-001710,PRV-192,PRV-615,FAC-219,MEM-10326,2025-11-12
REF-001711,PRV-978,PRV-442,FAC-036,MEM-11841,2025-11-12
REF-001712,PRV-501,PRV-147,FAC-025,MEM-00656,2025-11-12
REF-001713,PRV-003,PRV-790,FAC-037,MEM-06185,2025-11-12
REF-001714,PRV-314,PRV-620,FAC-050,MEM-09437,2025-11-13
REF-001715,PRV-511,PRV-580,FAC-046,MEM-04347,2025-11-13
REF-001716,PRV-410,PRV-017,FAC-255,MEM-01321,2025-11-13
REF-001717,PRV-168,PRV-361,FAC-226,MEM-01293,2025-11-13
REF-001718,PRV-810,PRV-505,FAC-103,MEM-07176,2025-11-13
REF-001719,PRV-165,PRV-038,FAC-199,MEM-09621,2025-11-13
REF-001720,PRV-501,PRV-147,FAC-025,MEM-06069,2025-11-13
REF-001721,PRV-101,PRV-692,FAC-089,MEM-09878,2025-11-13
REF-001722,PRV-128,PRV-117,FAC-048,MEM-06277,2025-11-13
REF-001723,PRV-744,PRV-489,FAC-054,MEM-05817,2025-11-13
REF-001724,PRV-660,PRV-214,FAC-179,MEM-10536,2025-11-14
REF-001725,PRV-978,PRV-442,FAC-036,MEM-11791,2025-11-14
REF-001726,PRV-384,PRV-312,FAC-108,MEM-08330,2025-11-14
REF-001727,PRV-192,PRV-084,FAC-235,MEM-03936,2025-11-14
REF-001728,PRV-366,PRV-663,FAC-106,MEM-00356,2025-11-14
REF-001729,PRV-544,PRV-112,FAC-010,MEM-06079,2025-11-14
REF-001730,PRV-309,PRV-016,FAC-075,MEM-02369,2025-11-15
REF-001731,PRV-255,PRV-172,FAC-208,MEM-03963,2025-11-15
REF-001732,PRV-996,PRV-453,FAC-144,MEM-05009,2025-11-15
REF-001733,PRV-883,PRV-826,FAC-058,MEM-00691,2025-11-15
REF-001734,PRV-544,PRV-112,FAC-010,MEM-07793,2025-11-15
REF-001735,PRV-708,PRV-160,FAC-182,MEM-05621,2025-11-15
REF-001736,PRV-744,PRV-489,FAC-054,MEM-03508,2025-11-15
REF-001737,PRV-410,PRV-017,FAC-255,MEM-05317,2025-11-15
REF-001738,PRV-386,PRV-009,FAC-004,MEM-02416,2025-11-15
REF-001739,PRV-413,PRV-827,FAC-207,MEM-01333,2025-11-15
REF-001740,PRV-394,PRV-348,FAC-203,MEM-07955,2025-11-16
REF-001741,PRV-501,PRV-147,FAC-025,MEM-04081,2025-11-16
REF-001742,PRV-996,PRV-453,FAC-144,MEM-08052,2025-11-17
REF-001743,PRV-152,PRV-224,FAC-112,MEM-04706,2025-11-17
REF-001744,PRV-994,PRV-712,FAC-032,MEM-11828,2025-11-17
REF-001745,PRV-824,PRV-125,FAC-091,MEM-07411,2025-11-17
REF-001746,PRV-560,PRV-397,FAC-063,MEM-11616,2025-11-17
REF-001747,PRV-415,PRV-857,FAC-134,MEM-08359,2025-11-17
REF-001748,PRV-959,PRV-244,FAC-180,MEM-07585,2025-11-17
REF-001749,PRV-959,PRV-244,FAC-180,MEM-06551,2025-11-17
REF-001750,PRV-360,PRV-071,FAC-201,MEM-01798,2025-11-17
REF-001751,PRV-474,PRV-289,FAC-255,MEM-03397,2025-11-18
REF-001752,PRV-544,PRV-112,FAC-010,MEM-00462,2025-11-18
REF-001753,PRV-980,PRV-614,FAC-203,MEM-04094,2025-11-18
REF-001754,PRV-128,PRV-597,FAC-143,MEM-09253,2025-11-18
REF-001755,PRV-988,PRV-893,FAC-069,MEM-05179,2025-11-19
REF-001756,PRV-501,PRV-147,FAC-008,MEM-00022,2025-11-19
REF-001757,PRV-856,PRV-012,FAC-102,MEM-04713,2025-11-19
REF-001758,PRV-721,PRV-931,FAC-075,MEM-09242,2025-11-19
REF-001759,PRV-959,PRV-834,FAC-219,MEM-08829,2025-11-19
REF-001760,PRV-994,PRV-140,FAC-073,MEM-07129,2025-11-19
REF-001761,PRV-064,PRV-081,FAC-073,MEM-06487,2025-11-19
REF-001762,PRV-536,PRV-780,FAC-153,MEM-01593,2025-11-20
REF-001763,PRV-541,PRV-620,FAC-050,MEM-04036,2025-11-20
REF-001764,PRV-537,PRV-954,FAC-159,MEM-04752,2025-11-20
REF-001765,PRV-446,PRV-335,FAC-234,MEM-10481,2025-11-20
REF-001766,PRV-193,PRV-561,FAC-080,MEM-04497,2025-11-20
REF-001767,PRV-434,PRV-049,FAC-132,MEM-11865,2025-11-20
REF-001768,PRV-511,PRV-580,FAC-046,MEM-02509,2025-11-21
REF-001769,PRV-283,PRV-292,FAC-140,MEM-04985,2025-11-21
REF-001770,PRV-032,PRV-729,FAC-176,MEM-05336,2025-11-21
REF-001771,PRV-752,PRV-685,FAC-248,MEM-04241,2025-11-21
REF-001772,PRV-992,PRV-260,FAC-074,MEM-07113,2025-11-21
REF-001773,PRV-978,PRV-442,FAC-036,MEM-08910,2025-11-21
REF-001774,PRV-996,PRV-022,FAC-151,MEM-00067,2025-11-21
REF-001775,PRV-255,PRV-172,FAC-208,MEM-06980,2025-11-21
REF-001776,PRV-126,PRV-983,FAC-128,MEM-02698,2025-11-21
REF-001777,PRV-101,PRV-894,FAC-228,MEM-00947,2025-11-21
REF-001778,PRV-744,PRV-489,FAC-054,MEM-04420,2025-11-21
REF-001779,PRV-824,PRV-546,FAC-136,MEM-09074,2025-11-22
REF-001780,PRV-903,PRV-774,FAC-097,MEM-11938,2025-11-22
REF-001781,PRV-959,PRV-244,FAC-180,MEM-04411,2025-11-22
REF-001782,PRV-662,PRV-954,FAC-159,MEM-09298,2025-11-22
REF-001783,PRV-674,PRV-473,FAC-187,MEM-02964,2025-11-23
REF-001784,PRV-848,PRV-172,FAC-208,MEM-07951,2025-11-23
REF-001785,PRV-744,PRV-489,FAC-054,MEM-02186,2025-11-23
REF-001786,PRV-541,PRV-620,FAC-050,MEM-11363,2025-11-23
REF-001787,PRV-415,PRV-608,FAC-169,MEM-06707,2025-11-24
REF-001788,PRV-416,PRV-260,FAC-074,MEM-08170,2025-11-24
REF-001789,PRV-541,PRV-620,FAC-050,MEM-01005,2025-11-25
REF-001790,PRV-749,PRV-860,FAC-001,MEM-00861,2025-11-25
REF-001791,PRV-544,PRV-112,FAC-010,MEM-02733,2025-11-25
REF-001792,PRV-579,PRV-967,FAC-248,MEM-05755,2025-11-25
REF-001793,PRV-582,PRV-423,FAC-205,MEM-06795,2025-11-25
REF-001794,PRV-638,PRV-849,FAC-222,MEM-04869,2025-11-25
REF-001795,PRV-415,PRV-905,FAC-235,MEM-11258,2025-11-26
REF-001796,PRV-521,PRV-112,FAC-010,MEM-05522,2025-11-26
REF-001797,PRV-612,PRV-597,FAC-143,MEM-11482,2025-11-26
REF-001798,PRV-537,PRV-140,FAC-073,MEM-01921,2025-11-26
REF-001799,PRV-959,PRV-244,FAC-180,MEM-00522,2025-11-26
REF-001800,PRV-516,PRV-854,FAC-184,MEM-06883,2025-11-26
REF-001801,PRV-859,PRV-592,FAC-101,MEM-07185,2025-11-26
REF-001802,PRV-415,PRV-857,FAC-134,MEM-10526,2025-11-26
REF-001803,PRV-664,PRV-571,FAC-108,MEM-08657,2025-11-26
REF-001804,PRV-664,PRV-849,FAC-222,MEM-06164,2025-11-26
REF-001805,PRV-027,PRV-669,FAC-028,MEM-06546,2025-11-27
REF-001806,PRV-978,PRV-442,FAC-036,MEM-00043,2025-11-27
REF-001807,PRV-458,PRV-100,FAC-018,MEM-03045,2025-11-27
REF-001808,PRV-810,PRV-426,FAC-030,MEM-02683,2025-11-27
REF-001809,PRV-992,PRV-070,FAC-006,MEM-06889,2025-11-27
REF-001810,PRV-757,PRV-080,FAC-201,MEM-09256,2025-11-27
REF-001811,PRV-994,PRV-080,FAC-201,MEM-09925,2025-11-27
REF-001812,PRV-168,PRV-465,FAC-100,MEM-06004,2025-11-28
REF-001813,PRV-051,PRV-776,FAC-252,MEM-03082,2025-11-28
REF-001814,PRV-783,PRV-056,FAC-205,MEM-04976,2025-11-28
REF-001815,PRV-193,PRV-019,FAC-091,MEM-03825,2025-11-28
REF-001816,PRV-744,PRV-489,FAC-054,MEM-04814,2025-11-28
REF-001817,PRV-978,PRV-442,FAC-036,MEM-03083,2025-11-28
REF-001818,PRV-582,PRV-171,FAC-203,MEM-01056,2025-11-28
REF-001819,PRV-744,PRV-489,FAC-054,MEM-00887,2025-11-29
REF-001820,PRV-544,PRV-112,FAC-010,MEM-07170,2025-11-29
REF-001821,PRV-344,PRV-213,FAC-131,MEM-08602,2025-11-29
REF-001822,PRV-486,PRV-534,FAC-004,MEM-00569,2025-11-29
REF-001823,PRV-900,PRV-923,FAC-152,MEM-08601,2025-11-29
REF-001824,PRV-541,PRV-620,FAC-050,MEM-08902,2025-11-29
REF-001825,PRV-101,PRV-668,FAC-177,MEM-09247,2025-11-29
REF-001826,PRV-978,PRV-442,FAC-036,MEM-10801,2025-11-29
REF-001827,PRV-917,PRV-189,FAC-173,MEM-06886,2025-11-29
REF-001828,PRV-501,PRV-147,FAC-025,MEM-01486,2025-11-29
REF-001829,PRV-683,PRV-225,FAC-157,MEM-06855,2025-11-29
REF-001830,PRV-959,PRV-244,FAC-180,MEM-07051,2025-11-30
REF-001831,PRV-544,PRV-112,FAC-010,MEM-07254,2025-11-30
REF-001832,PRV-980,PRV-858,FAC-006,MEM-02126,2025-11-30
REF-001833,PRV-064,PRV-765,FAC-048,MEM-11417,2025-11-30
REF-001834,PRV-959,PRV-244,FAC-180,MEM-02175,2025-11-30
REF-001835,PRV-959,PRV-244,FAC-180,MEM-01616,2025-11-30
REF-001836,PRV-194,PRV-562,FAC-210,MEM-02144,2025-12-01
REF-001837,PRV-659,PRV-056,FAC-205,MEM-05143,2025-12-01
REF-001838,PRV-541,PRV-620,FAC-050,MEM-07183,2025-12-01
REF-001839,PRV-789,PRV-806,FAC-101,MEM-01055,2025-12-01
REF-001840,PRV-165,PRV-038,FAC-199,MEM-03696,2025-12-01
REF-001841,PRV-027,PRV-130,FAC-101,MEM-04149,2025-12-01
REF-001842,PRV-559,PRV-378,FAC-184,MEM-08589,2025-12-01
REF-001843,PRV-309,PRV-170,FAC-127,MEM-05570,2025-12-02
REF-001844,PRV-541,PRV-620,FAC-050,MEM-03540,2025-12-02
REF-001845,PRV-099,PRV-962,FAC-004,MEM-06086,2025-12-02
REF-001846,PRV-651,PRV-216,FAC-225,MEM-06832,2025-12-02
REF-001847,PRV-541,PRV-620,FAC-050,MEM-11316,2025-12-02
REF-001848,PRV-372,PRV-725,FAC-044,MEM-08420,2025-12-02
REF-001849,PRV-957,PRV-881,FAC-031,MEM-00108,2025-12-02
REF-001850,PRV-903,PRV-490,FAC-119,MEM-11400,2025-12-02
REF-001851,PRV-415,PRV-608,FAC-169,MEM-00502,2025-12-02
REF-001852,PRV-959,PRV-244,FAC-180,MEM-04533,2025-12-02
REF-001853,PRV-501,PRV-147,FAC-025,MEM-08958,2025-12-02
REF-001854,PRV-744,PRV-489,FAC-054,MEM-01948,2025-12-02
REF-001855,PRV-959,PRV-834,FAC-105,MEM-04312,2025-12-03
REF-001856,PRV-959,PRV-834,FAC-219,MEM-02291,2025-12-03
REF-001857,PRV-544,PRV-110,FAC-152,MEM-01224,2025-12-03
REF-001858,PRV-416,PRV-260,FAC-074,MEM-08842,2025-12-03
REF-001859,PRV-182,PRV-751,FAC-162,MEM-03742,2025-12-03
REF-001860,PRV-544,PRV-112,FAC-172,MEM-05155,2025-12-03
REF-001861,PRV-515,PRV-747,FAC-069,MEM-04293,2025-12-03
REF-001862,PRV-992,PRV-070,FAC-006,MEM-04160,2025-12-03
REF-001863,PRV-744,PRV-489,FAC-054,MEM-10608,2025-12-03
REF-001864,PRV-408,PRV-813,FAC-004,MEM-07633,2025-12-03
REF-001865,PRV-501,PRV-147,FAC-025,MEM-05200,2025-12-03
REF-001866,PRV-074,PRV-716,FAC-083,MEM-01940,2025-12-04
REF-001867,PRV-759,PRV-815,FAC-233,MEM-02155,2025-12-04
REF-001868,PRV-733,PRV-448,FAC-012,MEM-02410,2025-12-04
REF-001869,PRV-083,PRV-775,FAC-031,MEM-07092,2025-12-04
REF-001870,PRV-544,PRV-112,FAC-172,MEM-08719,2025-12-04
REF-001871,PRV-978,PRV-442,FAC-036,MEM-08216,2025-12-04
REF-001872,PRV-003,PRV-790,FAC-037,MEM-08356,2025-12-04
REF-001873,PRV-290,PRV-831,FAC-115,MEM-03133,2025-12-04
REF-001874,PRV-541,PRV-620,FAC-050,MEM-02831,2025-12-04
REF-001875,PRV-744,PRV-860,FAC-001,MEM-05145,2025-12-04
REF-001876,PRV-959,PRV-244,FAC-180,MEM-11245,2025-12-04
REF-001877,PRV-541,PRV-620,FAC-050,MEM-10936,2025-12-04
REF-001878,PRV-486,PRV-215,FAC-096,MEM-02191,2025-12-05
REF-001879,PRV-744,PRV-442,FAC-036,MEM-00720,2025-12-05
REF-001880,PRV-782,PRV-418,FAC-208,MEM-02561,2025-12-05
REF-001881,PRV-493,PRV-160,FAC-182,MEM-06001,2025-12-05
REF-001882,PRV-344,PRV-188,FAC-163,MEM-03292,2025-12-05
REF-001883,PRV-386,PRV-322,FAC-222,MEM-04978,2025-12-05
REF-001884,PRV-415,PRV-287,FAC-044,MEM-03772,2025-12-05
REF-001885,PRV-730,PRV-716,FAC-083,MEM-00400,2025-12-05
REF-001886,PRV-759,PRV-231,FAC-146,MEM-09417,2025-12-05
REF-001887,PRV-259,PRV-838,FAC-197,MEM-09542,2025-12-05
REF-001888,PRV-544,PRV-112,FAC-010,MEM-09305,2025-12-05
REF-001889,PRV-544,PRV-112,FAC-010,MEM-01646,2025-12-06
REF-001890,PRV-501,PRV-147,FAC-025,MEM-01143,2025-12-06
REF-001891,PRV-288,PRV-611,FAC-154,MEM-07294,2025-12-06
REF-001892,PRV-579,PRV-048,FAC-255,MEM-01433,2025-12-06
REF-001893,PRV-952,PRV-475,FAC-187,MEM-10339,2025-12-06
REF-001894,PRV-501,PRV-147,FAC-025,MEM-01576,2025-12-06
REF-001895,PRV-992,PRV-971,FAC-015,MEM-06863,2025-12-06
REF-001896,PRV-541,PRV-620,FAC-050,MEM-02408,2025-12-06
REF-001897,PRV-783,PRV-722,FAC-034,MEM-05819,2025-12-06
REF-001898,PRV-744,PRV-489,FAC-054,MEM-03486,2025-12-07
REF-001899,PRV-959,PRV-244,FAC-180,MEM-11948,2025-12-07
REF-001900,PRV-917,PRV-926,FAC-231,MEM-09539,2025-12-07
REF-001901,PRV-440,PRV-095,FAC-231,MEM-02807,2025-12-07
REF-001902,PRV-559,PRV-254,FAC-041,MEM-05043,2025-12-07
REF-001903,PRV-178,PRV-775,FAC-031,MEM-00966,2025-12-07
REF-001904,PRV-867,PRV-764,FAC-234,MEM-11550,2025-12-07
REF-001905,PRV-515,PRV-654,FAC-255,MEM-07427,2025-12-07
REF-001906,PRV-501,PRV-147,FAC-025,MEM-07627,2025-12-08
REF-001907,PRV-625,PRV-233,FAC-099,MEM-10038,2025-12-08
REF-001908,PRV-752,PRV-884,FAC-012,MEM-11068,2025-12-08
REF-001909,PRV-165,PRV-038,FAC-199,MEM-00270,2025-12-08
REF-001910,PRV-090,PRV-263,FAC-129,MEM-07952,2025-12-08
REF-001911,PRV-255,PRV-464,FAC-143,MEM-03160,2025-12-08
REF-001912,PRV-544,PRV-678,FAC-222,MEM-01147,2025-12-08
REF-001913,PRV-911,PRV-821,FAC-093,MEM-03048,2025-12-09
REF-001914,PRV-544,PRV-112,FAC-010,MEM-10017,2025-12-09
REF-001915,PRV-446,PRV-557,FAC-042,MEM-00930,2025-12-09
REF-001916,PRV-173,PRV-159,FAC-170,MEM-01055,2025-12-09
REF-001917,PRV-272,PRV-170,FAC-127,MEM-05848,2025-12-09
REF-001918,PRV-994,PRV-140,FAC-073,MEM-05183,2025-12-09
REF-001919,PRV-501,PRV-147,FAC-008,MEM-07968,2025-12-09
REF-001920,PRV-501,PRV-147,FAC-025,MEM-04765,2025-12-09
REF-001921,PRV-702,PRV-924,FAC-022,MEM-11391,2025-12-10
REF-001922,PRV-115,PRV-034,FAC-054,MEM-03345,2025-12-10
REF-001923,PRV-015,PRV-588,FAC-211,MEM-01419,2025-12-10
REF-001924,PRV-541,PRV-620,FAC-050,MEM-03545,2025-12-11
REF-001925,PRV-544,PRV-112,FAC-010,MEM-08602,2025-12-11
REF-001926,PRV-222,PRV-217,FAC-166,MEM-06590,2025-12-11
REF-001927,PRV-024,PRV-803,FAC-156,MEM-02857,2025-12-12
REF-001928,PRV-994,PRV-712,FAC-032,MEM-07229,2025-12-12
REF-001929,PRV-867,PRV-236,FAC-222,MEM-07731,2025-12-12
REF-001930,PRV-416,PRV-231,FAC-146,MEM-10631,2025-12-12
REF-001931,PRV-706,PRV-803,FAC-156,MEM-05762,2025-12-12
REF-001932,PRV-744,PRV-489,FAC-054,MEM-00411,2025-12-12
REF-001933,PRV-673,PRV-381,FAC-027,MEM-00603,2025-12-12
REF-001934,PRV-997,PRV-214,FAC-179,MEM-04466,2025-12-13
REF-001935,PRV-730,PRV-614,FAC-203,MEM-02032,2025-12-13
REF-001936,PRV-115,PRV-478,FAC-229,MEM-11350,2025-12-13
REF-001937,PRV-744,PRV-489,FAC-054,MEM-09529,2025-12-13
REF-001938,PRV-544,PRV-112,FAC-010,MEM-10695,2025-12-13
REF-001939,PRV-978,PRV-442,FAC-036,MEM-05168,2025-12-13
REF-001940,PRV-344,PRV-741,FAC-187,MEM-01484,2025-12-13
REF-001941,PRV-059,PRV-748,FAC-220,MEM-10063,2025-12-13
REF-001942,PRV-744,PRV-489,FAC-054,MEM-10467,2025-12-13
REF-001943,PRV-413,PRV-827,FAC-207,MEM-10093,2025-12-14
REF-001944,PRV-544,PRV-112,FAC-010,MEM-01176,2025-12-14
REF-001945,PRV-726,PRV-713,FAC-108,MEM-05768,2025-12-14
REF-001946,PRV-978,PRV-442,FAC-036,MEM-08965,2025-12-14
REF-001947,PRV-410,PRV-102,FAC-012,MEM-11623,2025-12-14
REF-001948,PRV-916,PRV-373,FAC-241,MEM-07038,2025-12-15
REF-001949,PRV-521,PRV-624,FAC-253,MEM-09747,2025-12-15
REF-001950,PRV-959,PRV-244,FAC-180,MEM-06057,2025-12-15
REF-001951,PRV-978,PRV-442,FAC-036,MEM-10861,2025-12-15
REF-001952,PRV-917,PRV-189,FAC-173,MEM-03161,2025-12-15
REF-001953,PRV-544,PRV-112,FAC-010,MEM-04522,2025-12-15
REF-001954,PRV-978,PRV-442,FAC-036,MEM-01980,2025-12-16
REF-001955,PRV-182,PRV-324,FAC-166,MEM-09779,2025-12-16
REF-001956,PRV-544,PRV-112,FAC-010,MEM-08228,2025-12-17
REF-001957,PRV-959,PRV-244,FAC-180,MEM-01886,2025-12-17
REF-001958,PRV-410,PRV-102,FAC-044,MEM-09967,2025-12-17
REF-001959,PRV-541,PRV-620,FAC-050,MEM-00585,2025-12-17
REF-001960,PRV-116,PRV-108,FAC-003,MEM-01650,2025-12-17
REF-001961,PRV-940,PRV-365,FAC-097,MEM-08814,2025-12-18
REF-001962,PRV-978,PRV-442,FAC-036,MEM-10988,2025-12-18
REF-001963,PRV-128,PRV-556,FAC-090,MEM-04848,2025-12-18
REF-001964,PRV-743,PRV-306,FAC-003,MEM-04147,2025-12-19
REF-001965,PRV-541,PRV-620,FAC-050,MEM-04399,2025-12-19
REF-001966,PRV-283,PRV-452,FAC-137,MEM-00547,2025-12-19
REF-001967,PRV-609,PRV-678,FAC-222,MEM-02710,2025-12-19
REF-001968,PRV-541,PRV-620,FAC-050,MEM-01533,2025-12-19
REF-001969,PRV-427,PRV-878,FAC-257,MEM-10014,2025-12-19
REF-001970,PRV-058,PRV-530,FAC-026,MEM-09365,2025-12-20
REF-001971,PRV-341,PRV-495,FAC-115,MEM-08627,2025-12-20
REF-001972,PRV-612,PRV-703,FAC-207,MEM-10229,2025-12-20
REF-001973,PRV-843,PRV-039,FAC-237,MEM-09926,2025-12-20
REF-001974,PRV-541,PRV-620,FAC-050,MEM-09886,2025-12-20
REF-001975,PRV-501,PRV-147,FAC-025,MEM-02311,2025-12-20
REF-001976,PRV-182,PRV-187,FAC-088,MEM-00897,2025-12-21
REF-001977,PRV-255,PRV-324,FAC-032,MEM-09939,2025-12-21
REF-001978,PRV-744,PRV-489,FAC-054,MEM-10458,2025-12-21
REF-001979,PRV-744,PRV-489,FAC-054,MEM-07377,2025-12-21
REF-001980,PRV-486,PRV-215,FAC-096,MEM-10934,2025-12-21
REF-001981,PRV-783,PRV-056,FAC-205,MEM-00236,2025-12-21
REF-001982,PRV-058,PRV-530,FAC-026,MEM-10110,2025-12-22
REF-001983,PRV-541,PRV-620,FAC-050,MEM-00211,2025-12-22
REF-001984,PRV-501,PRV-147,FAC-025,MEM-09355,2025-12-22
REF-001985,PRV-721,PRV-645,FAC-247,MEM-03624,2025-12-22
REF-001986,PRV-906,PRV-375,FAC-031,MEM-08408,2025-12-22
REF-001987,PRV-138,PRV-385,FAC-131,MEM-04625,2025-12-23
REF-001988,PRV-384,PRV-430,FAC-004,MEM-00811,2025-12-23
REF-001989,PRV-569,PRV-610,FAC-056,MEM-02428,2025-12-23
REF-001990,PRV-046,PRV-986,FAC-247,MEM-02317,2025-12-23
REF-001991,PRV-011,PRV-685,FAC-044,MEM-04241,2025-12-24
REF-001992,PRV-068,PRV-270,FAC-081,MEM-04112,2025-12-24
REF-001993,PRV-508,PRV-723,FAC-256,MEM-11387,2025-12-24
REF-001994,PRV-921,PRV-599,FAC-254,MEM-09401,2025-12-24
REF-001995,PRV-416,PRV-231,FAC-146,MEM-05667,2025-12-24
REF-001996,PRV-309,PRV-170,FAC-127,MEM-02492,2025-12-25
REF-001997,PRV-730,PRV-614,FAC-203,MEM-00680,2025-12-25
REF-001998,PRV-952,PRV-355,FAC-108,MEM-08178,2025-12-25
REF-001999,PRV-115,PRV-745,FAC-001,MEM-05639,2025-12-25
REF-002000,PRV-661,PRV-445,FAC-021,MEM-06648,2025-12-25
REF-002001,PRV-015,PRV-243,FAC-173,MEM-08795,2025-12-25
REF-002002,PRV-239,PRV-086,FAC-011,MEM-03407,2025-12-25
REF-002003,PRV-988,PRV-893,FAC-069,MEM-03773,2025-12-25
REF-002004,PRV-521,PRV-141,FAC-243,MEM-00857,2025-12-25
REF-002005,PRV-484,PRV-555,FAC-222,MEM-06502,2025-12-25
REF-002006,PRV-372,PRV-197,FAC-049,MEM-02445,2025-12-26
REF-002007,PRV-559,PRV-378,FAC-184,MEM-11238,2025-12-26
REF-002008,PRV-541,PRV-332,FAC-176,MEM-04839,2025-12-26
REF-002009,PRV-511,PRV-580,FAC-046,MEM-02200,2025-12-26
REF-002010,PRV-544,PRV-112,FAC-010,MEM-07086,2025-12-26
REF-002011,PRV-436,PRV-053,FAC-154,MEM-02666,2025-12-26
REF-002012,PRV-927,PRV-342,FAC-221,MEM-00423,2025-12-26
REF-002013,PRV-808,PRV-896,FAC-064,MEM-11438,2025-12-26
REF-002014,PRV-099,PRV-829,FAC-222,MEM-11440,2025-12-26
REF-002015,PRV-501,PRV-147,FAC-025,MEM-04987,2025-12-27
REF-002016,PRV-229,PRV-159,FAC-170,MEM-00830,2025-12-27
REF-002017,PRV-432,PRV-669,FAC-028,MEM-10725,2025-12-27
REF-002018,PRV-957,PRV-881,FAC-031,MEM-00108,2025-12-27
REF-002019,PRV-870,PRV-971,FAC-015,MEM-00235,2025-12-27
REF-002020,PRV-634,PRV-818,FAC-068,MEM-10682,2025-12-27
REF-002021,PRV-744,PRV-489,FAC-054,MEM-02216,2025-12-27
REF-002022,PRV-617,PRV-622,FAC-209,MEM-01414,2025-12-27
REF-002023,PRV-435,PRV-632,FAC-015,MEM-06801,2025-12-27
REF-002024,PRV-658,PRV-189,FAC-173,MEM-10823,2025-12-27
REF-002025,PRV-186,PRV-124,FAC-141,MEM-07159,2025-12-27
REF-002026,PRV-520,PRV-047,FAC-127,MEM-07377,2025-12-27
REF-002027,PRV-823,PRV-023,FAC-184,MEM-08469,2025-12-28
REF-002028,PRV-222,PRV-946,FAC-102,MEM-03965,2025-12-28
REF-002029,PRV-027,PRV-130,FAC-101,MEM-03776,2025-12-28
REF-002030,PRV-959,PRV-244,FAC-180,MEM-10985,2025-12-28
REF-002031,PRV-607,PRV-642,FAC-235,MEM-03050,2025-12-28
REF-002032,PRV-250,PRV-035,FAC-183,MEM-03347,2025-12-28
REF-002033,PRV-541,PRV-620,FAC-050,MEM-05206,2025-12-28
REF-002034,PRV-165,PRV-038,FAC-199,MEM-05365,2025-12-28
REF-002035,PRV-957,PRV-881,FAC-031,MEM-03103,2025-12-28
REF-002036,PRV-272,PRV-080,FAC-201,MEM-11965,2025-12-30
REF-002037,PRV-601,PRV-602,FAC-154,MEM-08489,2025-12-30
REF-002038,PRV-856,PRV-946,FAC-102,MEM-03965,2025-12-30
REF-002039,PRV-099,PRV-146,FAC-200,MEM-03129,2025-12-30
REF-002040,PRV-992,PRV-260,FAC-074,MEM-03774,2025-12-30
REF-002041,PRV-709,PRV-962,FAC-004,MEM-00571,2025-12-30
REF-002042,PRV-166,PRV-377,FAC-008,MEM-01656,2025-12-30
REF-002043,PRV-978,PRV-442,FAC-036,MEM-11866,2025-12-30
REF-002044,PRV-978,PRV-442,FAC-036,MEM-10590,2025-12-30
REF-002045,PRV-798,PRV-472,FAC-187,MEM-06848,2025-12-30
REF-002046,PRV-744,PRV-860,FAC-058,MEM-09235,2025-12-30
REF-002047,PRV-569,PRV-146,FAC-200,MEM-00581,2025-12-30
REF-002048,PRV-501,PRV-147,FAC-025,MEM-00457,2025-12-30
REF-002049,PRV-415,PRV-857,FAC-134,MEM-11014,2025-12-31
REF-002050,PRV-021,PRV-990,FAC-098,MEM-08832,2025-12-31
REF-002051,PRV-466,PRV-686,FAC-009,MEM-06794,2025-12-31
REF-002052,PRV-541,PRV-620,FAC-050,MEM-08543,2025-12-31
REF-002053,PRV-609,PRV-656,FAC-046,MEM-10184,2025-12-31
REF-002054,PRV-415,PRV-723,FAC-256,MEM-08009,2026-01-01
REF-002055,PRV-839,PRV-926,FAC-231,MEM-05929,2026-01-01
REF-002056,PRV-959,PRV-244,FAC-180,MEM-04595,2026-01-01
REF-002057,PRV-731,PRV-700,FAC-044,MEM-01416,2026-01-01
REF-002058,PRV-460,PRV-215,FAC-096,MEM-11914,2026-01-01
REF-002059,PRV-605,PRV-601,FAC-155,MEM-10767,2026-01-01
REF-002060,PRV-440,PRV-095,FAC-231,MEM-03946,2026-01-01
REF-002061,PRV-307,PRV-086,FAC-011,MEM-06588,2026-01-01
REF-002062,PRV-605,PRV-601,FAC-155,MEM-03294,2026-01-01
REF-002063,PRV-659,PRV-735,FAC-007,MEM-03770,2026-01-02
REF-002064,PRV-604,PRV-605,FAC-206,MEM-08230,2026-01-02
REF-002065,PRV-410,PRV-102,FAC-012,MEM-10776,2026-01-02
REF-002066,PRV-978,PRV-442,FAC-036,MEM-09072,2026-01-02
REF-002067,PRV-605,PRV-601,FAC-155,MEM-04350,2026-01-02
REF-002068,PRV-501,PRV-147,FAC-025,MEM-10065,2026-01-02
REF-002069,PRV-501,PRV-147,FAC-025,MEM-02876,2026-01-02
REF-002070,PRV-126,PRV-454,FAC-194,MEM-00217,2026-01-02
REF-002071,PRV-601,PRV-602,FAC-154,MEM-05821,2026-01-03
REF-002072,PRV-760,PRV-881,FAC-031,MEM-03789,2026-01-03
REF-002073,PRV-544,PRV-112,FAC-010,MEM-00143,2026-01-03
REF-002074,PRV-541,PRV-620,FAC-050,MEM-04358,2026-01-03
REF-002075,PRV-359,PRV-228,FAC-103,MEM-10768,2026-01-03
REF-002076,PRV-051,PRV-111,FAC-244,MEM-02114,2026-01-03
REF-002077,PRV-040,PRV-228,FAC-103,MEM-10622,2026-01-04
REF-002078,PRV-744,PRV-489,FAC-054,MEM-06010,2026-01-04
REF-002079,PRV-978,PRV-442,FAC-036,MEM-10128,2026-01-04
REF-002080,PRV-272,PRV-908,FAC-162,MEM-09028,2026-01-05
REF-002081,PRV-984,PRV-566,FAC-090,MEM-06261,2026-01-05
REF-002082,PRV-810,PRV-075,FAC-075,MEM-09253,2026-01-05
REF-002083,PRV-760,PRV-881,FAC-031,MEM-01803,2026-01-05
REF-002084,PRV-604,PRV-605,FAC-206,MEM-02869,2026-01-05
REF-002085,PRV-766,PRV-913,FAC-094,MEM-10873,2026-01-05
REF-002086,PRV-602,PRV-603,FAC-119,MEM-03369,2026-01-05
REF-002087,PRV-992,PRV-797,FAC-211,MEM-10558,2026-01-05
REF-002088,PRV-166,PRV-188,FAC-163,MEM-11007,2026-01-05
REF-002089,PRV-501,PRV-147,FAC-025,MEM-08948,2026-01-05
REF-002090,PRV-969,PRV-761,FAC-034,MEM-03212,2026-01-06
REF-002091,PRV-252,PRV-811,FAC-051,MEM-11185,2026-01-06
REF-002092,PRV-625,PRV-914,FAC-055,MEM-04163,2026-01-06
REF-002093,PRV-484,PRV-849,FAC-222,MEM-05743,2026-01-06
REF-002094,PRV-907,PRV-348,FAC-203,MEM-09483,2026-01-06
REF-002095,PRV-046,PRV-471,FAC-143,MEM-11433,2026-01-06
REF-002096,PRV-493,PRV-223,FAC-039,MEM-00827,2026-01-06
REF-002097,PRV-316,PRV-811,FAC-051,MEM-03713,2026-01-06
REF-002098,PRV-978,PRV-442,FAC-036,MEM-08173,2026-01-06
REF-002099,PRV-950,PRV-538,FAC-139,MEM-02188,2026-01-06
REF-002100,PRV-749,PRV-073,FAC-053,MEM-08818,2026-01-06
REF-002101,PRV-569,PRV-610,FAC-056,MEM-04975,2026-01-06
REF-002102,PRV-788,PRV-713,FAC-108,MEM-03924,2026-01-06
REF-002103,PRV-537,PRV-345,FAC-207,MEM-01913,2026-01-07
REF-002104,PRV-537,PRV-209,FAC-032,MEM-09555,2026-01-07
REF-002105,PRV-823,PRV-162,FAC-217,MEM-11669,2026-01-07
REF-002106,PRV-601,PRV-602,FAC-154,MEM-09227,2026-01-07
REF-002107,PRV-006,PRV-206,FAC-211,MEM-02502,2026-01-07
REF-002108,PRV-988,PRV-100,FAC-018,MEM-02667,2026-01-07
REF-002109,PRV-978,PRV-442,FAC-036,MEM-05641,2026-01-07
REF-002110,PRV-603,PRV-604,FAC-042,MEM-04942,2026-01-07
REF-002111,PRV-612,PRV-853,FAC-054,MEM-06261,2026-01-08
REF-002112,PRV-672,PRV-169,FAC-131,MEM-11571,2026-01-08
REF-002113,PRV-959,PRV-244,FAC-180,MEM-10350,2026-01-08
REF-002114,PRV-297,PRV-815,FAC-233,MEM-09089,2026-01-08
REF-002115,PRV-603,PRV-604,FAC-042,MEM-00192,2026-01-08
REF-002116,PRV-673,PRV-218,FAC-034,MEM-10173,2026-01-08
REF-002117,PRV-848,PRV-828,FAC-208,MEM-06119,2026-01-08
REF-002118,PRV-603,PRV-604,FAC-042,MEM-00439,2026-01-08
REF-002119,PRV-550,PRV-013,FAC-146,MEM-03709,2026-01-09
REF-002120,PRV-360,PRV-075,FAC-075,MEM-03051,2026-01-09
REF-002121,PRV-994,PRV-712,FAC-032,MEM-10076,2026-01-09
REF-002122,PRV-992,PRV-797,FAC-211,MEM-11465,2026-01-09
REF-002123,PRV-978,PRV-442,FAC-036,MEM-03621,2026-01-09
REF-002124,PRV-601,PRV-602,FAC-154,MEM-11210,2026-01-09
REF-002125,PRV-743,PRV-306,FAC-003,MEM-03882,2026-01-09
REF-002126,PRV-541,PRV-620,FAC-050,MEM-05065,2026-01-09
REF-002127,PRV-536,PRV-904,FAC-194,MEM-11463,2026-01-09
REF-002128,PRV-451,PRV-643,FAC-109,MEM-08064,2026-01-09
REF-002129,PRV-691,PRV-633,FAC-155,MEM-03436,2026-01-10
REF-002130,PRV-544,PRV-112,FAC-010,MEM-11587,2026-01-10
REF-002131,PRV-911,PRV-821,FAC-093,MEM-10948,2026-01-10
REF-002132,PRV-744,PRV-489,FAC-054,MEM-01328,2026-01-10
REF-002133,PRV-603,PRV-604,FAC-042,MEM-01701,2026-01-10
REF-002134,PRV-182,PRV-187,FAC-088,MEM-09717,2026-01-10
REF-002135,PRV-541,PRV-620,FAC-050,MEM-04643,2026-01-11
REF-002136,PRV-469,PRV-369,FAC-069,MEM-08145,2026-01-11
REF-002137,PRV-544,PRV-112,FAC-010,MEM-09292,2026-01-11
REF-002138,PRV-493,PRV-223,FAC-039,MEM-08088,2026-01-11
REF-002139,PRV-917,PRV-902,FAC-063,MEM-01901,2026-01-11
REF-002140,PRV-907,PRV-998,FAC-074,MEM-09102,2026-01-11
REF-002141,PRV-744,PRV-489,FAC-054,MEM-11911,2026-01-11
REF-002142,PRV-486,PRV-215,FAC-096,MEM-05282,2026-01-12
REF-002143,PRV-516,PRV-854,FAC-184,MEM-09046,2026-01-12
REF-002144,PRV-501,PRV-147,FAC-025,MEM-01729,2026-01-12
REF-002145,PRV-494,PRV-956,FAC-144,MEM-00374,2026-01-12
REF-002146,PRV-917,PRV-902,FAC-063,MEM-11718,2026-01-12
REF-002147,PRV-959,PRV-244,FAC-180,MEM-07020,2026-01-13
REF-002148,PRV-165,PRV-562,FAC-210,MEM-00800,2026-01-13
REF-002149,PRV-959,PRV-244,FAC-180,MEM-11340,2026-01-13
REF-002150,PRV-541,PRV-620,FAC-050,MEM-09820,2026-01-13
REF-002151,PRV-604,PRV-605,FAC-206,MEM-01151,2026-01-13
REF-002152,PRV-604,PRV-605,FAC-206,MEM-01151,2026-01-13
REF-002153,PRV-346,PRV-500,FAC-058,MEM-03581,2026-01-13
REF-002154,PRV-410,PRV-102,FAC-012,MEM-02857,2026-01-13
REF-002155,PRV-921,PRV-725,FAC-044,MEM-10950,2026-01-13
REF-002156,PRV-744,PRV-489,FAC-054,MEM-03961,2026-01-13
REF-002157,PRV-796,PRV-724,FAC-153,MEM-05119,2026-01-14
REF-002158,PRV-501,PRV-147,FAC-025,MEM-07335,2026-01-14
REF-002159,PRV-083,PRV-447,FAC-241,MEM-11059,2026-01-14
REF-002160,PRV-605,PRV-601,FAC-155,MEM-01131,2026-01-14
REF-002161,PRV-916,PRV-606,FAC-197,MEM-11659,2026-01-14
REF-002162,PRV-401,PRV-217,FAC-166,MEM-04762,2026-01-14
REF-002163,PRV-602,PRV-603,FAC-119,MEM-09726,2026-01-14
REF-002164,PRV-851,PRV-266,FAC-163,MEM-11692,2026-01-15
REF-002165,PRV-432,PRV-637,FAC-211,MEM-05950,2026-01-15
REF-002166,PRV-978,PRV-442,FAC-036,MEM-11183,2026-01-15
REF-002167,PRV-992,PRV-797,FAC-211,MEM-04395,2026-01-15
REF-002168,PRV-230,PRV-581,FAC-231,MEM-04307,2026-01-15
REF-002169,PRV-667,PRV-358,FAC-091,MEM-02810,2026-01-15
REF-002170,PRV-733,PRV-337,FAC-220,MEM-04439,2026-01-16
REF-002171,PRV-486,PRV-534,FAC-004,MEM-09837,2026-01-16
REF-002172,PRV-992,PRV-797,FAC-211,MEM-10324,2026-01-16
REF-002173,PRV-366,PRV-528,FAC-001,MEM-02516,2026-01-16
REF-002174,PRV-959,PRV-244,FAC-180,MEM-01264,2026-01-16
REF-002175,PRV-744,PRV-489,FAC-054,MEM-01443,2026-01-16
REF-002176,PRV-040,PRV-207,FAC-048,MEM-08394,2026-01-16
REF-002177,PRV-168,PRV-106,FAC-156,MEM-01138,2026-01-16
REF-002178,PRV-040,PRV-207,FAC-048,MEM-07522,2026-01-16
REF-002179,PRV-410,PRV-102,FAC-012,MEM-10910,2026-01-17
REF-002180,PRV-126,PRV-983,FAC-128,MEM-06515,2026-01-17
REF-002181,PRV-333,PRV-948,FAC-101,MEM-02041,2026-01-17
REF-002182,PRV-541,PRV-620,FAC-050,MEM-02663,2026-01-17
REF-002183,PRV-604,PRV-605,FAC-150,MEM-11438,2026-01-17
REF-002184,PRV-717,PRV-121,FAC-032,MEM-10208,2026-01-17
REF-002185,PRV-255,PRV-452,FAC-137,MEM-09698,2026-01-18
REF-002186,PRV-978,PRV-442,FAC-036,MEM-10374,2026-01-18
REF-002187,PRV-446,PRV-336,FAC-187,MEM-05517,2026-01-18
REF-002188,PRV-541,PRV-620,FAC-050,MEM-04503,2026-01-18
REF-002189,PRV-275,PRV-795,FAC-173,MEM-09824,2026-01-18
REF-002190,PRV-959,PRV-244,FAC-180,MEM-05708,2026-01-18
REF-002191,PRV-272,PRV-929,FAC-168,MEM-00468,2026-01-18
REF-002192,PRV-165,PRV-562,FAC-210,MEM-07889,2026-01-18
REF-002193,PRV-051,PRV-538,FAC-139,MEM-06502,2026-01-18
REF-002194,PRV-018,PRV-864,FAC-093,MEM-08914,2026-01-18
REF-002195,PRV-992,PRV-797,FAC-211,MEM-03339,2026-01-18
REF-002196,PRV-544,PRV-112,FAC-010,MEM-02160,2026-01-18
REF-002197,PRV-126,PRV-983,FAC-128,MEM-05348,2026-01-18
REF-002198,PRV-602,PRV-603,FAC-119,MEM-10968,2026-01-18
REF-002199,PRV-410,PRV-102,FAC-012,MEM-08974,2026-01-19
REF-002200,PRV-744,PRV-489,FAC-054,MEM-01903,2026-01-19
REF-002201,PRV-788,PRV-704,FAC-132,MEM-10918,2026-01-19
REF-002202,PRV-824,PRV-546,FAC-136,MEM-10380,2026-01-19
REF-002203,PRV-959,PRV-244,FAC-180,MEM-03656,2026-01-19
REF-002204,PRV-269,PRV-049,FAC-132,MEM-04082,2026-01-19
REF-002205,PRV-544,PRV-112,FAC-010,MEM-09822,2026-01-19
REF-002206,PRV-027,PRV-814,FAC-205,MEM-00661,2026-01-19
REF-002207,PRV-541,PRV-620,FAC-050,MEM-09335,2026-01-19
REF-002208,PRV-823,PRV-998,FAC-074,MEM-09102,2026-01-19
REF-002209,PRV-032,PRV-654,FAC-255,MEM-01801,2026-01-20
REF-002210,PRV-800,PRV-295,FAC-189,MEM-01321,2026-01-20
REF-002211,PRV-959,PRV-244,FAC-180,MEM-02745,2026-01-20
REF-002212,PRV-040,PRV-207,FAC-048,MEM-02633,2026-01-20
REF-002213,PRV-726,PRV-968,FAC-114,MEM-10920,2026-01-20
REF-002214,PRV-995,PRV-546,FAC-136,MEM-09660,2026-01-20
REF-002215,PRV-003,PRV-790,FAC-037,MEM-07617,2026-01-20
REF-002216,PRV-651,PRV-216,FAC-225,MEM-00809,2026-01-20
REF-002217,PRV-040,PRV-207,FAC-048,MEM-02637,2026-01-21
REF-002218,PRV-601,PRV-602,FAC-154,MEM-12000,2026-01-21
REF-002219,PRV-394,PRV-650,FAC-074,MEM-06765,2026-01-21
REF-002220,PRV-541,PRV-620,FAC-050,MEM-06432,2026-01-21
REF-002221,PRV-744,PRV-489,FAC-054,MEM-00336,2026-01-21
REF-002222,PRV-674,PRV-137,FAC-046,MEM-10016,2026-01-21
REF-002223,PRV-446,PRV-335,FAC-234,MEM-07036,2026-01-21
REF-002224,PRV-410,PRV-102,FAC-012,MEM-04842,2026-01-21
REF-002225,PRV-515,PRV-747,FAC-069,MEM-07451,2026-01-22
REF-002226,PRV-940,PRV-365,FAC-097,MEM-09938,2026-01-22
REF-002227,PRV-796,PRV-574,FAC-227,MEM-02807,2026-01-22
REF-002228,PRV-823,PRV-023,FAC-184,MEM-10579,2026-01-23
REF-002229,PRV-718,PRV-615,FAC-219,MEM-05879,2026-01-23
REF-002230,PRV-823,PRV-023,FAC-184,MEM-09509,2026-01-23
REF-002231,PRV-978,PRV-442,FAC-036,MEM-02623,2026-01-23
REF-002232,PRV-733,PRV-646,FAC-202,MEM-09252,2026-01-23
REF-002233,PRV-434,PRV-813,FAC-004,MEM-08529,2026-01-23
REF-002234,PRV-493,PRV-223,FAC-039,MEM-05419,2026-01-23
REF-002235,PRV-501,PRV-147,FAC-008,MEM-08846,2026-01-23
REF-002236,PRV-410,PRV-102,FAC-012,MEM-03270,2026-01-23
REF-002237,PRV-040,PRV-207,FAC-048,MEM-01573,2026-01-23
REF-002238,PRV-921,PRV-463,FAC-091,MEM-10921,2026-01-23
REF-002239,PRV-474,PRV-289,FAC-255,MEM-07952,2026-01-24
REF-002240,PRV-544,PRV-678,FAC-222,MEM-01549,2026-01-24
REF-002241,PRV-959,PRV-244,FAC-180,MEM-08541,2026-01-24
REF-002242,PRV-541,PRV-620,FAC-050,MEM-00744,2026-01-24
REF-002243,PRV-959,PRV-244,FAC-180,MEM-02323,2026-01-24
REF-002244,PRV-541,PRV-620,FAC-050,MEM-02865,2026-01-24
REF-002245,PRV-394,PRV-342,FAC-221,MEM-04766,2026-01-24
REF-002246,PRV-883,PRV-784,FAC-103,MEM-01812,2026-01-24
REF-002247,PRV-410,PRV-102,FAC-012,MEM-04895,2026-01-24
REF-002248,PRV-605,PRV-601,FAC-155,MEM-08241,2026-01-24
REF-002249,PRV-384,PRV-312,FAC-108,MEM-00865,2026-01-24
REF-002250,PRV-635,PRV-890,FAC-115,MEM-01840,2026-01-24
REF-002251,PRV-501,PRV-147,FAC-025,MEM-08198,2026-01-24
REF-002252,PRV-992,PRV-797,FAC-211,MEM-11710,2026-01-24
REF-002253,PRV-927,PRV-447,FAC-241,MEM-11059,2026-01-25
REF-002254,PRV-576,PRV-852,FAC-218,MEM-09315,2026-01-25
REF-002255,PRV-544,PRV-112,FAC-172,MEM-10944,2026-01-25
REF-002256,PRV-487,PRV-241,FAC-205,MEM-09006,2026-01-25
REF-002257,PRV-674,PRV-680,FAC-172,MEM-09098,2026-01-25
REF-002258,PRV-602,PRV-603,FAC-119,MEM-02276,2026-01-26
REF-002259,PRV-992,PRV-797,FAC-211,MEM-07616,2026-01-26
REF-002260,PRV-992,PRV-797,FAC-211,MEM-10377,2026-01-26
REF-002261,PRV-992,PRV-797,FAC-211,MEM-03530,2026-01-26
REF-002262,PRV-743,PRV-956,FAC-144,MEM-04598,2026-01-26
REF-002263,PRV-862,PRV-277,FAC-024,MEM-09111,2026-01-26
REF-002264,PRV-394,PRV-650,FAC-074,MEM-00351,2026-01-26
REF-002265,PRV-744,PRV-489,FAC-054,MEM-09390,2026-01-26
REF-002266,PRV-605,PRV-601,FAC-155,MEM-09294,2026-01-27
REF-002267,PRV-969,PRV-761,FAC-034,MEM-03212,2026-01-27
REF-002268,PRV-959,PRV-553,FAC-069,MEM-03497,2026-01-27
REF-002269,PRV-992,PRV-797,FAC-211,MEM-06303,2026-01-27
REF-002270,PRV-744,PRV-489,FAC-054,MEM-10049,2026-01-27
REF-002271,PRV-996,PRV-183,FAC-200,MEM-05402,2026-01-27
REF-002272,PRV-978,PRV-442,FAC-036,MEM-05342,2026-01-27
REF-002273,PRV-466,PRV-143,FAC-252,MEM-03660,2026-01-28
REF-002274,PRV-410,PRV-102,FAC-012,MEM-02376,2026-01-28
REF-002275,PRV-683,PRV-225,FAC-157,MEM-05149,2026-01-28
REF-002276,PRV-779,PRV-574,FAC-227,MEM-02306,2026-01-28
REF-002277,PRV-796,PRV-574,FAC-227,MEM-01130,2026-01-28
REF-002278,PRV-021,PRV-122,FAC-165,MEM-03735,2026-01-28
REF-002279,PRV-605,PRV-601,FAC-150,MEM-03092,2026-01-28
REF-002280,PRV-511,PRV-580,FAC-046,MEM-09537,2026-01-28
REF-002281,PRV-782,PRV-977,FAC-098,MEM-07297,2026-01-29
REF-002282,PRV-953,PRV-668,FAC-177,MEM-11204,2026-01-29
REF-002283,PRV-992,PRV-797,FAC-211,MEM-08262,2026-01-29
REF-002284,PRV-604,PRV-605,FAC-206,MEM-04978,2026-01-29
REF-002285,PRV-040,PRV-207,FAC-048,MEM-00379,2026-01-29
REF-002286,PRV-541,PRV-620,FAC-050,MEM-02099,2026-01-29
REF-002287,PRV-494,PRV-956,FAC-144,MEM-01567,2026-01-29
REF-002288,PRV-136,PRV-312,FAC-002,MEM-09896,2026-01-29
REF-002289,PRV-501,PRV-147,FAC-025,MEM-01422,2026-01-29
REF-002290,PRV-501,PRV-147,FAC-025,MEM-03426,2026-01-30
REF-002291,PRV-603,PRV-604,FAC-042,MEM-05565,2026-01-30
REF-002292,PRV-392,PRV-214,FAC-179,MEM-09684,2026-01-30
REF-002293,PRV-759,PRV-675,FAC-260,MEM-07416,2026-01-30
REF-002294,PRV-978,PRV-442,FAC-036,MEM-00854,2026-01-30
REF-002295,PRV-959,PRV-244,FAC-180,MEM-08314,2026-01-30
REF-002296,PRV-721,PRV-452,FAC-137,MEM-10251,2026-01-30
REF-002297,PRV-511,PRV-580,FAC-046,MEM-01578,2026-01-30
REF-002298,PRV-969,PRV-761,FAC-034,MEM-11250,2026-01-30
REF-002299,PRV-779,PRV-570,FAC-041,MEM-11003,2026-01-30
REF-002300,PRV-602,PRV-603,FAC-119,MEM-09863,2026-01-30
REF-002301,PRV-520,PRV-548,FAC-123,MEM-05669,2026-01-31
REF-002302,PRV-579,PRV-773,FAC-110,MEM-03315,2026-01-31
REF-002303,PRV-040,PRV-207,FAC-048,MEM-04967,2026-01-31
REF-002304,PRV-027,PRV-130,FAC-101,MEM-02025,2026-01-31
REF-002305,PRV-959,PRV-244,FAC-180,MEM-02597,2026-01-31
REF-002306,PRV-544,PRV-678,FAC-222,MEM-04733,2026-01-31
REF-002307,PRV-007,PRV-557,FAC-042,MEM-00541,2026-01-31
REF-002308,PRV-015,PRV-588,FAC-211,MEM-07904,2026-01-31
REF-002309,PRV-779,PRV-574,FAC-227,MEM-00680,2026-02-01
REF-002310,PRV-508,PRV-242,FAC-040,MEM-11768,2026-02-01
REF-002311,PRV-410,PRV-102,FAC-012,MEM-09823,2026-02-01
REF-002312,PRV-992,PRV-797,FAC-211,MEM-03151,2026-02-01
REF-002313,PRV-331,PRV-112,FAC-010,MEM-01729,2026-02-01
REF-002314,PRV-992,PRV-797,FAC-211,MEM-09597,2026-02-01
REF-002315,PRV-992,PRV-797,FAC-211,MEM-04371,2026-02-01
REF-002316,PRV-995,PRV-700,FAC-044,MEM-05285,2026-02-01
REF-002317,PRV-541,PRV-620,FAC-050,MEM-06093,2026-02-01
REF-002318,PRV-094,PRV-535,FAC-095,MEM-04837,2026-02-01
REF-002319,PRV-040,PRV-207,FAC-048,MEM-01162,2026-02-02
REF-002320,PRV-493,PRV-912,FAC-160,MEM-04239,2026-02-02
REF-002321,PRV-501,PRV-147,FAC-025,MEM-08556,2026-02-02
REF-002322,PRV-250,PRV-825,FAC-222,MEM-08290,2026-02-02
REF-002323,PRV-099,PRV-146,FAC-200,MEM-05982,2026-02-02
REF-002324,PRV-605,PRV-601,FAC-155,MEM-08125,2026-02-02
REF-002325,PRV-705,PRV-540,FAC-143,MEM-00225,2026-02-02
REF-002326,PRV-410,PRV-102,FAC-012,MEM-04972,2026-02-02
REF-002327,PRV-985,PRV-694,FAC-017,MEM-06604,2026-02-03
REF-002328,PRV-544,PRV-112,FAC-010,MEM-06972,2026-02-03
REF-002329,PRV-604,PRV-605,FAC-206,MEM-10226,2026-02-03
REF-002330,PRV-612,PRV-245,FAC-058,MEM-08153,2026-02-03
REF-002331,PRV-992,PRV-797,FAC-211,MEM-02178,2026-02-03
REF-002332,PRV-051,PRV-111,FAC-244,MEM-00724,2026-02-03
REF-002333,PRV-582,PRV-454,FAC-194,MEM-07739,2026-02-03
REF-002334,PRV-493,PRV-223,FAC-039,MEM-04454,2026-02-03
REF-002335,PRV-434,PRV-734,FAC-150,MEM-09846,2026-02-03
REF-002336,PRV-978,PRV-442,FAC-036,MEM-08904,2026-02-03
REF-002337,PRV-673,PRV-558,FAC-068,MEM-07032,2026-02-03
REF-002338,PRV-817,PRV-745,FAC-001,MEM-10076,2026-02-03
REF-002339,PRV-605,PRV-601,FAC-155,MEM-07493,2026-02-04
REF-002340,PRV-040,PRV-207,FAC-048,MEM-11205,2026-02-04
REF-002341,PRV-255,PRV-324,FAC-032,MEM-06131,2026-02-04
REF-002342,PRV-550,PRV-558,FAC-068,MEM-05683,2026-02-04
REF-002343,PRV-601,PRV-602,FAC-154,MEM-08458,2026-02-04
REF-002344,PRV-978,PRV-442,FAC-036,MEM-10732,2026-02-04
REF-002345,PRV-978,PRV-442,FAC-036,MEM-06120,2026-02-04
REF-002346,PRV-605,PRV-601,FAC-155,MEM-05818,2026-02-04
REF-002347,PRV-439,PRV-284,FAC-175,MEM-03975,2026-02-04
REF-002348,PRV-005,PRV-039,FAC-237,MEM-06009,2026-02-04
REF-002349,PRV-950,PRV-286,FAC-060,MEM-08851,2026-02-04
REF-002350,PRV-460,PRV-347,FAC-187,MEM-01263,2026-02-04
REF-002351,PRV-744,PRV-489,FAC-054,MEM-03191,2026-02-05
REF-002352,PRV-744,PRV-489,FAC-054,MEM-00063,2026-02-05
REF-002353,PRV-601,PRV-602,FAC-154,MEM-07324,2026-02-05
REF-002354,PRV-604,PRV-605,FAC-150,MEM-02557,2026-02-05
REF-002355,PRV-749,PRV-329,FAC-001,MEM-08126,2026-02-06
REF-002356,PRV-138,PRV-534,FAC-004,MEM-01160,2026-02-06
REF-002357,PRV-708,PRV-160,FAC-182,MEM-07550,2026-02-06
REF-002358,PRV-040,PRV-207,FAC-048,MEM-09908,2026-02-06
REF-002359,PRV-744,PRV-489,FAC-054,MEM-04566,2026-02-06
REF-002360,PRV-059,PRV-561,FAC-080,MEM-03850,2026-02-06
REF-002361,PRV-602,PRV-603,FAC-119,MEM-01067,2026-02-07
REF-002362,PRV-604,PRV-605,FAC-206,MEM-08742,2026-02-07
REF-002363,PRV-150,PRV-238,FAC-135,MEM-02076,2026-02-07
REF-002364,PRV-959,PRV-770,FAC-047,MEM-11641,2026-02-07
REF-002365,PRV-673,PRV-558,FAC-068,MEM-06901,2026-02-07
REF-002366,PRV-783,PRV-056,FAC-205,MEM-09733,2026-02-07
REF-002367,PRV-040,PRV-207,FAC-048,MEM-03019,2026-02-07
REF-002368,PRV-040,PRV-207,FAC-048,MEM-11412,2026-02-07
REF-002369,PRV-311,PRV-039,FAC-137,MEM-03877,2026-02-07
REF-002370,PRV-978,PRV-442,FAC-036,MEM-04266,2026-02-07
REF-002371,PRV-259,PRV-850,FAC-014,MEM-06966,2026-02-08
REF-002372,PRV-759,PRV-815,FAC-233,MEM-08993,2026-02-08
REF-002373,PRV-601,PRV-602,FAC-154,MEM-06664,2026-02-08
REF-002374,PRV-602,PRV-603,FAC-119,MEM-05991,2026-02-08
REF-002375,PRV-602,PRV-603,FAC-119,MEM-10036,2026-02-08
REF-002376,PRV-660,PRV-315,FAC-035,MEM-10790,2026-02-08
REF-002377,PRV-605,PRV-601,FAC-155,MEM-00491,2026-02-08
REF-002378,PRV-604,PRV-605,FAC-206,MEM-06276,2026-02-08
REF-002379,PRV-255,PRV-452,FAC-137,MEM-10208,2026-02-08
REF-002380,PRV-136,PRV-312,FAC-108,MEM-01680,2026-02-08
REF-002381,PRV-762,PRV-727,FAC-164,MEM-03635,2026-02-08
REF-002382,PRV-521,PRV-591,FAC-059,MEM-01125,2026-02-08
REF-002383,PRV-142,PRV-281,FAC-101,MEM-01307,2026-02-08
REF-002384,PRV-992,PRV-797,FAC-211,MEM-08711,2026-02-08
REF-002385,PRV-635,PRV-729,FAC-176,MEM-06080,2026-02-08
REF-002386,PRV-544,PRV-112,FAC-172,MEM-08115,2026-02-09
REF-002387,PRV-477,PRV-833,FAC-101,MEM-06428,2026-02-09
REF-002388,PRV-900,PRV-928,FAC-243,MEM-04064,2026-02-09
REF-002389,PRV-422,PRV-549,FAC-088,MEM-01049,2026-02-09
REF-002390,PRV-334,PRV-022,FAC-151,MEM-03434,2026-02-09
REF-002391,PRV-046,PRV-073,FAC-053,MEM-01555,2026-02-09
REF-002392,PRV-032,PRV-654,FAC-255,MEM-02653,2026-02-09
REF-002393,PRV-861,PRV-591,FAC-059,MEM-08026,2026-02-09
REF-002394,PRV-150,PRV-787,FAC-210,MEM-05084,2026-02-10
REF-002395,PRV-541,PRV-620,FAC-050,MEM-08850,2026-02-10
REF-002396,PRV-239,PRV-481,FAC-204,MEM-02490,2026-02-10
REF-002397,PRV-907,PRV-348,FAC-203,MEM-11462,2026-02-10
REF-002398,PRV-333,PRV-437,FAC-160,MEM-00787,2026-02-10
REF-002399,PRV-957,PRV-206,FAC-211,MEM-02294,2026-02-10
REF-002400,PRV-593,PRV-385,FAC-131,MEM-10511,2026-02-10
REF-002401,PRV-051,PRV-111,FAC-244,MEM-03565,2026-02-10
REF-002402,PRV-422,PRV-402,FAC-166,MEM-09921,2026-02-11
REF-002403,PRV-094,PRV-945,FAC-191,MEM-08739,2026-02-11
REF-002404,PRV-605,PRV-601,FAC-155,MEM-08777,2026-02-11
REF-002405,PRV-709,PRV-132,FAC-025,MEM-00012,2026-02-11
REF-002406,PRV-612,PRV-663,FAC-106,MEM-03536,2026-02-11
REF-002407,PRV-601,PRV-602,FAC-154,MEM-01589,2026-02-11
REF-002408,PRV-541,PRV-620,FAC-050,MEM-00851,2026-02-11
REF-002409,PRV-176,PRV-512,FAC-201,MEM-10561,2026-02-12
REF-002410,PRV-702,PRV-924,FAC-022,MEM-08773,2026-02-12
REF-002411,PRV-760,PRV-936,FAC-158,MEM-11362,2026-02-12
REF-002412,PRV-726,PRV-713,FAC-108,MEM-03434,2026-02-13
REF-002413,PRV-550,PRV-002,FAC-205,MEM-02304,2026-02-13
REF-002414,PRV-040,PRV-207,FAC-048,MEM-05880,2026-02-13
REF-002415,PRV-083,PRV-775,FAC-031,MEM-01542,2026-02-13
REF-002416,PRV-823,PRV-545,FAC-185,MEM-10693,2026-02-13
REF-002417,PRV-662,PRV-933,FAC-058,MEM-07554,2026-02-13
REF-002418,PRV-783,PRV-029,FAC-128,MEM-08794,2026-02-13
REF-002419,PRV-601,PRV-602,FAC-150,MEM-08817,2026-02-13
REF-002420,PRV-917,PRV-902,FAC-063,MEM-01901,2026-02-13
REF-002421,PRV-856,PRV-012,FAC-102,MEM-09184,2026-02-13
REF-002422,PRV-605,PRV-601,FAC-056,MEM-06772,2026-02-13
REF-002423,PRV-992,PRV-797,FAC-211,MEM-06883,2026-02-13
REF-002424,PRV-007,PRV-169,FAC-131,MEM-09302,2026-02-13
REF-002425,PRV-798,PRV-472,FAC-187,MEM-10972,2026-02-13
REF-002426,PRV-026,PRV-715,FAC-255,MEM-00095,2026-02-13
REF-002427,PRV-413,PRV-208,FAC-237,MEM-10447,2026-02-13
REF-002428,PRV-959,PRV-244,FAC-180,MEM-05215,2026-02-13
REF-002429,PRV-501,PRV-147,FAC-025,MEM-05581,2026-02-13
REF-002430,PRV-667,PRV-079,FAC-012,MEM-10323,2026-02-14
REF-002431,PRV-501,PRV-147,FAC-025,MEM-04594,2026-02-14
REF-002432,PRV-883,PRV-655,FAC-216,MEM-00817,2026-02-14
REF-002433,PRV-427,PRV-665,FAC-031,MEM-08340,2026-02-14
REF-002434,PRV-537,PRV-888,FAC-123,MEM-07158,2026-02-14
REF-002435,PRV-165,PRV-615,FAC-219,MEM-10657,2026-02-14
REF-002436,PRV-744,PRV-489,FAC-054,MEM-06792,2026-02-14
REF-002437,PRV-040,PRV-207,FAC-048,MEM-01036,2026-02-14
REF-002438,PRV-432,PRV-189,FAC-173,MEM-05798,2026-02-14
REF-002439,PRV-541,PRV-620,FAC-050,MEM-00585,2026-02-14
REF-002440,PRV-601,PRV-602,FAC-154,MEM-00857,2026-02-14
REF-002441,PRV-283,PRV-292,FAC-140,MEM-06127,2026-02-14
REF-002442,PRV-204,PRV-013,FAC-146,MEM-03709,2026-02-14
REF-002443,PRV-501,PRV-147,FAC-025,MEM-06664,2026-02-15
REF-002444,PRV-501,PRV-147,FAC-025,MEM-02615,2026-02-15
REF-002445,PRV-040,PRV-207,FAC-048,MEM-05553,2026-02-15
REF-002446,PRV-227,PRV-499,FAC-109,MEM-03037,2026-02-15
REF-002447,PRV-392,PRV-214,FAC-179,MEM-07940,2026-02-15
REF-002448,PRV-779,PRV-570,FAC-041,MEM-08975,2026-02-15
REF-002449,PRV-384,PRV-624,FAC-253,MEM-11251,2026-02-15
REF-002450,PRV-978,PRV-895,FAC-052,MEM-02055,2026-02-15
REF-002451,PRV-275,PRV-780,FAC-007,MEM-08471,2026-02-16
REF-002452,PRV-759,PRV-675,FAC-260,MEM-02375,2026-02-16
REF-002453,PRV-859,PRV-886,FAC-128,MEM-05055,2026-02-16
REF-002454,PRV-978,PRV-442,FAC-036,MEM-02430,2026-02-16
REF-002455,PRV-752,PRV-106,FAC-156,MEM-00647,2026-02-16
REF-002456,PRV-798,PRV-472,FAC-187,MEM-08615,2026-02-16
REF-002457,PRV-176,PRV-512,FAC-201,MEM-07461,2026-02-16
REF-002458,PRV-601,PRV-602,FAC-154,MEM-07845,2026-02-16
REF-002459,PRV-823,PRV-545,FAC-185,MEM-08766,2026-02-16
REF-002460,PRV-040,PRV-207,FAC-048,MEM-01239,2026-02-17
REF-002461,PRV-541,PRV-620,FAC-050,MEM-10936,2026-02-17
REF-002462,PRV-601,PRV-602,FAC-154,MEM-03781,2026-02-17
REF-002463,PRV-992,PRV-797,FAC-211,MEM-11369,2026-02-17
REF-002464,PRV-992,PRV-797,FAC-211,MEM-06644,2026-02-17
REF-002465,PRV-744,PRV-489,FAC-054,MEM-00332,2026-02-17
REF-002466,PRV-978,PRV-442,FAC-036,MEM-09439,2026-02-17
REF-002467,PRV-744,PRV-489,FAC-054,MEM-10269,2026-02-17
REF-002468,PRV-605,PRV-601,FAC-155,MEM-05653,2026-02-17
REF-002469,PRV-959,PRV-244,FAC-180,MEM-02613,2026-02-17
REF-002470,PRV-501,PRV-147,FAC-025,MEM-09807,2026-02-17
REF-002471,PRV-314,PRV-461,FAC-105,MEM-03418,2026-02-18
REF-002472,PRV-959,PRV-244,FAC-180,MEM-00032,2026-02-18
REF-002473,PRV-978,PRV-442,FAC-036,MEM-01720,2026-02-18
REF-002474,PRV-051,PRV-538,FAC-139,MEM-11366,2026-02-18
REF-002475,PRV-501,PRV-147,FAC-025,MEM-04075,2026-02-18
REF-002476,PRV-501,PRV-147,FAC-025,MEM-06037,2026-02-18
REF-002477,PRV-501,PRV-147,FAC-025,MEM-09084,2026-02-18
REF-002478,PRV-601,PRV-602,FAC-154,MEM-03135,2026-02-18
REF-002479,PRV-823,PRV-739,FAC-160,MEM-11678,2026-02-18
REF-002480,PRV-605,PRV-601,FAC-155,MEM-10481,2026-02-18
REF-002481,PRV-992,PRV-797,FAC-211,MEM-10466,2026-02-18
REF-002482,PRV-190,PRV-492,FAC-126,MEM-01387,2026-02-18
REF-002483,PRV-408,PRV-534,FAC-004,MEM-02363,2026-02-18
REF-002484,PRV-604,PRV-605,FAC-206,MEM-09876,2026-02-19
REF-002485,PRV-601,PRV-602,FAC-154,MEM-09260,2026-02-19
REF-002486,PRV-995,PRV-284,FAC-175,MEM-00785,2026-02-19
REF-002487,PRV-617,PRV-509,FAC-205,MEM-07278,2026-02-19
REF-002488,PRV-006,PRV-055,FAC-057,MEM-08600,2026-02-19
REF-002489,PRV-721,PRV-452,FAC-137,MEM-05916,2026-02-19
REF-002490,PRV-015,PRV-915,FAC-233,MEM-03806,2026-02-19
REF-002491,PRV-810,PRV-765,FAC-048,MEM-09750,2026-02-19
REF-002492,PRV-544,PRV-112,FAC-172,MEM-11867,2026-02-19
REF-002493,PRV-717,PRV-399,FAC-161,MEM-04599,2026-02-19
REF-002494,PRV-746,PRV-248,FAC-120,MEM-04003,2026-02-19
REF-002495,PRV-992,PRV-797,FAC-211,MEM-04648,2026-02-19
REF-002496,PRV-032,PRV-893,FAC-069,MEM-00074,2026-02-19
REF-002497,PRV-605,PRV-601,FAC-155,MEM-09922,2026-02-20
REF-002498,PRV-541,PRV-620,FAC-050,MEM-01872,2026-02-20
REF-002499,PRV-439,PRV-522,FAC-047,MEM-03657,2026-02-20
REF-002500,PRV-501,PRV-147,FAC-025,MEM-02692,2026-02-20
REF-002501,PRV-959,PRV-244,FAC-180,MEM-00032,2026-02-20
REF-002502,PRV-601,PRV-602,FAC-154,MEM-02666,2026-02-20
REF-002503,PRV-601,PRV-602,FAC-154,MEM-06105,2026-02-20
REF-002504,PRV-601,PRV-602,FAC-154,MEM-02006,2026-02-20
REF-002505,PRV-067,PRV-472,FAC-187,MEM-10934,2026-02-20
REF-002506,PRV-290,PRV-831,FAC-115,MEM-02953,2026-02-20
REF-002507,PRV-024,PRV-646,FAC-202,MEM-00116,2026-02-20
REF-002508,PRV-843,PRV-267,FAC-166,MEM-03521,2026-02-21
REF-002509,PRV-959,PRV-244,FAC-180,MEM-07028,2026-02-21
REF-002510,PRV-752,PRV-106,FAC-156,MEM-04959,2026-02-21
REF-002511,PRV-688,PRV-518,FAC-176,MEM-06549,2026-02-21
REF-002512,PRV-752,PRV-685,FAC-044,MEM-06965,2026-02-21
REF-002513,PRV-835,PRV-565,FAC-206,MEM-01562,2026-02-21
REF-002514,PRV-414,PRV-850,FAC-014,MEM-03121,2026-02-21
REF-002515,PRV-067,PRV-896,FAC-064,MEM-06315,2026-02-21
REF-002516,PRV-194,PRV-562,FAC-210,MEM-08660,2026-02-21
REF-002517,PRV-602,PRV-603,FAC-119,MEM-08544,2026-02-21
REF-002518,PRV-662,PRV-500,FAC-058,MEM-06422,2026-02-21
REF-002519,PRV-302,PRV-670,FAC-156,MEM-07586,2026-02-21
REF-002520,PRV-992,PRV-797,FAC-211,MEM-05760,2026-02-21
REF-002521,PRV-501,PRV-147,FAC-025,MEM-05627,2026-02-21
REF-002522,PRV-372,PRV-135,FAC-100,MEM-02376,2026-02-21
REF-002523,PRV-311,PRV-701,FAC-021,MEM-09618,2026-02-22
REF-002524,PRV-541,PRV-620,FAC-050,MEM-01828,2026-02-22
REF-002525,PRV-992,PRV-797,FAC-211,MEM-08360,2026-02-22
REF-002526,PRV-401,PRV-124,FAC-141,MEM-05915,2026-02-22
REF-002527,PRV-362,PRV-464,FAC-143,MEM-03160,2026-02-22
REF-002528,PRV-744,PRV-489,FAC-054,MEM-06155,2026-02-22
REF-002529,PRV-980,PRV-761,FAC-034,MEM-11503,2026-02-22
REF-002530,PRV-978,PRV-442,FAC-036,MEM-03386,2026-02-23
REF-002531,PRV-861,PRV-928,FAC-243,MEM-11945,2026-02-23
REF-002532,PRV-746,PRV-156,FAC-022,MEM-10424,2026-02-23
REF-002533,PRV-985,PRV-345,FAC-207,MEM-04907,2026-02-23
REF-002534,PRV-992,PRV-797,FAC-217,MEM-11020,2026-02-23
REF-002535,PRV-870,PRV-724,FAC-153,MEM-05866,2026-02-23
REF-002536,PRV-605,PRV-601,FAC-155,MEM-03986,2026-02-23
REF-002537,PRV-601,PRV-602,FAC-150,MEM-00069,2026-02-23
REF-002538,PRV-544,PRV-112,FAC-010,MEM-02649,2026-02-23
REF-002539,PRV-173,PRV-690,FAC-027,MEM-06244,2026-02-24
REF-002540,PRV-582,PRV-850,FAC-014,MEM-05569,2026-02-24
REF-002541,PRV-527,PRV-868,FAC-003,MEM-10278,2026-02-24
REF-002542,PRV-714,PRV-226,FAC-151,MEM-07481,2026-02-24
REF-002543,PRV-541,PRV-620,FAC-050,MEM-00864,2026-02-24
REF-002544,PRV-544,PRV-112,FAC-010,MEM-02058,2026-02-24
REF-002545,PRV-601,PRV-602,FAC-154,MEM-02811,2026-02-24
REF-002546,PRV-605,PRV-601,FAC-155,MEM-02500,2026-02-25
REF-002547,PRV-541,PRV-620,FAC-050,MEM-01992,2026-02-25
REF-002548,PRV-957,PRV-881,FAC-031,MEM-11179,2026-02-25
REF-002549,PRV-413,PRV-208,FAC-237,MEM-07485,2026-02-25
REF-002550,PRV-870,PRV-640,FAC-063,MEM-03100,2026-02-25
REF-002551,PRV-432,PRV-030,FAC-014,MEM-03346,2026-02-25
REF-002552,PRV-410,PRV-102,FAC-012,MEM-10716,2026-02-25
REF-002553,PRV-435,PRV-223,FAC-039,MEM-02788,2026-02-25
REF-002554,PRV-517,PRV-958,FAC-012,MEM-03878,2026-02-26
REF-002555,PRV-576,PRV-224,FAC-112,MEM-02561,2026-02-26
REF-002556,PRV-601,PRV-602,FAC-154,MEM-06713,2026-02-26
REF-002557,PRV-046,PRV-073,FAC-053,MEM-08030,2026-02-26
REF-002558,PRV-978,PRV-442,FAC-036,MEM-11001,2026-02-26
REF-002559,PRV-737,PRV-837,FAC-123,MEM-04620,2026-02-26
REF-002560,PRV-262,PRV-935,FAC-124,MEM-01205,2026-02-27
REF-002561,PRV-393,PRV-727,FAC-164,MEM-10108,2026-02-27
REF-002562,PRV-440,PRV-343,FAC-211,MEM-05417,2026-02-27
REF-002563,PRV-559,PRV-254,FAC-041,MEM-00838,2026-02-27
REF-002564,PRV-410,PRV-102,FAC-012,MEM-11372,2026-02-27
REF-002565,PRV-603,PRV-604,FAC-042,MEM-11002,2026-02-27
REF-002566,PRV-333,PRV-948,FAC-101,MEM-01779,2026-02-27
REF-002567,PRV-309,PRV-426,FAC-030,MEM-11107,2026-02-27
REF-002568,PRV-432,PRV-720,FAC-120,MEM-09417,2026-02-28
REF-002569,PRV-544,PRV-112,FAC-010,MEM-07001,2026-02-28
REF-002570,PRV-027,PRV-095,FAC-231,MEM-04424,2026-02-28
REF-002571,PRV-939,PRV-294,FAC-253,MEM-00421,2026-02-28
REF-002572,PRV-541,PRV-620,FAC-050,MEM-04112,2026-02-28
REF-002573,PRV-978,PRV-442,FAC-036,MEM-08166,2026-02-28
REF-002574,PRV-058,PRV-530,FAC-026,MEM-07699,2026-02-28
REF-002575,PRV-413,PRV-208,FAC-237,MEM-09681,2026-02-28
REF-002576,PRV-991,PRV-353,FAC-057,MEM-01020,2026-02-28
REF-002577,PRV-560,PRV-397,FAC-063,MEM-02946,2026-02-28
REF-002578,PRV-168,PRV-106,FAC-156,MEM-02239,2026-03-01
REF-002579,PRV-992,PRV-797,FAC-211,MEM-03309,2026-03-01
REF-002580,PRV-550,PRV-912,FAC-160,MEM-10254,2026-03-01
REF-002581,PRV-657,PRV-180,FAC-103,MEM-06560,2026-03-01
REF-002582,PRV-978,PRV-442,FAC-036,MEM-04545,2026-03-01
REF-002583,PRV-544,PRV-112,FAC-010,MEM-04478,2026-03-01
REF-002584,PRV-601,PRV-602,FAC-150,MEM-02505,2026-03-01
REF-002585,PRV-194,PRV-263,FAC-129,MEM-09454,2026-03-01
REF-002586,PRV-593,PRV-385,FAC-131,MEM-00745,2026-03-01
REF-002587,PRV-501,PRV-147,FAC-025,MEM-10232,2026-03-02
REF-002588,PRV-607,PRV-642,FAC-235,MEM-07777,2026-03-02
REF-002589,PRV-762,PRV-198,FAC-185,MEM-00040,2026-03-02
REF-002590,PRV-076,PRV-498,FAC-166,MEM-05501,2026-03-02
REF-002591,PRV-959,PRV-244,FAC-180,MEM-05933,2026-03-02
REF-002592,PRV-708,PRV-223,FAC-039,MEM-04662,2026-03-02
REF-002593,PRV-744,PRV-489,FAC-054,MEM-00964,2026-03-02
REF-002594,PRV-410,PRV-102,FAC-044,MEM-07147,2026-03-02
REF-002595,PRV-662,PRV-062,FAC-095,MEM-06114,2026-03-03
REF-002596,PRV-601,PRV-602,FAC-154,MEM-06352,2026-03-03
REF-002597,PRV-099,PRV-829,FAC-222,MEM-00930,2026-03-03
REF-002598,PRV-673,PRV-761,FAC-034,MEM-02393,2026-03-03
REF-002599,PRV-601,PRV-602,FAC-154,MEM-07879,2026-03-03
REF-002600,PRV-576,PRV-852,FAC-218,MEM-08097,2026-03-03
REF-002601,PRV-501,PRV-147,FAC-025,MEM-02840,2026-03-03
REF-002602,PRV-992,PRV-797,FAC-211,MEM-07050,2026-03-03
REF-002603,PRV-279,PRV-258,FAC-156,MEM-10068,2026-03-03
REF-002604,PRV-613,PRV-437,FAC-160,MEM-01676,2026-03-03
REF-002605,PRV-413,PRV-566,FAC-090,MEM-11421,2026-03-04
REF-002606,PRV-978,PRV-442,FAC-036,MEM-08793,2026-03-04
REF-002607,PRV-544,PRV-112,FAC-010,MEM-09308,2026-03-04
REF-002608,PRV-230,PRV-807,FAC-153,MEM-09415,2026-03-04
REF-002609,PRV-541,PRV-620,FAC-050,MEM-02920,2026-03-04
REF-002610,PRV-995,PRV-700,FAC-044,MEM-01416,2026-03-04
REF-002611,PRV-541,PRV-620,FAC-050,MEM-04678,2026-03-04
REF-002612,PRV-434,PRV-328,FAC-155,MEM-06239,2026-03-04
REF-002613,PRV-115,PRV-034,FAC-054,MEM-02233,2026-03-04
REF-002614,PRV-544,PRV-112,FAC-010,MEM-10361,2026-03-05
REF-002615,PRV-006,PRV-206,FAC-211,MEM-07513,2026-03-05
REF-002616,PRV-601,PRV-602,FAC-154,MEM-03450,2026-03-05
REF-002617,PRV-501,PRV-147,FAC-025,MEM-05739,2026-03-05
REF-002618,PRV-978,PRV-442,FAC-036,MEM-00873,2026-03-05
REF-002619,PRV-560,PRV-397,FAC-063,MEM-09453,2026-03-05
REF-002620,PRV-415,PRV-463,FAC-091,MEM-08462,2026-03-05
REF-002621,PRV-744,PRV-489,FAC-054,MEM-07079,2026-03-05
REF-002622,PRV-601,PRV-602,FAC-154,MEM-03489,2026-03-05
REF-002623,PRV-040,PRV-505,FAC-103,MEM-11774,2026-03-06
REF-002624,PRV-992,PRV-797,FAC-211,MEM-11005,2026-03-06
REF-002625,PRV-015,PRV-769,FAC-086,MEM-09903,2026-03-06
REF-002626,PRV-959,PRV-244,FAC-180,MEM-03473,2026-03-06
REF-002627,PRV-318,PRV-455,FAC-149,MEM-03376,2026-03-06
REF-002628,PRV-939,PRV-368,FAC-192,MEM-01287,2026-03-06
REF-002629,PRV-959,PRV-244,FAC-180,MEM-05113,2026-03-07
REF-002630,PRV-544,PRV-112,FAC-010,MEM-03178,2026-03-07
REF-002631,PRV-262,PRV-935,FAC-124,MEM-06469,2026-03-07
REF-002632,PRV-659,PRV-797,FAC-211,MEM-01787,2026-03-07
REF-002633,PRV-493,PRV-912,FAC-160,MEM-09217,2026-03-07
REF-002634,PRV-446,PRV-050,FAC-139,MEM-07598,2026-03-07
REF-002635,PRV-808,PRV-179,FAC-108,MEM-11888,2026-03-07
REF-002636,PRV-569,PRV-633,FAC-155,MEM-03924,2026-03-08
REF-002637,PRV-782,PRV-828,FAC-208,MEM-11965,2026-03-08
REF-002638,PRV-262,PRV-935,FAC-124,MEM-04613,2026-03-08
REF-002639,PRV-040,PRV-207,FAC-048,MEM-08936,2026-03-08
REF-002640,PRV-659,PRV-056,FAC-205,MEM-02777,2026-03-08
REF-002641,PRV-605,PRV-601,FAC-155,MEM-09898,2026-03-08
REF-002642,PRV-300,PRV-364,FAC-075,MEM-10269,2026-03-08
REF-002643,PRV-744,PRV-489,FAC-054,MEM-03769,2026-03-09
REF-002644,PRV-541,PRV-620,FAC-050,MEM-07193,2026-03-09
REF-002645,PRV-544,PRV-112,FAC-010,MEM-10292,2026-03-09
REF-002646,PRV-194,PRV-562,FAC-210,MEM-11280,2026-03-09
REF-002647,PRV-617,PRV-936,FAC-158,MEM-05896,2026-03-09
REF-002648,PRV-959,PRV-244,FAC-180,MEM-04664,2026-03-09
REF-002649,PRV-604,PRV-605,FAC-206,MEM-08198,2026-03-09
REF-002650,PRV-917,PRV-189,FAC-173,MEM-10127,2026-03-09
REF-002651,PRV-604,PRV-605,FAC-206,MEM-03376,2026-03-09
REF-002652,PRV-730,PRV-716,FAC-083,MEM-07556,2026-03-09
REF-002653,PRV-477,PRV-257,FAC-153,MEM-05194,2026-03-10
REF-002654,PRV-757,PRV-207,FAC-048,MEM-02697,2026-03-10
REF-002655,PRV-732,PRV-448,FAC-012,MEM-02410,2026-03-10
REF-002656,PRV-843,PRV-039,FAC-237,MEM-08234,2026-03-10
REF-002657,PRV-410,PRV-102,FAC-012,MEM-02667,2026-03-10
REF-002658,PRV-544,PRV-112,FAC-010,MEM-02152,2026-03-11
REF-002659,PRV-410,PRV-102,FAC-051,MEM-11450,2026-03-11
REF-002660,PRV-269,PRV-656,FAC-046,MEM-09178,2026-03-11
REF-002661,PRV-992,PRV-797,FAC-211,MEM-02995,2026-03-11
REF-002662,PRV-040,PRV-207,FAC-048,MEM-05715,2026-03-11
REF-002663,PRV-978,PRV-442,FAC-036,MEM-02679,2026-03-11
REF-002664,PRV-541,PRV-620,FAC-050,MEM-08693,2026-03-11
REF-002665,PRV-605,PRV-601,FAC-155,MEM-09485,2026-03-11
REF-002666,PRV-972,PRV-886,FAC-128,MEM-11655,2026-03-11
REF-002667,PRV-798,PRV-472,FAC-187,MEM-08615,2026-03-11
REF-002668,PRV-605,PRV-601,FAC-155,MEM-04199,2026-03-11
REF-002669,PRV-603,PRV-604,FAC-042,MEM-00135,2026-03-11
REF-002670,PRV-782,PRV-977,FAC-098,MEM-02059,2026-03-11
REF-002671,PRV-607,PRV-831,FAC-115,MEM-08574,2026-03-11
REF-002672,PRV-138,PRV-112,FAC-010,MEM-04105,2026-03-11
REF-002673,PRV-386,PRV-322,FAC-222,MEM-04978,2026-03-12
REF-002674,PRV-520,PRV-694,FAC-017,MEM-08801,2026-03-12
REF-002675,PRV-602,PRV-603,FAC-119,MEM-09150,2026-03-12
REF-002676,PRV-635,PRV-313,FAC-235,MEM-02008,2026-03-12
REF-002677,PRV-752,PRV-938,FAC-099,MEM-04826,2026-03-12
REF-002678,PRV-749,PRV-826,FAC-058,MEM-04464,2026-03-12
REF-002679,PRV-186,PRV-918,FAC-103,MEM-09999,2026-03-12
REF-002680,PRV-744,PRV-489,FAC-054,MEM-11897,2026-03-12
REF-002681,PRV-744,PRV-489,FAC-054,MEM-08448,2026-03-12
REF-002682,PRV-427,PRV-388,FAC-034,MEM-03998,2026-03-13
REF-002683,PRV-959,PRV-244,FAC-180,MEM-03995,2026-03-13
REF-002684,PRV-605,PRV-601,FAC-155,MEM-09293,2026-03-13
REF-002685,PRV-544,PRV-112,FAC-010,MEM-09005,2026-03-13
REF-002686,PRV-870,PRV-815,FAC-233,MEM-02268,2026-03-13
REF-002687,PRV-604,PRV-605,FAC-206,MEM-00338,2026-03-13
REF-002688,PRV-601,PRV-602,FAC-154,MEM-04957,2026-03-13
REF-002689,PRV-544,PRV-112,FAC-010,MEM-04680,2026-03-13
REF-002690,PRV-521,PRV-949,FAC-253,MEM-02063,2026-03-13
REF-002691,PRV-992,PRV-797,FAC-211,MEM-10014,2026-03-14
REF-002692,PRV-192,PRV-961,FAC-210,MEM-03607,2026-03-14
REF-002693,PRV-333,PRV-632,FAC-015,MEM-10216,2026-03-14
REF-002694,PRV-705,PRV-865,FAC-161,MEM-03509,2026-03-14
REF-002695,PRV-501,PRV-147,FAC-025,MEM-08293,2026-03-14
REF-002696,PRV-317,PRV-725,FAC-044,MEM-03817,2026-03-14
REF-002697,PRV-602,PRV-603,FAC-119,MEM-05057,2026-03-14
REF-002698,PRV-744,PRV-489,FAC-054,MEM-03985,2026-03-14
REF-002699,PRV-410,PRV-102,FAC-051,MEM-07716,2026-03-14
REF-002700,PRV-182,PRV-327,FAC-161,MEM-09000,2026-03-14
REF-002701,PRV-262,PRV-217,FAC-166,MEM-11313,2026-03-14
REF-002702,PRV-839,PRV-650,FAC-074,MEM-02282,2026-03-15
REF-002703,PRV-126,PRV-881,FAC-031,MEM-04446,2026-03-15
REF-002704,PRV-058,PRV-530,FAC-026,MEM-05727,2026-03-15
REF-002705,PRV-602,PRV-603,FAC-119,MEM-00944,2026-03-15
REF-002706,PRV-959,PRV-244,FAC-180,MEM-07769,2026-03-15
REF-002707,PRV-040,PRV-207,FAC-048,MEM-05528,2026-03-15
REF-002708,PRV-186,PRV-918,FAC-103,MEM-07638,2026-03-15
REF-002709,PRV-320,PRV-198,FAC-185,MEM-08988,2026-03-15
REF-002710,PRV-991,PRV-353,FAC-057,MEM-00168,2026-03-15
REF-002711,PRV-744,PRV-034,FAC-054,MEM-02233,2026-03-15
REF-002712,PRV-603,PRV-604,FAC-042,MEM-11797,2026-03-15
REF-002713,PRV-959,PRV-244,FAC-180,MEM-03920,2026-03-15
REF-002714,PRV-508,PRV-242,FAC-040,MEM-11566,2026-03-16
REF-002715,PRV-410,PRV-102,FAC-051,MEM-00052,2026-03-16
REF-002716,PRV-978,PRV-442,FAC-036,MEM-09301,2026-03-16
REF-002717,PRV-959,PRV-244,FAC-180,MEM-02140,2026-03-16
REF-002718,PRV-229,PRV-790,FAC-037,MEM-02002,2026-03-16
REF-002719,PRV-507,PRV-961,FAC-210,MEM-09402,2026-03-16
REF-002720,PRV-759,PRV-257,FAC-153,MEM-10460,2026-03-16
REF-002721,PRV-544,PRV-112,FAC-010,MEM-06939,2026-03-17
REF-002722,PRV-601,PRV-602,FAC-154,MEM-08568,2026-03-17
REF-002723,PRV-661,PRV-208,FAC-237,MEM-08662,2026-03-17
REF-002724,PRV-165,PRV-615,FAC-219,MEM-06607,2026-03-17
REF-002725,PRV-541,PRV-620,FAC-050,MEM-09320,2026-03-17
REF-002726,PRV-507,PRV-337,FAC-220,MEM-07236,2026-03-17
REF-002727,PRV-603,PRV-604,FAC-042,MEM-02921,2026-03-17
REF-002728,PRV-077,PRV-910,FAC-202,MEM-03245,2026-03-17
REF-002729,PRV-410,PRV-102,FAC-012,MEM-03558,2026-03-17
REF-002730,PRV-541,PRV-620,FAC-050,MEM-03405,2026-03-17
REF-002731,PRV-027,PRV-814,FAC-205,MEM-00681,2026-03-18
REF-002732,PRV-005,PRV-352,FAC-162,MEM-02940,2026-03-18
REF-002733,PRV-992,PRV-797,FAC-211,MEM-02701,2026-03-18
REF-002734,PRV-992,PRV-797,FAC-211,MEM-04208,2026-03-18
REF-002735,PRV-366,PRV-528,FAC-001,MEM-06669,2026-03-18
REF-002736,PRV-612,PRV-703,FAC-207,MEM-11358,2026-03-18
REF-002737,PRV-601,PRV-602,FAC-154,MEM-07735,2026-03-18
REF-002738,PRV-605,PRV-601,FAC-155,MEM-10653,2026-03-19
REF-002739,PRV-394,PRV-902,FAC-063,MEM-11061,2026-03-19
REF-002740,PRV-040,PRV-207,FAC-048,MEM-10124,2026-03-19
REF-002741,PRV-824,PRV-202,FAC-091,MEM-00256,2026-03-19
REF-002742,PRV-911,PRV-280,FAC-060,MEM-05745,2026-03-19
REF-002743,PRV-817,PRV-970,FAC-054,MEM-05049,2026-03-19
REF-002744,PRV-186,PRV-918,FAC-103,MEM-01061,2026-03-19
REF-002745,PRV-186,PRV-918,FAC-103,MEM-08030,2026-03-19
REF-002746,PRV-458,PRV-148,FAC-020,MEM-11743,2026-03-20
REF-002747,PRV-541,PRV-620,FAC-050,MEM-07728,2026-03-20
REF-002748,PRV-605,PRV-601,FAC-155,MEM-07036,2026-03-20
REF-002749,PRV-186,PRV-918,FAC-159,MEM-04802,2026-03-20
REF-002750,PRV-992,PRV-070,FAC-006,MEM-09543,2026-03-20
REF-002751,PRV-992,PRV-797,FAC-217,MEM-01247,2026-03-21
REF-002752,PRV-605,PRV-601,FAC-155,MEM-05392,2026-03-21
REF-002753,PRV-867,PRV-470,FAC-078,MEM-05505,2026-03-21
REF-002754,PRV-018,PRV-323,FAC-151,MEM-06815,2026-03-21
REF-002755,PRV-543,PRV-643,FAC-109,MEM-06040,2026-03-21
REF-002756,PRV-192,PRV-615,FAC-219,MEM-08400,2026-03-21
REF-002757,PRV-965,PRV-553,FAC-069,MEM-06255,2026-03-21
REF-002758,PRV-186,PRV-918,FAC-103,MEM-08396,2026-03-21
REF-002759,PRV-759,PRV-648,FAC-160,MEM-00795,2026-03-21
REF-002760,PRV-360,PRV-805,FAC-207,MEM-03461,2026-03-21
REF-002761,PRV-040,PRV-207,FAC-048,MEM-01702,2026-03-21
REF-002762,PRV-602,PRV-603,FAC-119,MEM-08898,2026-03-21
REF-002763,PRV-744,PRV-489,FAC-054,MEM-04823,2026-03-21
REF-002764,PRV-136,PRV-312,FAC-108,MEM-08330,2026-03-22
REF-002765,PRV-602,PRV-603,FAC-119,MEM-02642,2026-03-22
REF-002766,PRV-601,PRV-602,FAC-154,MEM-09537,2026-03-22
REF-002767,PRV-520,PRV-047,FAC-127,MEM-08484,2026-03-22
REF-002768,PRV-077,PRV-834,FAC-219,MEM-04639,2026-03-23
REF-002769,PRV-194,PRV-562,FAC-210,MEM-01508,2026-03-23
REF-002770,PRV-870,PRV-724,FAC-153,MEM-04103,2026-03-23
REF-002771,PRV-996,PRV-183,FAC-200,MEM-05402,2026-03-23
REF-002772,PRV-717,PRV-121,FAC-032,MEM-01487,2026-03-23
REF-002773,PRV-415,PRV-723,FAC-256,MEM-11978,2026-03-23
REF-002774,PRV-900,PRV-750,FAC-092,MEM-10273,2026-03-23
REF-002775,PRV-605,PRV-601,FAC-155,MEM-02639,2026-03-24
REF-002776,PRV-789,PRV-417,FAC-014,MEM-01445,2026-03-24
REF-002777,PRV-604,PRV-605,FAC-206,MEM-03953,2026-03-24
REF-002778,PRV-262,PRV-935,FAC-124,MEM-01913,2026-03-24
REF-002779,PRV-843,PRV-267,FAC-166,MEM-08394,2026-03-24
REF-002780,PRV-978,PRV-442,FAC-036,MEM-00543,2026-03-24
REF-002781,PRV-980,PRV-144,FAC-173,MEM-00791,2026-03-25
REF-002782,PRV-978,PRV-442,FAC-036,MEM-08472,2026-03-25
REF-002783,PRV-604,PRV-605,FAC-206,MEM-06121,2026-03-25
REF-002784,PRV-115,PRV-745,FAC-001,MEM-09559,2026-03-25
REF-002785,PRV-486,PRV-571,FAC-108,MEM-05457,2026-03-25
REF-002786,PRV-541,PRV-620,FAC-050,MEM-00485,2026-03-25
REF-002787,PRV-309,PRV-837,FAC-123,MEM-04620,2026-03-25
REF-002788,PRV-255,PRV-464,FAC-143,MEM-06410,2026-03-25
REF-002789,PRV-501,PRV-147,FAC-025,MEM-00087,2026-03-25
REF-002790,PRV-605,PRV-601,FAC-155,MEM-11827,2026-03-25
REF-002791,PRV-602,PRV-603,FAC-119,MEM-10088,2026-03-25
REF-002792,PRV-020,PRV-698,FAC-132,MEM-08405,2026-03-26
REF-002793,PRV-186,PRV-918,FAC-103,MEM-07462,2026-03-26
REF-002794,PRV-410,PRV-102,FAC-012,MEM-06252,2026-03-26
REF-002795,PRV-494,PRV-956,FAC-144,MEM-01431,2026-03-26
REF-002796,PRV-541,PRV-620,FAC-050,MEM-07772,2026-03-26
REF-002797,PRV-501,PRV-147,FAC-025,MEM-06441,2026-03-27
REF-002798,PRV-427,PRV-971,FAC-015,MEM-06677,2026-03-27
REF-002799,PRV-992,PRV-797,FAC-211,MEM-09736,2026-03-27
REF-002800,PRV-885,PRV-963,FAC-095,MEM-02196,2026-03-27
REF-002801,PRV-541,PRV-620,FAC-050,MEM-04519,2026-03-27
REF-002802,PRV-978,PRV-442,FAC-036,MEM-06043,2026-03-27
REF-002803,PRV-978,PRV-442,FAC-036,MEM-00993,2026-03-27
REF-002804,PRV-798,PRV-472,FAC-187,MEM-01636,2026-03-27
REF-002805,PRV-123,PRV-179,FAC-108,MEM-00842,2026-03-27
REF-002806,PRV-320,PRV-029,FAC-128,MEM-02858,2026-03-27
REF-002807,PRV-602,PRV-603,FAC-119,MEM-11493,2026-03-28
REF-002808,PRV-501,PRV-147,FAC-025,MEM-00195,2026-03-28
REF-002809,PRV-544,PRV-112,FAC-010,MEM-01125,2026-03-28
REF-002810,PRV-992,PRV-797,FAC-211,MEM-07321,2026-03-28
REF-002811,PRV-859,PRV-449,FAC-164,MEM-07092,2026-03-28
REF-002812,PRV-978,PRV-442,FAC-036,MEM-03254,2026-03-28
REF-002813,PRV-524,PRV-728,FAC-204,MEM-05392,2026-03-28
REF-002814,PRV-460,PRV-653,FAC-046,MEM-02188,2026-03-28
REF-002815,PRV-744,PRV-489,FAC-054,MEM-00330,2026-03-28
REF-002816,PRV-458,PRV-374,FAC-157,MEM-03555,2026-03-28
REF-002817,PRV-900,PRV-741,FAC-187,MEM-04040,2026-03-28
REF-002818,PRV-389,PRV-523,FAC-144,MEM-00622,2026-03-28
REF-002819,PRV-102,PRV-103,FAC-012,MEM-00247,2026-03-28
REF-002820,PRV-605,PRV-601,FAC-150,MEM-06629,2026-03-29
REF-002821,PRV-605,PRV-601,FAC-155,MEM-04919,2026-03-29
REF-002822,PRV-091,PRV-804,FAC-252,MEM-00605,2026-03-29
REF-002823,PRV-458,PRV-616,FAC-130,MEM-07931,2026-03-29
REF-002824,PRV-360,PRV-071,FAC-201,MEM-03468,2026-03-29
REF-002825,PRV-102,PRV-103,FAC-012,MEM-02449,2026-03-29
REF-002826,PRV-102,PRV-103,FAC-012,MEM-03915,2026-03-29
REF-002827,PRV-579,PRV-893,FAC-069,MEM-10443,2026-03-29
REF-002828,PRV-536,PRV-780,FAC-153,MEM-05889,2026-03-29
REF-002829,PRV-601,PRV-602,FAC-154,MEM-01808,2026-03-29
REF-002830,PRV-178,PRV-915,FAC-233,MEM-03806,2026-03-29
REF-002831,PRV-601,PRV-602,FAC-154,MEM-01129,2026-03-29
REF-002832,PRV-040,PRV-207,FAC-048,MEM-10427,2026-03-29
REF-002833,PRV-959,PRV-244,FAC-180,MEM-01491,2026-03-29
REF-002834,PRV-015,PRV-588,FAC-211,MEM-08736,2026-03-29
REF-002835,PRV-601,PRV-602,FAC-154,MEM-08676,2026-03-29
REF-002836,PRV-186,PRV-918,FAC-103,MEM-08659,2026-03-29
REF-002837,PRV-164,PRV-676,FAC-070,MEM-07226,2026-03-29
REF-002838,PRV-602,PRV-603,FAC-119,MEM-11178,2026-03-29
REF-002839,PRV-760,PRV-881,FAC-031,MEM-03103,2026-03-29
REF-002840,PRV-959,PRV-244,FAC-180,MEM-08876,2026-03-29
REF-002841,PRV-091,PRV-431,FAC-092,MEM-03228,2026-03-29
REF-002842,PRV-992,PRV-797,FAC-211,MEM-05742,2026-03-29
REF-002843,PRV-186,PRV-918,FAC-103,MEM-04882,2026-03-29
REF-002844,PRV-186,PRV-918,FAC-103,MEM-02487,2026-03-29
REF-002845,PRV-331,PRV-112,FAC-010,MEM-05522,2026-03-30
REF-002846,PRV-222,PRV-712,FAC-032,MEM-11733,2026-03-30
REF-002847,PRV-782,PRV-828,FAC-208,MEM-02067,2026-03-30
REF-002848,PRV-262,PRV-836,FAC-073,MEM-10804,2026-03-30
REF-002849,PRV-501,PRV-147,FAC-025,MEM-00991,2026-03-30
REF-002850,PRV-501,PRV-147,FAC-025,MEM-02551,2026-03-30
REF-002851,PRV-314,PRV-834,FAC-219,MEM-05248,2026-03-30
REF-002852,PRV-102,PRV-103,FAC-012,MEM-10973,2026-03-30
REF-002853,PRV-992,PRV-797,FAC-211,MEM-11362,2026-03-30
REF-002854,PRV-410,PRV-102,FAC-012,MEM-09010,2026-03-30
REF-002855,PRV-744,PRV-489,FAC-054,MEM-04305,2026-03-30
REF-002856,PRV-502,PRV-767,FAC-160,MEM-10639,2026-03-31
REF-002857,PRV-083,PRV-321,FAC-063,MEM-00815,2026-03-31
REF-002858,PRV-601,PRV-602,FAC-154,MEM-02638,2026-03-31
REF-002859,PRV-717,PRV-399,FAC-161,MEM-05881,2026-03-31
REF-002860,PRV-978,PRV-442,FAC-036,MEM-07801,2026-03-31
REF-002861,PRV-683,PRV-561,FAC-080,MEM-10794,2026-03-31
REF-002862,PRV-978,PRV-442,FAC-036,MEM-03008,2026-03-31
REF-002863,PRV-900,PRV-053,FAC-154,MEM-00443,2026-03-31
REF-002864,PRV-721,PRV-899,FAC-191,MEM-03798,2026-03-31
REF-002865,PRV-992,PRV-797,FAC-211,MEM-01208,2026-03-31
REF-002866,PRV-560,PRV-397,FAC-063,MEM-04492,2026-03-31
REF-002867,PRV-434,PRV-049,FAC-132,MEM-04609,2026-03-31
REF-002868,PRV-959,PRV-495,FAC-210,MEM-09092,2026-04-01
REF-002869,PRV-972,PRV-570,FAC-041,MEM-02839,2026-04-01
REF-002870,PRV-544,PRV-112,FAC-010,MEM-01202,2026-04-01
REF-002871,PRV-744,PRV-489,FAC-054,MEM-00337,2026-04-01
REF-002872,PRV-603,PRV-604,FAC-042,MEM-03337,2026-04-01
REF-002873,PRV-992,PRV-797,FAC-211,MEM-01651,2026-04-01
REF-002874,PRV-334,PRV-096,FAC-003,MEM-04508,2026-04-01
REF-002875,PRV-252,PRV-747,FAC-069,MEM-07451,2026-04-01
REF-002876,PRV-744,PRV-489,FAC-054,MEM-02706,2026-04-01
REF-002877,PRV-138,PRV-112,FAC-010,MEM-09324,2026-04-01
REF-002878,PRV-051,PRV-111,FAC-244,MEM-09912,2026-04-01
REF-002879,PRV-978,PRV-442,FAC-036,MEM-00625,2026-04-02
REF-002880,PRV-978,PRV-442,FAC-036,MEM-09681,2026-04-02
REF-002881,PRV-602,PRV-603,FAC-119,MEM-00443,2026-04-02
REF-002882,PRV-102,PRV-104,FAC-248,MEM-03442,2026-04-02
REF-002883,PRV-102,PRV-103,FAC-012,MEM-02684,2026-04-03
REF-002884,PRV-541,PRV-620,FAC-050,MEM-02344,2026-04-03
REF-002885,PRV-601,PRV-602,FAC-154,MEM-00581,2026-04-03
REF-002886,PRV-602,PRV-603,FAC-119,MEM-01023,2026-04-03
REF-002887,PRV-040,PRV-505,FAC-103,MEM-05754,2026-04-03
REF-002888,PRV-752,PRV-616,FAC-130,MEM-00254,2026-04-03
REF-002889,PRV-414,PRV-622,FAC-209,MEM-11580,2026-04-03
REF-002890,PRV-744,PRV-489,FAC-054,MEM-04951,2026-04-03
REF-002891,PRV-186,PRV-918,FAC-103,MEM-04602,2026-04-03
REF-002892,PRV-603,PRV-604,FAC-042,MEM-11062,2026-04-03
REF-002893,PRV-959,PRV-244,FAC-180,MEM-04488,2026-04-03
REF-002894,PRV-102,PRV-104,FAC-248,MEM-10045,2026-04-03
REF-002895,PRV-736,PRV-430,FAC-004,MEM-06100,2026-04-03
REF-002896,PRV-186,PRV-977,FAC-098,MEM-07297,2026-04-04
REF-002897,PRV-410,PRV-103,FAC-012,MEM-03088,2026-04-04
REF-002898,PRV-142,PRV-684,FAC-116,MEM-10205,2026-04-04
REF-002899,PRV-520,PRV-548,FAC-123,MEM-03253,2026-04-04
REF-002900,PRV-978,PRV-442,FAC-036,MEM-02161,2026-04-04
REF-002901,PRV-978,PRV-442,FAC-036,MEM-10636,2026-04-04
REF-002902,PRV-015,PRV-378,FAC-184,MEM-00145,2026-04-04
REF-002903,PRV-510,PRV-687,FAC-235,MEM-08146,2026-04-04
REF-002904,PRV-316,PRV-232,FAC-080,MEM-11975,2026-04-04
REF-002905,PRV-389,PRV-923,FAC-152,MEM-06964,2026-04-04
REF-002906,PRV-721,PRV-645,FAC-247,MEM-02535,2026-04-04
REF-002907,PRV-186,PRV-918,FAC-103,MEM-02963,2026-04-04
REF-002908,PRV-040,PRV-207,FAC-048,MEM-02790,2026-04-04
REF-002909,PRV-410,PRV-102,FAC-012,MEM-06426,2026-04-04
REF-002910,PRV-978,PRV-442,FAC-036,MEM-06267,2026-04-04
REF-002911,PRV-537,PRV-209,FAC-032,MEM-05657,2026-04-05
REF-002912,PRV-520,PRV-158,FAC-112,MEM-05776,2026-04-05
REF-002913,PRV-422,PRV-402,FAC-166,MEM-03448,2026-04-05
REF-002914,PRV-194,PRV-562,FAC-210,MEM-05186,2026-04-05
REF-002915,PRV-501,PRV-147,FAC-025,MEM-08898,2026-04-05
REF-002916,PRV-040,PRV-207,FAC-048,MEM-03486,2026-04-05
REF-002917,PRV-744,PRV-489,FAC-054,MEM-04029,2026-04-06
REF-002918,PRV-638,PRV-653,FAC-046,MEM-07112,2026-04-06
REF-002919,PRV-978,PRV-442,FAC-036,MEM-02683,2026-04-06
REF-002920,PRV-604,PRV-605,FAC-206,MEM-03053,2026-04-06
REF-002921,PRV-040,PRV-207,FAC-048,MEM-08759,2026-04-06
REF-002922,PRV-744,PRV-442,FAC-036,MEM-00720,2026-04-06
REF-002923,PRV-346,PRV-476,FAC-123,MEM-08726,2026-04-06
REF-002924,PRV-484,PRV-443,FAC-024,MEM-05874,2026-04-06
REF-002925,PRV-186,PRV-918,FAC-103,MEM-11632,2026-04-06
REF-002926,PRV-414,PRV-850,FAC-014,MEM-06966,2026-04-06
REF-002927,PRV-484,PRV-590,FAC-060,MEM-08495,2026-04-07
REF-002928,PRV-262,PRV-935,FAC-124,MEM-02383,2026-04-07
REF-002929,PRV-604,PRV-605,FAC-206,MEM-00143,2026-04-07
REF-002930,PRV-341,PRV-770,FAC-047,MEM-10774,2026-04-07
REF-002931,PRV-541,PRV-620,FAC-050,MEM-04033,2026-04-07
REF-002932,PRV-040,PRV-207,FAC-048,MEM-06655,2026-04-08
REF-002933,PRV-992,PRV-797,FAC-211,MEM-02791,2026-04-08
REF-002934,PRV-262,PRV-935,FAC-124,MEM-02128,2026-04-08
REF-002935,PRV-142,PRV-206,FAC-211,MEM-07513,2026-04-08
REF-002936,PRV-051,PRV-111,FAC-244,MEM-00724,2026-04-08
REF-002937,PRV-541,PRV-620,FAC-050,MEM-07831,2026-04-08
REF-002938,PRV-605,PRV-601,FAC-155,MEM-05406,2026-04-08
REF-002939,PRV-602,PRV-603,FAC-119,MEM-11219,2026-04-08
REF-002940,PRV-040,PRV-207,FAC-048,MEM-08033,2026-04-08
REF-002941,PRV-178,PRV-976,FAC-113,MEM-08787,2026-04-08
REF-002942,PRV-544,PRV-112,FAC-010,MEM-07001,2026-04-09
REF-002943,PRV-318,PRV-455,FAC-149,MEM-04983,2026-04-09
REF-002944,PRV-102,PRV-103,FAC-012,MEM-02163,2026-04-09
REF-002945,PRV-539,PRV-042,FAC-159,MEM-11823,2026-04-09
REF-002946,PRV-997,PRV-930,FAC-012,MEM-09813,2026-04-09
REF-002947,PRV-612,PRV-081,FAC-073,MEM-03094,2026-04-09
REF-002948,PRV-102,PRV-104,FAC-248,MEM-08582,2026-04-09
REF-002949,PRV-186,PRV-918,FAC-159,MEM-11648,2026-04-09
REF-002950,PRV-605,PRV-601,FAC-155,MEM-01227,2026-04-09
REF-002951,PRV-051,PRV-256,FAC-002,MEM-04222,2026-04-09
REF-002952,PRV-796,PRV-574,FAC-227,MEM-06215,2026-04-09
REF-002953,PRV-544,PRV-112,FAC-010,MEM-05382,2026-04-09
REF-002954,PRV-040,PRV-207,FAC-048,MEM-09669,2026-04-09
REF-002955,PRV-569,PRV-587,FAC-183,MEM-11315,2026-04-10
REF-002956,PRV-730,PRV-203,FAC-014,MEM-05216,2026-04-10
REF-002957,PRV-994,PRV-666,FAC-237,MEM-03254,2026-04-10
REF-002958,PRV-410,PRV-103,FAC-012,MEM-11589,2026-04-10
REF-002959,PRV-410,PRV-102,FAC-012,MEM-00249,2026-04-10
REF-002960,PRV-978,PRV-442,FAC-036,MEM-06081,2026-04-10
REF-002961,PRV-262,PRV-935,FAC-124,MEM-02503,2026-04-10
REF-002962,PRV-541,PRV-620,FAC-050,MEM-02749,2026-04-10
REF-002963,PRV-609,PRV-678,FAC-222,MEM-00622,2026-04-11
REF-002964,PRV-262,PRV-935,FAC-124,MEM-07715,2026-04-11
REF-002965,PRV-410,PRV-104,FAC-248,MEM-06007,2026-04-11
REF-002966,PRV-660,PRV-214,FAC-179,MEM-07276,2026-04-11
REF-002967,PRV-410,PRV-103,FAC-012,MEM-11280,2026-04-11
REF-002968,PRV-757,PRV-556,FAC-090,MEM-04096,2026-04-11
REF-002969,PRV-733,PRV-938,FAC-099,MEM-00152,2026-04-11
REF-002970,PRV-102,PRV-103,FAC-012,MEM-08060,2026-04-11
REF-002971,PRV-064,PRV-480,FAC-191,MEM-02401,2026-04-11
REF-002972,PRV-186,PRV-918,FAC-103,MEM-04500,2026-04-11
REF-002973,PRV-602,PRV-603,FAC-119,MEM-05560,2026-04-11
REF-002974,PRV-410,PRV-102,FAC-012,MEM-03266,2026-04-11
REF-002975,PRV-102,PRV-104,FAC-248,MEM-00025,2026-04-12
REF-002976,PRV-102,PRV-104,FAC-248,MEM-01194,2026-04-12
REF-002977,PRV-602,PRV-603,FAC-119,MEM-04102,2026-04-12
REF-002978,PRV-102,PRV-103,FAC-012,MEM-11090,2026-04-12
REF-002979,PRV-544,PRV-112,FAC-010,MEM-03958,2026-04-12
REF-002980,PRV-410,PRV-102,FAC-012,MEM-07465,2026-04-12
REF-002981,PRV-604,PRV-605,FAC-206,MEM-07025,2026-04-12
REF-002982,PRV-744,PRV-489,FAC-054,MEM-00854,2026-04-12
REF-002983,PRV-550,PRV-720,FAC-120,MEM-00580,2026-04-12
REF-002984,PRV-401,PRV-200,FAC-084,MEM-09924,2026-04-12
REF-002985,PRV-501,PRV-147,FAC-025,MEM-03526,2026-04-13
REF-002986,PRV-856,PRV-946,FAC-102,MEM-01232,2026-04-13
REF-002987,PRV-714,PRV-240,FAC-042,MEM-08963,2026-04-13
REF-002988,PRV-262,PRV-935,FAC-124,MEM-09272,2026-04-13
REF-002989,PRV-059,PRV-561,FAC-080,MEM-04497,2026-04-13
REF-002990,PRV-959,PRV-244,FAC-180,MEM-10178,2026-04-13
REF-002991,PRV-262,PRV-935,FAC-124,MEM-07589,2026-04-13
REF-002992,PRV-493,PRV-223,FAC-039,MEM-06752,2026-04-13
REF-002993,PRV-991,PRV-353,FAC-057,MEM-04259,2026-04-13
REF-002994,PRV-744,PRV-489,FAC-054,MEM-02222,2026-04-13
REF-002995,PRV-749,PRV-986,FAC-247,MEM-00489,2026-04-14
REF-002996,PRV-393,PRV-720,FAC-120,MEM-08478,2026-04-14
REF-002997,PRV-603,PRV-604,FAC-042,MEM-00541,2026-04-14
REF-002998,PRV-501,PRV-147,FAC-025,MEM-01347,2026-04-14
REF-002999,PRV-410,PRV-102,FAC-012,MEM-10040,2026-04-14
REF-003000,PRV-603,PRV-604,FAC-042,MEM-09177,2026-04-15
REF-003001,PRV-434,PRV-049,FAC-132,MEM-05829,2026-04-15
REF-003002,PRV-593,PRV-385,FAC-131,MEM-05946,2026-04-15
REF-003003,PRV-783,PRV-063,FAC-113,MEM-07423,2026-04-15
REF-003004,PRV-541,PRV-620,FAC-050,MEM-07451,2026-04-15
REF-003005,PRV-410,PRV-103,FAC-012,MEM-10638,2026-04-15
REF-003006,PRV-102,PRV-104,FAC-248,MEM-01326,2026-04-15
REF-003007,PRV-733,PRV-961,FAC-210,MEM-04344,2026-04-15
REF-003008,PRV-040,PRV-207,FAC-048,MEM-04372,2026-04-15
REF-003009,PRV-040,PRV-207,FAC-048,MEM-11248,2026-04-16
REF-003010,PRV-605,PRV-601,FAC-155,MEM-05854,2026-04-16
REF-003011,PRV-501,PRV-147,FAC-025,MEM-04221,2026-04-16
REF-003012,PRV-514,PRV-267,FAC-166,MEM-02411,2026-04-16
REF-003013,PRV-662,PRV-062,FAC-095,MEM-06114,2026-04-16
REF-003014,PRV-959,PRV-244,FAC-180,MEM-02993,2026-04-16
REF-003015,PRV-992,PRV-797,FAC-211,MEM-09038,2026-04-16
REF-003016,PRV-835,PRV-686,FAC-009,MEM-11832,2026-04-16
REF-003017,PRV-839,PRV-357,FAC-022,MEM-11116,2026-04-16
REF-003018,PRV-605,PRV-601,FAC-155,MEM-07378,2026-04-16
REF-003019,PRV-544,PRV-112,FAC-010,MEM-08482,2026-04-16
REF-003020,PRV-178,PRV-915,FAC-233,MEM-07528,2026-04-16
REF-003021,PRV-730,PRV-614,FAC-203,MEM-05986,2026-04-17
REF-003022,PRV-186,PRV-918,FAC-103,MEM-01343,2026-04-17
REF-003023,PRV-010,PRV-338,FAC-149,MEM-11041,2026-04-17
REF-003024,PRV-410,PRV-102,FAC-012,MEM-11374,2026-04-17
REF-003025,PRV-995,PRV-700,FAC-044,MEM-00185,2026-04-17
REF-003026,PRV-128,PRV-117,FAC-048,MEM-05926,2026-04-17
REF-003027,PRV-759,PRV-740,FAC-153,MEM-00179,2026-04-17
REF-003028,PRV-992,PRV-797,FAC-211,MEM-00128,2026-04-17
REF-003029,PRV-667,PRV-358,FAC-091,MEM-04653,2026-04-17
REF-003030,PRV-272,PRV-109,FAC-174,MEM-03893,2026-04-18
REF-003031,PRV-501,PRV-147,FAC-025,MEM-10179,2026-04-18
REF-003032,PRV-069,PRV-512,FAC-201,MEM-04565,2026-04-18
REF-003033,PRV-604,PRV-605,FAC-150,MEM-03042,2026-04-18
REF-003034,PRV-186,PRV-918,FAC-159,MEM-03847,2026-04-18
REF-003035,PRV-360,PRV-533,FAC-229,MEM-10347,2026-04-18
REF-003036,PRV-744,PRV-489,FAC-054,MEM-09696,2026-04-18
REF-003037,PRV-186,PRV-918,FAC-103,MEM-05371,2026-04-18
REF-003038,PRV-953,PRV-840,FAC-253,MEM-01991,2026-04-19
REF-003039,PRV-810,PRV-075,FAC-075,MEM-03051,2026-04-19
REF-003040,PRV-848,PRV-771,FAC-161,MEM-04041,2026-04-19
REF-003041,PRV-612,PRV-376,FAC-201,MEM-10177,2026-04-19
REF-003042,PRV-601,PRV-602,FAC-154,MEM-06192,2026-04-19
REF-003043,PRV-186,PRV-918,FAC-103,MEM-05208,2026-04-19
REF-003044,PRV-136,PRV-475,FAC-187,MEM-10339,2026-04-19
REF-003045,PRV-601,PRV-602,FAC-154,MEM-05768,2026-04-19
REF-003046,PRV-410,PRV-102,FAC-012,MEM-08564,2026-04-19
REF-003047,PRV-401,PRV-092,FAC-191,MEM-01518,2026-04-19
REF-003048,PRV-959,PRV-244,FAC-180,MEM-00900,2026-04-20
REF-003049,PRV-644,PRV-370,FAC-131,MEM-01701,2026-04-20
REF-003050,PRV-743,PRV-306,FAC-003,MEM-08738,2026-04-20
REF-003051,PRV-410,PRV-102,FAC-012,MEM-09154,2026-04-20
REF-003052,PRV-262,PRV-935,FAC-124,MEM-10099,2026-04-20
REF-003053,PRV-603,PRV-604,FAC-042,MEM-10632,2026-04-20
REF-003054,PRV-128,PRV-556,FAC-090,MEM-07442,2026-04-20
REF-003055,PRV-856,PRV-196,FAC-095,MEM-09187,2026-04-20
REF-003056,PRV-603,PRV-604,FAC-042,MEM-10651,2026-04-20
REF-003057,PRV-560,PRV-212,FAC-241,MEM-07557,2026-04-20
REF-003058,PRV-602,PRV-603,FAC-119,MEM-02982,2026-04-21
REF-003059,PRV-744,PRV-489,FAC-054,MEM-09412,2026-04-21
REF-003060,PRV-612,PRV-853,FAC-054,MEM-09097,2026-04-21
REF-003061,PRV-186,PRV-918,FAC-103,MEM-05585,2026-04-21
REF-003062,PRV-782,PRV-977,FAC-098,MEM-11828,2026-04-21
REF-003063,PRV-560,PRV-506,FAC-101,MEM-10428,2026-04-21
REF-003064,PRV-410,PRV-102,FAC-044,MEM-06607,2026-04-21
REF-003065,PRV-603,PRV-604,FAC-042,MEM-00955,2026-04-21
REF-003066,PRV-544,PRV-112,FAC-010,MEM-01160,2026-04-21
REF-003067,PRV-501,PRV-147,FAC-025,MEM-10595,2026-04-21
REF-003068,PRV-959,PRV-244,FAC-180,MEM-06940,2026-04-21
REF-003069,PRV-883,PRV-826,FAC-058,MEM-08500,2026-04-21
REF-003070,PRV-439,PRV-184,FAC-115,MEM-08669,2026-04-21
REF-003071,PRV-601,PRV-602,FAC-154,MEM-11928,2026-04-21
REF-003072,PRV-541,PRV-620,FAC-050,MEM-05240,2026-04-22
REF-003073,PRV-479,PRV-596,FAC-255,MEM-07023,2026-04-22
REF-003074,PRV-569,PRV-587,FAC-183,MEM-06466,2026-04-22
REF-003075,PRV-544,PRV-112,FAC-010,MEM-07205,2026-04-22
REF-003076,PRV-410,PRV-104,FAC-012,MEM-01179,2026-04-22
REF-003077,PRV-744,PRV-489,FAC-054,MEM-08357,2026-04-22
REF-003078,PRV-835,PRV-653,FAC-046,MEM-01843,2026-04-22
REF-003079,PRV-743,PRV-925,FAC-131,MEM-02549,2026-04-22
REF-003080,PRV-501,PRV-147,FAC-025,MEM-08727,2026-04-22
REF-003081,PRV-259,PRV-118,FAC-185,MEM-03157,2026-04-22
REF-003082,PRV-744,PRV-489,FAC-054,MEM-10941,2026-04-22
REF-003083,PRV-501,PRV-147,FAC-025,MEM-00572,2026-04-23
REF-003084,PRV-978,PRV-442,FAC-036,MEM-11652,2026-04-23
REF-003085,PRV-959,PRV-244,FAC-180,MEM-09897,2026-04-23
REF-003086,PRV-410,PRV-102,FAC-012,MEM-09488,2026-04-23
REF-003087,PRV-721,PRV-929,FAC-168,MEM-08215,2026-04-23
REF-003088,PRV-602,PRV-603,FAC-150,MEM-02135,2026-04-23
REF-003089,PRV-978,PRV-442,FAC-036,MEM-02778,2026-04-23
REF-003090,PRV-501,PRV-147,FAC-025,MEM-05044,2026-04-23
REF-003091,PRV-032,PRV-654,FAC-255,MEM-03713,2026-04-24
REF-003092,PRV-992,PRV-797,FAC-211,MEM-00830,2026-04-24
REF-003093,PRV-992,PRV-797,FAC-211,MEM-05526,2026-04-24
REF-003094,PRV-101,PRV-110,FAC-152,MEM-11954,2026-04-24
REF-003095,PRV-757,PRV-899,FAC-191,MEM-11253,2026-04-24
REF-003096,PRV-410,PRV-102,FAC-012,MEM-10172,2026-04-24
REF-003097,PRV-040,PRV-207,FAC-048,MEM-11646,2026-04-24
REF-003098,PRV-269,PRV-061,FAC-003,MEM-08668,2026-04-24
REF-003099,PRV-601,PRV-602,FAC-154,MEM-03165,2026-04-24
REF-003100,PRV-605,PRV-601,FAC-056,MEM-08741,2026-04-24
REF-003101,PRV-560,PRV-212,FAC-241,MEM-02194,2026-04-25
REF-003102,PRV-992,PRV-797,FAC-211,MEM-01615,2026-04-25
REF-003103,PRV-856,PRV-196,FAC-095,MEM-04900,2026-04-25
REF-003104,PRV-959,PRV-244,FAC-180,MEM-07653,2026-04-25
REF-003105,PRV-094,PRV-548,FAC-123,MEM-07730,2026-04-25
REF-003106,PRV-603,PRV-604,FAC-150,MEM-08567,2026-04-25
REF-003107,PRV-779,PRV-570,FAC-041,MEM-09646,2026-04-25
REF-003108,PRV-541,PRV-620,FAC-050,MEM-00836,2026-04-25
REF-003109,PRV-952,PRV-355,FAC-108,MEM-10110,2026-04-25
REF-003110,PRV-541,PRV-620,FAC-050,MEM-08199,2026-04-26
REF-003111,PRV-541,PRV-620,FAC-050,MEM-11780,2026-04-26
REF-003112,PRV-479,PRV-596,FAC-255,MEM-00906,2026-04-26
REF-003113,PRV-333,PRV-632,FAC-015,MEM-05024,2026-04-26
REF-003114,PRV-192,PRV-615,FAC-219,MEM-00678,2026-04-26
REF-003115,PRV-959,PRV-244,FAC-180,MEM-01662,2026-04-26
REF-003116,PRV-544,PRV-112,FAC-010,MEM-10226,2026-04-26
REF-003117,PRV-874,PRV-282,FAC-173,MEM-08201,2026-04-26
REF-003118,PRV-272,PRV-080,FAC-201,MEM-08034,2026-04-27
REF-003119,PRV-978,PRV-442,FAC-036,MEM-01789,2026-04-27
REF-003120,PRV-605,PRV-601,FAC-155,MEM-00984,2026-04-27
REF-003121,PRV-422,PRV-491,FAC-032,MEM-04887,2026-04-27
REF-003122,PRV-493,PRV-348,FAC-203,MEM-07264,2026-04-27
REF-003123,PRV-262,PRV-935,FAC-124,MEM-06733,2026-04-27
REF-003124,PRV-939,PRV-470,FAC-078,MEM-07006,2026-04-27
REF-003125,PRV-410,PRV-102,FAC-012,MEM-00254,2026-04-27
REF-003126,PRV-436,PRV-053,FAC-154,MEM-04459,2026-04-28
REF-003127,PRV-737,PRV-837,FAC-123,MEM-04701,2026-04-28
REF-003128,PRV-262,PRV-292,FAC-140,MEM-11197,2026-04-28
REF-003129,PRV-992,PRV-797,FAC-211,MEM-09083,2026-04-28
REF-003130,PRV-959,PRV-244,FAC-180,MEM-10096,2026-04-28
REF-003131,PRV-150,PRV-448,FAC-012,MEM-11305,2026-04-28
REF-003132,PRV-604,PRV-605,FAC-206,MEM-08599,2026-04-28
REF-003133,PRV-749,PRV-986,FAC-247,MEM-09239,2026-04-28
REF-003134,PRV-603,PRV-604,FAC-042,MEM-10483,2026-04-28
REF-003135,PRV-239,PRV-382,FAC-222,MEM-07818,2026-04-28
REF-003136,PRV-102,PRV-104,FAC-248,MEM-01138,2026-04-28
REF-003137,PRV-601,PRV-602,FAC-154,MEM-08599,2026-04-28
REF-003138,PRV-638,PRV-913,FAC-094,MEM-01685,2026-04-29
REF-003139,PRV-997,PRV-214,FAC-179,MEM-02574,2026-04-29
REF-003140,PRV-229,PRV-159,FAC-170,MEM-08352,2026-04-29
REF-003141,PRV-102,PRV-105,FAC-047,MEM-04982,2026-04-29
REF-003142,PRV-102,PRV-105,FAC-047,MEM-01096,2026-04-29
REF-003143,PRV-102,PRV-105,FAC-047,MEM-09215,2026-04-30
REF-003144,PRV-410,PRV-105,FAC-047,MEM-00810,2026-04-30
REF-003145,PRV-521,PRV-591,FAC-059,MEM-01567,2026-04-30
REF-003146,PRV-186,PRV-918,FAC-159,MEM-01369,2026-04-30
REF-003147,PRV-900,PRV-949,FAC-253,MEM-02063,2026-04-30
REF-003148,PRV-798,PRV-829,FAC-222,MEM-05407,2026-04-30
REF-003149,PRV-959,PRV-244,FAC-180,MEM-03154,2026-04-30
REF-003150,PRV-372,PRV-135,FAC-100,MEM-07572,2026-05-01
REF-003151,PRV-408,PRV-430,FAC-004,MEM-00811,2026-05-01
REF-003152,PRV-115,PRV-478,FAC-229,MEM-03626,2026-05-01
REF-003153,PRV-227,PRV-246,FAC-256,MEM-09456,2026-05-01
REF-003154,PRV-126,PRV-983,FAC-128,MEM-04587,2026-05-01
REF-003155,PRV-186,PRV-918,FAC-159,MEM-05528,2026-05-01
REF-003156,PRV-102,PRV-104,FAC-248,MEM-00185,2026-05-01
REF-003157,PRV-823,PRV-739,FAC-160,MEM-05929,2026-05-01
REF-003158,PRV-186,PRV-918,FAC-103,MEM-01925,2026-05-01
REF-003159,PRV-978,PRV-442,FAC-036,MEM-06472,2026-05-01
REF-003160,PRV-856,PRV-012,FAC-102,MEM-05048,2026-05-01
REF-003161,PRV-341,PRV-492,FAC-126,MEM-11837,2026-05-01
REF-003162,PRV-674,PRV-473,FAC-187,MEM-05108,2026-05-02
REF-003163,PRV-810,PRV-505,FAC-103,MEM-02005,2026-05-02
REF-003164,PRV-744,PRV-489,FAC-054,MEM-03384,2026-05-02
REF-003165,PRV-601,PRV-602,FAC-154,MEM-07425,2026-05-02
REF-003166,PRV-601,PRV-602,FAC-154,MEM-00623,2026-05-02
REF-003167,PRV-602,PRV-603,FAC-119,MEM-04147,2026-05-02
REF-003168,PRV-796,PRV-979,FAC-249,MEM-00974,2026-05-02
REF-003169,PRV-634,PRV-818,FAC-068,MEM-03744,2026-05-02
REF-003170,PRV-501,PRV-147,FAC-025,MEM-07414,2026-05-03
REF-003171,PRV-544,PRV-112,FAC-010,MEM-00915,2026-05-03
REF-003172,PRV-493,PRV-348,FAC-203,MEM-08953,2026-05-03
REF-003173,PRV-239,PRV-925,FAC-131,MEM-02549,2026-05-03
REF-003174,PRV-978,PRV-442,FAC-036,MEM-06663,2026-05-03
REF-003175,PRV-992,PRV-971,FAC-015,MEM-00235,2026-05-03
REF-003176,PRV-507,PRV-191,FAC-189,MEM-07023,2026-05-03
REF-003177,PRV-384,PRV-043,FAC-151,MEM-10331,2026-05-03
REF-003178,PRV-602,PRV-603,FAC-119,MEM-08834,2026-05-04
REF-003179,PRV-138,PRV-534,FAC-004,MEM-03947,2026-05-04
REF-003180,PRV-102,PRV-104,FAC-248,MEM-02759,2026-05-04
REF-003181,PRV-493,PRV-912,FAC-160,MEM-08320,2026-05-04
REF-003182,PRV-900,PRV-053,FAC-154,MEM-00614,2026-05-04
REF-003183,PRV-252,PRV-747,FAC-069,MEM-07035,2026-05-04
REF-003184,PRV-040,PRV-207,FAC-048,MEM-02227,2026-05-04
REF-003185,PRV-638,PRV-849,FAC-222,MEM-10818,2026-05-04
REF-003186,PRV-870,PRV-807,FAC-153,MEM-11113,2026-05-04
REF-003187,PRV-560,PRV-212,FAC-241,MEM-03305,2026-05-04
REF-003188,PRV-605,PRV-601,FAC-155,MEM-10695,2026-05-05
REF-003189,PRV-544,PRV-112,FAC-010,MEM-07055,2026-05-05
REF-003190,PRV-603,PRV-604,FAC-150,MEM-00180,2026-05-05
REF-003191,PRV-283,PRV-452,FAC-137,MEM-03624,2026-05-05
REF-003192,PRV-661,PRV-072,FAC-141,MEM-10661,2026-05-05
REF-003193,PRV-102,PRV-104,FAC-248,MEM-09777,2026-05-05
REF-003194,PRV-102,PRV-105,FAC-047,MEM-07768,2026-05-05
REF-003195,PRV-410,PRV-102,FAC-012,MEM-01933,2026-05-05
REF-003196,PRV-757,PRV-556,FAC-090,MEM-03896,2026-05-05
REF-003197,PRV-186,PRV-918,FAC-103,MEM-05162,2026-05-05
REF-003198,PRV-782,PRV-937,FAC-207,MEM-11508,2026-05-05
REF-003199,PRV-705,PRV-456,FAC-237,MEM-09609,2026-05-05
REF-003200,PRV-992,PRV-797,FAC-211,MEM-01946,2026-05-05
REF-003201,PRV-446,PRV-086,FAC-011,MEM-05313,2026-05-06
REF-003202,PRV-040,PRV-207,FAC-048,MEM-09004,2026-05-06
REF-003203,PRV-601,PRV-602,FAC-154,MEM-03365,2026-05-06
REF-003204,PRV-427,PRV-878,FAC-257,MEM-11410,2026-05-06
REF-003205,PRV-672,PRV-096,FAC-003,MEM-09435,2026-05-06
REF-003206,PRV-410,PRV-102,FAC-012,MEM-09454,2026-05-06
REF-003207,PRV-128,PRV-350,FAC-075,MEM-01537,2026-05-06
REF-003208,PRV-045,PRV-809,FAC-172,MEM-04521,2026-05-06
REF-003209,PRV-366,PRV-945,FAC-191,MEM-07943,2026-05-06
REF-003210,PRV-762,PRV-623,FAC-203,MEM-09279,2026-05-06
REF-003211,PRV-102,PRV-104,FAC-248,MEM-09514,2026-05-06
REF-003212,PRV-870,PRV-724,FAC-153,MEM-11073,2026-05-06
REF-003213,PRV-605,PRV-601,FAC-155,MEM-00178,2026-05-06
REF-003214,PRV-309,PRV-012,FAC-102,MEM-00877,2026-05-07
REF-003215,PRV-142,PRV-281,FAC-101,MEM-10835,2026-05-07
REF-003216,PRV-511,PRV-750,FAC-092,MEM-05560,2026-05-07
REF-003217,PRV-020,PRV-293,FAC-111,MEM-02100,2026-05-07
REF-003218,PRV-484,PRV-849,FAC-222,MEM-01222,2026-05-07
REF-003219,PRV-959,PRV-244,FAC-180,MEM-05141,2026-05-07
REF-003220,PRV-541,PRV-620,FAC-050,MEM-06811,2026-05-07
REF-003221,PRV-992,PRV-797,FAC-211,MEM-06951,2026-05-07
REF-003222,PRV-486,PRV-571,FAC-108,MEM-08657,2026-05-07
REF-003223,PRV-911,PRV-280,FAC-060,MEM-09652,2026-05-08
REF-003224,PRV-239,PRV-591,FAC-059,MEM-11271,2026-05-08
REF-003225,PRV-341,PRV-492,FAC-040,MEM-02712,2026-05-08
REF-003226,PRV-978,PRV-442,FAC-036,MEM-06043,2026-05-08
REF-003227,PRV-346,PRV-476,FAC-123,MEM-00720,2026-05-08
REF-003228,PRV-638,PRV-308,FAC-132,MEM-03676,2026-05-08
REF-003229,PRV-843,PRV-196,FAC-095,MEM-05524,2026-05-08
REF-003230,PRV-544,PRV-112,FAC-010,MEM-03726,2026-05-08
REF-003231,PRV-486,PRV-534,FAC-004,MEM-06282,2026-05-09
REF-003232,PRV-602,PRV-603,FAC-150,MEM-02557,2026-05-09
REF-003233,PRV-410,PRV-102,FAC-044,MEM-10981,2026-05-09
REF-003234,PRV-978,PRV-442,FAC-036,MEM-01462,2026-05-09
REF-003235,PRV-102,PRV-103,FAC-012,MEM-10462,2026-05-09
REF-003236,PRV-102,PRV-104,FAC-248,MEM-01673,2026-05-09
REF-003237,PRV-186,PRV-918,FAC-103,MEM-07555,2026-05-09
REF-003238,PRV-744,PRV-489,FAC-054,MEM-05931,2026-05-09
REF-003239,PRV-262,PRV-935,FAC-124,MEM-01537,2026-05-10
REF-003240,PRV-603,PRV-604,FAC-139,MEM-00875,2026-05-10
REF-003241,PRV-544,PRV-112,FAC-010,MEM-03585,2026-05-10
REF-003242,PRV-152,PRV-445,FAC-021,MEM-10513,2026-05-10
REF-003243,PRV-311,PRV-489,FAC-054,MEM-04109,2026-05-10
REF-003244,PRV-959,PRV-244,FAC-180,MEM-01229,2026-05-10
REF-003245,PRV-824,PRV-202,FAC-091,MEM-05920,2026-05-10
REF-003246,PRV-544,PRV-112,FAC-010,MEM-00945,2026-05-10
REF-003247,PRV-165,PRV-038,FAC-199,MEM-11322,2026-05-10
REF-003248,PRV-965,PRV-553,FAC-069,MEM-01828,2026-05-10
REF-003249,PRV-516,PRV-854,FAC-184,MEM-00137,2026-05-10
REF-003250,PRV-102,PRV-105,FAC-047,MEM-08837,2026-05-10
REF-003251,PRV-541,PRV-620,FAC-050,MEM-09935,2026-05-10
REF-003252,PRV-744,PRV-489,FAC-054,MEM-03020,2026-05-11
REF-003253,PRV-959,PRV-244,FAC-180,MEM-04015,2026-05-11
REF-003254,PRV-959,PRV-553,FAC-069,MEM-00487,2026-05-11
REF-003255,PRV-691,PRV-286,FAC-060,MEM-04628,2026-05-11
REF-003256,PRV-604,PRV-605,FAC-206,MEM-06926,2026-05-11
REF-003257,PRV-064,PRV-093,FAC-073,MEM-04599,2026-05-11
REF-003258,PRV-501,PRV-147,FAC-025,MEM-00143,2026-05-11
REF-003259,PRV-040,PRV-207,FAC-048,MEM-00160,2026-05-11
REF-003260,PRV-737,PRV-491,FAC-032,MEM-08737,2026-05-11
REF-003261,PRV-988,PRV-893,FAC-069,MEM-02049,2026-05-11
REF-003262,PRV-164,PRV-945,FAC-191,MEM-03437,2026-05-11
REF-003263,PRV-605,PRV-601,FAC-155,MEM-09043,2026-05-11
REF-003264,PRV-186,PRV-918,FAC-103,MEM-03712,2026-05-11
REF-003265,PRV-487,PRV-558,FAC-068,MEM-10639,2026-05-11
REF-003266,PRV-040,PRV-207,FAC-048,MEM-07393,2026-05-11
REF-003267,PRV-408,PRV-430,FAC-004,MEM-06100,2026-05-12
REF-003268,PRV-178,PRV-775,FAC-031,MEM-07426,2026-05-12
REF-003269,PRV-544,PRV-112,FAC-010,MEM-01675,2026-05-12
REF-003270,PRV-760,PRV-936,FAC-158,MEM-07154,2026-05-12
REF-003271,PRV-297,PRV-373,FAC-241,MEM-05133,2026-05-12
REF-003272,PRV-605,PRV-601,FAC-155,MEM-10524,2026-05-12
REF-003273,PRV-705,PRV-935,FAC-124,MEM-05209,2026-05-12
REF-003274,PRV-516,PRV-854,FAC-184,MEM-07746,2026-05-12
REF-003275,PRV-102,PRV-104,FAC-248,MEM-06514,2026-05-13
REF-003276,PRV-607,PRV-191,FAC-189,MEM-09467,2026-05-13
REF-003277,PRV-410,PRV-102,FAC-012,MEM-10345,2026-05-13
REF-003278,PRV-102,PRV-105,FAC-047,MEM-03267,2026-05-13
REF-003279,PRV-432,PRV-675,FAC-260,MEM-07375,2026-05-13
REF-003280,PRV-959,PRV-244,FAC-180,MEM-03425,2026-05-13
REF-003281,PRV-862,PRV-096,FAC-003,MEM-09043,2026-05-14
REF-003282,PRV-102,PRV-105,FAC-047,MEM-07240,2026-05-14
REF-003283,PRV-660,PRV-214,FAC-179,MEM-07276,2026-05-14
REF-003284,PRV-102,PRV-104,FAC-248,MEM-01415,2026-05-14
REF-003285,PRV-102,PRV-103,FAC-012,MEM-09351,2026-05-14
REF-003286,PRV-737,PRV-765,FAC-048,MEM-07795,2026-05-14
REF-003287,PRV-978,PRV-442,FAC-036,MEM-03404,2026-05-14
REF-003288,PRV-186,PRV-918,FAC-103,MEM-08139,2026-05-14
REF-003289,PRV-601,PRV-602,FAC-154,MEM-07174,2026-05-14
REF-003290,PRV-842,PRV-044,FAC-229,MEM-11143,2026-05-14
REF-003291,PRV-178,PRV-775,FAC-031,MEM-07426,2026-05-14
REF-003292,PRV-744,PRV-489,FAC-054,MEM-02384,2026-05-15
REF-003293,PRV-102,PRV-104,FAC-012,MEM-11946,2026-05-15
REF-003294,PRV-602,PRV-603,FAC-119,MEM-03374,2026-05-15
REF-003295,PRV-605,PRV-601,FAC-155,MEM-05994,2026-05-15
REF-003296,PRV-474,PRV-033,FAC-157,MEM-01005,2026-05-15
REF-003297,PRV-040,PRV-207,FAC-048,MEM-03538,2026-05-15
REF-003298,PRV-410,PRV-102,FAC-012,MEM-02350,2026-05-15
REF-003299,PRV-262,PRV-935,FAC-124,MEM-07714,2026-05-15
REF-003300,PRV-116,PRV-274,FAC-078,MEM-08926,2026-05-15
REF-003301,PRV-410,PRV-103,FAC-012,MEM-01440,2026-05-15
REF-003302,PRV-334,PRV-538,FAC-139,MEM-01147,2026-05-15
REF-003303,PRV-479,PRV-596,FAC-255,MEM-06965,2026-05-15
REF-003304,PRV-603,PRV-604,FAC-042,MEM-08421,2026-05-15
REF-003305,PRV-539,PRV-564,FAC-106,MEM-08793,2026-05-16
REF-003306,PRV-410,PRV-102,FAC-012,MEM-05395,2026-05-16
REF-003307,PRV-856,PRV-196,FAC-095,MEM-11126,2026-05-16
REF-003308,PRV-410,PRV-103,FAC-012,MEM-04056,2026-05-16
REF-003309,PRV-916,PRV-373,FAC-241,MEM-06871,2026-05-16
REF-003310,PRV-102,PRV-103,FAC-012,MEM-10116,2026-05-16
REF-003311,PRV-602,PRV-603,FAC-119,MEM-08808,2026-05-16
REF-003312,PRV-978,PRV-442,FAC-036,MEM-06638,2026-05-16
REF-003313,PRV-603,PRV-604,FAC-042,MEM-07958,2026-05-16
REF-003314,PRV-907,PRV-348,FAC-203,MEM-10631,2026-05-16
REF-003315,PRV-102,PRV-105,FAC-047,MEM-06243,2026-05-16
REF-003316,PRV-026,PRV-225,FAC-157,MEM-02240,2026-05-16
REF-003317,PRV-980,PRV-025,FAC-225,MEM-09001,2026-05-16
REF-003318,PRV-211,PRV-084,FAC-047,MEM-07249,2026-05-17
REF-003319,PRV-401,PRV-655,FAC-216,MEM-03590,2026-05-17
REF-003320,PRV-721,PRV-931,FAC-075,MEM-09532,2026-05-17
REF-003321,PRV-501,PRV-147,FAC-025,MEM-09031,2026-05-17
REF-003322,PRV-363,PRV-232,FAC-080,MEM-03558,2026-05-17
REF-003323,PRV-262,PRV-935,FAC-124,MEM-04077,2026-05-17
REF-003324,PRV-040,PRV-207,FAC-048,MEM-09354,2026-05-17
REF-003325,PRV-392,PRV-079,FAC-012,MEM-01900,2026-05-17
REF-003326,PRV-988,PRV-270,FAC-081,MEM-09694,2026-05-17
REF-003327,PRV-601,PRV-602,FAC-154,MEM-06480,2026-05-18
REF-003328,PRV-721,PRV-899,FAC-191,MEM-10089,2026-05-18
REF-003329,PRV-363,PRV-643,FAC-157,MEM-08445,2026-05-18
REF-003330,PRV-544,PRV-112,FAC-010,MEM-03197,2026-05-18
REF-003331,PRV-045,PRV-141,FAC-243,MEM-03048,2026-05-18
REF-003332,PRV-959,PRV-244,FAC-180,MEM-05981,2026-05-18
REF-003333,PRV-604,PRV-605,FAC-206,MEM-05396,2026-05-18
REF-003334,PRV-605,PRV-601,FAC-155,MEM-04983,2026-05-18
REF-003335,PRV-410,PRV-102,FAC-012,MEM-08420,2026-05-18
REF-003336,PRV-460,PRV-347,FAC-187,MEM-11108,2026-05-18
REF-003337,PRV-988,PRV-148,FAC-020,MEM-07672,2026-05-18
REF-003338,PRV-410,PRV-105,FAC-047,MEM-11100,2026-05-19
REF-003339,PRV-978,PRV-442,FAC-036,MEM-09532,2026-05-19
REF-003340,PRV-782,PRV-977,FAC-098,MEM-01600,2026-05-19
REF-003341,PRV-752,PRV-532,FAC-169,MEM-05933,2026-05-19
REF-003342,PRV-541,PRV-620,FAC-050,MEM-05289,2026-05-19
REF-003343,PRV-705,PRV-528,FAC-001,MEM-02516,2026-05-19
REF-003344,PRV-992,PRV-797,FAC-211,MEM-01220,2026-05-19
REF-003345,PRV-064,PRV-081,FAC-073,MEM-01195,2026-05-19
REF-003346,PRV-363,PRV-792,FAC-180,MEM-08804,2026-05-20
REF-003347,PRV-823,PRV-630,FAC-014,MEM-04442,2026-05-20
REF-003348,PRV-128,PRV-350,FAC-237,MEM-06676,2026-05-20
REF-003349,PRV-843,PRV-039,FAC-237,MEM-02039,2026-05-20
REF-003350,PRV-150,PRV-238,FAC-135,MEM-07669,2026-05-20
REF-003351,PRV-883,PRV-655,FAC-216,MEM-03590,2026-05-20
REF-003352,PRV-544,PRV-112,FAC-010,MEM-06714,2026-05-20
REF-003353,PRV-058,PRV-335,FAC-234,MEM-00317,2026-05-20
REF-003354,PRV-126,PRV-454,FAC-194,MEM-09619,2026-05-20
REF-003355,PRV-683,PRV-249,FAC-235,MEM-02036,2026-05-20
REF-003356,PRV-883,PRV-655,FAC-216,MEM-05195,2026-05-20
REF-003357,PRV-659,PRV-979,FAC-249,MEM-02108,2026-05-21
REF-003358,PRV-410,PRV-105,FAC-012,MEM-01895,2026-05-21
REF-003359,PRV-501,PRV-147,FAC-025,MEM-05789,2026-05-21
REF-003360,PRV-604,PRV-605,FAC-206,MEM-00572,2026-05-21
REF-003361,PRV-507,PRV-961,FAC-210,MEM-10401,2026-05-21
REF-003362,PRV-602,PRV-603,FAC-119,MEM-09828,2026-05-21
REF-003363,PRV-067,PRV-896,FAC-064,MEM-06391,2026-05-21
REF-003364,PRV-732,PRV-313,FAC-235,MEM-11155,2026-05-21
REF-003365,PRV-040,PRV-207,FAC-048,MEM-06084,2026-05-21
REF-003366,PRV-040,PRV-207,FAC-048,MEM-08001,2026-05-21
REF-003367,PRV-186,PRV-918,FAC-103,MEM-10199,2026-05-21
REF-003368,PRV-186,PRV-918,FAC-103,MEM-06730,2026-05-21
REF-003369,PRV-262,PRV-935,FAC-124,MEM-07854,2026-05-21
REF-003370,PRV-413,PRV-827,FAC-207,MEM-06473,2026-05-21
REF-003371,PRV-885,PRV-987,FAC-090,MEM-03858,2026-05-22
REF-003372,PRV-027,PRV-095,FAC-231,MEM-09038,2026-05-22
REF-003373,PRV-917,PRV-189,FAC-173,MEM-04018,2026-05-22
REF-003374,PRV-652,PRV-278,FAC-207,MEM-00841,2026-05-22
REF-003375,PRV-360,PRV-075,FAC-075,MEM-03051,2026-05-22
REF-003376,PRV-501,PRV-147,FAC-025,MEM-09308,2026-05-22
REF-003377,PRV-074,PRV-161,FAC-211,MEM-01964,2026-05-22
REF-003378,PRV-333,PRV-767,FAC-160,MEM-04614,2026-05-22
REF-003379,PRV-959,PRV-244,FAC-180,MEM-02380,2026-05-22
REF-003380,PRV-978,PRV-442,FAC-036,MEM-05195,2026-05-22
REF-003381,PRV-102,PRV-103,FAC-012,MEM-03670,2026-05-23
REF-003382,PRV-916,PRV-023,FAC-184,MEM-11005,2026-05-23
REF-003383,PRV-749,PRV-158,FAC-112,MEM-07042,2026-05-23
REF-003384,PRV-541,PRV-620,FAC-050,MEM-00900,2026-05-23
REF-003385,PRV-541,PRV-620,FAC-050,MEM-10345,2026-05-23
REF-003386,PRV-507,PRV-232,FAC-080,MEM-11055,2026-05-23
REF-003387,PRV-516,PRV-854,FAC-184,MEM-04208,2026-05-23
REF-003388,PRV-744,PRV-489,FAC-054,MEM-01472,2026-05-23
REF-003389,PRV-609,PRV-678,FAC-222,MEM-08945,2026-05-23
REF-003390,PRV-516,PRV-854,FAC-184,MEM-10475,2026-05-23
REF-003391,PRV-102,PRV-103,FAC-012,MEM-07052,2026-05-24
REF-003392,PRV-603,PRV-604,FAC-042,MEM-01160,2026-05-24
REF-003393,PRV-980,PRV-614,FAC-203,MEM-07450,2026-05-24
REF-003394,PRV-744,PRV-489,FAC-054,MEM-10705,2026-05-24
REF-003395,PRV-340,PRV-804,FAC-252,MEM-04769,2026-05-24
REF-003396,PRV-434,PRV-962,FAC-004,MEM-07767,2026-05-24
REF-003397,PRV-544,PRV-112,FAC-010,MEM-07390,2026-05-24
REF-003398,PRV-603,PRV-604,FAC-042,MEM-06145,2026-05-24
REF-003399,PRV-978,PRV-442,FAC-036,MEM-06835,2026-05-24
REF-003400,PRV-296,PRV-530,FAC-026,MEM-04138,2026-05-25
REF-003401,PRV-102,PRV-103,FAC-012,MEM-01293,2026-05-25
REF-003402,PRV-102,PRV-105,FAC-047,MEM-07706,2026-05-25
REF-003403,PRV-607,PRV-461,FAC-105,MEM-00654,2026-05-25
REF-003404,PRV-393,PRV-130,FAC-101,MEM-09133,2026-05-25
REF-003405,PRV-262,PRV-935,FAC-036,MEM-01903,2026-05-25
REF-003406,PRV-602,PRV-603,FAC-119,MEM-06939,2026-05-25
REF-003407,PRV-737,PRV-689,FAC-174,MEM-05715,2026-05-25
REF-003408,PRV-744,PRV-489,FAC-054,MEM-06803,2026-05-25
REF-003409,PRV-006,PRV-858,FAC-006,MEM-07900,2026-05-25
REF-003410,PRV-760,PRV-881,FAC-031,MEM-09937,2026-05-25
REF-003411,PRV-410,PRV-105,FAC-047,MEM-00744,2026-05-25
REF-003412,PRV-626,PRV-588,FAC-211,MEM-02355,2026-05-25
REF-003413,PRV-177,PRV-498,FAC-166,MEM-06369,2026-05-25
REF-003414,PRV-250,PRV-695,FAC-183,MEM-07918,2026-05-25
REF-003415,PRV-067,PRV-704,FAC-132,MEM-11584,2026-05-26
REF-003416,PRV-440,PRV-343,FAC-211,MEM-02488,2026-05-26
REF-003417,PRV-603,PRV-604,FAC-042,MEM-08350,2026-05-26
REF-003418,PRV-733,PRV-448,FAC-012,MEM-09186,2026-05-26
REF-003419,PRV-102,PRV-103,FAC-012,MEM-10859,2026-05-26
REF-003420,PRV-602,PRV-603,FAC-119,MEM-01461,2026-05-26
REF-003421,PRV-749,PRV-158,FAC-112,MEM-05367,2026-05-26
REF-003422,PRV-102,PRV-104,FAC-248,MEM-10573,2026-05-26
REF-003423,PRV-994,PRV-170,FAC-127,MEM-04244,2026-05-26
REF-003424,PRV-744,PRV-489,FAC-054,MEM-00544,2026-05-26
REF-003425,PRV-544,PRV-112,FAC-010,MEM-10634,2026-05-27
REF-003426,PRV-992,PRV-797,FAC-217,MEM-04501,2026-05-27
REF-003427,PRV-410,PRV-102,FAC-012,MEM-11209,2026-05-27
REF-003428,PRV-410,PRV-103,FAC-012,MEM-11241,2026-05-27
REF-003429,PRV-992,PRV-797,FAC-211,MEM-10087,2026-05-27
REF-003430,PRV-102,PRV-104,FAC-012,MEM-07912,2026-05-27
REF-003431,PRV-410,PRV-102,FAC-012,MEM-10328,2026-05-27
REF-003432,PRV-749,PRV-424,FAC-191,MEM-03269,2026-05-27
REF-003433,PRV-992,PRV-797,FAC-211,MEM-09121,2026-05-27
REF-003434,PRV-972,PRV-822,FAC-063,MEM-06801,2026-05-27
REF-003435,PRV-994,PRV-170,FAC-127,MEM-08461,2026-05-27
REF-003436,PRV-064,PRV-564,FAC-106,MEM-03959,2026-05-27
REF-003437,PRV-436,PRV-053,FAC-154,MEM-01563,2026-05-27
REF-003438,PRV-683,PRV-119,FAC-210,MEM-02591,2026-05-27
REF-003439,PRV-756,PRV-057,FAC-139,MEM-06187,2026-05-27
REF-003440,PRV-911,PRV-405,FAC-154,MEM-09549,2026-05-28
REF-003441,PRV-262,PRV-935,FAC-124,MEM-02221,2026-05-28
REF-003442,PRV-696,PRV-656,FAC-046,MEM-10184,2026-05-28
REF-003443,PRV-051,PRV-111,FAC-244,MEM-00724,2026-05-28
REF-003444,PRV-601,PRV-602,FAC-154,MEM-08638,2026-05-28
REF-003445,PRV-978,PRV-442,FAC-036,MEM-02072,2026-05-28
REF-003446,PRV-544,PRV-112,FAC-010,MEM-11454,2026-05-28
REF-003447,PRV-186,PRV-918,FAC-103,MEM-06623,2026-05-28
REF-003448,PRV-883,PRV-350,FAC-237,MEM-11871,2026-05-28
REF-003449,PRV-657,PRV-937,FAC-207,MEM-10199,2026-05-28
REF-003450,PRV-250,PRV-695,FAC-183,MEM-04198,2026-05-28
REF-003451,PRV-262,PRV-935,FAC-124,MEM-11783,2026-05-28
REF-003452,PRV-601,PRV-602,FAC-154,MEM-08171,2026-05-28
REF-003453,PRV-227,PRV-246,FAC-256,MEM-11068,2026-05-28
REF-003454,PRV-783,PRV-722,FAC-034,MEM-09314,2026-05-28
REF-003455,PRV-102,PRV-104,FAC-248,MEM-08019,2026-05-29
REF-003456,PRV-612,PRV-081,FAC-073,MEM-09146,2026-05-29
REF-003457,PRV-602,PRV-603,FAC-119,MEM-10570,2026-05-29
REF-003458,PRV-541,PRV-620,FAC-050,MEM-01172,2026-05-29
REF-003459,PRV-102,PRV-105,FAC-047,MEM-06442,2026-05-29
REF-003460,PRV-432,PRV-720,FAC-120,MEM-01831,2026-05-29
REF-003461,PRV-102,PRV-104,FAC-248,MEM-06987,2026-05-29
REF-003462,PRV-978,PRV-442,FAC-036,MEM-06240,2026-05-29
REF-003463,PRV-959,PRV-244,FAC-180,MEM-11978,2026-05-29
REF-003464,PRV-992,PRV-797,FAC-211,MEM-07899,2026-05-29
REF-003465,PRV-604,PRV-605,FAC-206,MEM-07174,2026-05-29
REF-003466,PRV-410,PRV-102,FAC-012,MEM-01666,2026-05-29
REF-003467,PRV-410,PRV-102,FAC-012,MEM-06283,2026-05-30
REF-003468,PRV-541,PRV-620,FAC-050,MEM-09085,2026-05-30
REF-003469,PRV-006,PRV-858,FAC-006,MEM-04771,2026-05-30
REF-003470,PRV-992,PRV-797,FAC-211,MEM-02762,2026-05-30
REF-003471,PRV-921,PRV-725,FAC-044,MEM-03817,2026-05-30
REF-003472,PRV-052,PRV-489,FAC-054,MEM-04037,2026-05-30
REF-003473,PRV-782,PRV-597,FAC-143,MEM-00429,2026-05-30
REF-003474,PRV-415,PRV-723,FAC-256,MEM-09798,2026-05-30
REF-003475,PRV-605,PRV-601,FAC-155,MEM-01436,2026-05-30
REF-003476,PRV-102,PRV-104,FAC-248,MEM-01952,2026-05-30
REF-003477,PRV-102,PRV-104,FAC-248,MEM-02959,2026-05-30
REF-003478,PRV-544,PRV-112,FAC-010,MEM-02137,2026-05-30
REF-003479,PRV-603,PRV-604,FAC-042,MEM-07040,2026-05-30
REF-003480,PRV-683,PRV-561,FAC-080,MEM-05042,2026-05-30
REF-003481,PRV-102,PRV-103,FAC-012,MEM-05091,2026-05-31
REF-003482,PRV-496,PRV-680,FAC-172,MEM-04560,2026-05-31
REF-003483,PRV-165,PRV-562,FAC-210,MEM-11749,2026-05-31
REF-003484,PRV-544,PRV-557,FAC-042,MEM-08186,2026-05-31
REF-003485,PRV-544,PRV-112,FAC-010,MEM-07699,2026-05-31
REF-003486,PRV-603,PRV-604,FAC-042,MEM-11722,2026-05-31
REF-003487,PRV-856,PRV-993,FAC-017,MEM-11604,2026-05-31
REF-003488,PRV-102,PRV-103,FAC-012,MEM-05824,2026-05-31
REF-003489,PRV-601,PRV-602,FAC-154,MEM-01360,2026-05-31
REF-003490,PRV-422,PRV-937,FAC-207,MEM-03453,2026-05-31
REF-003491,PRV-870,PRV-904,FAC-194,MEM-06535,2026-05-31
REF-003492,PRV-978,PRV-442,FAC-036,MEM-01518,2026-05-31
REF-003493,PRV-907,PRV-581,FAC-231,MEM-04783,2026-05-31
REF-003494,PRV-988,PRV-893,FAC-069,MEM-10443,2026-05-31
REF-003495,PRV-182,PRV-485,FAC-001,MEM-07828,2026-05-31
REF-003496,PRV-705,PRV-456,FAC-237,MEM-10500,2026-06-01
REF-003497,PRV-541,PRV-620,FAC-050,MEM-02870,2026-06-01
REF-003498,PRV-634,PRV-818,FAC-068,MEM-04068,2026-06-01
REF-003499,PRV-416,PRV-241,FAC-205,MEM-10878,2026-06-01
REF-003500,PRV-662,PRV-402,FAC-166,MEM-02965,2026-06-01
REF-003501,PRV-603,PRV-604,FAC-150,MEM-09878,2026-06-01
REF-003502,PRV-541,PRV-620,FAC-050,MEM-03492,2026-06-01
REF-003503,PRV-024,PRV-298,FAC-100,MEM-10890,2026-06-01
REF-003504,PRV-102,PRV-103,FAC-012,MEM-08695,2026-06-01
REF-003505,PRV-401,PRV-092,FAC-191,MEM-03897,2026-06-01
REF-003506,PRV-652,PRV-636,FAC-030,MEM-03621,2026-06-01
REF-003507,PRV-992,PRV-797,FAC-211,MEM-09641,2026-06-01
REF-003508,PRV-706,PRV-803,FAC-156,MEM-05253,2026-06-02
REF-003509,PRV-410,PRV-105,FAC-012,MEM-09587,2026-06-02
REF-003510,PRV-604,PRV-605,FAC-206,MEM-09497,2026-06-02
REF-003511,PRV-460,PRV-120,FAC-152,MEM-10694,2026-06-02
REF-003512,PRV-102,PRV-103,FAC-012,MEM-06339,2026-06-02
REF-003513,PRV-808,PRV-896,FAC-064,MEM-06315,2026-06-02
REF-003514,PRV-410,PRV-105,FAC-047,MEM-03237,2026-06-02
REF-003515,PRV-978,PRV-442,FAC-036,MEM-03166,2026-06-03
REF-003516,PRV-410,PRV-104,FAC-248,MEM-03591,2026-06-03
REF-003517,PRV-262,PRV-935,FAC-124,MEM-08892,2026-06-03
REF-003518,PRV-410,PRV-102,FAC-051,MEM-10526,2026-06-03
REF-003519,PRV-604,PRV-605,FAC-206,MEM-10586,2026-06-03
REF-003520,PRV-984,PRV-566,FAC-090,MEM-05962,2026-06-03
REF-003521,PRV-227,PRV-246,FAC-256,MEM-02929,2026-06-03
REF-003522,PRV-759,PRV-519,FAC-246,MEM-03031,2026-06-03
REF-003523,PRV-040,PRV-207,FAC-048,MEM-04410,2026-06-03
REF-003524,PRV-501,PRV-147,FAC-025,MEM-11226,2026-06-04
REF-003525,PRV-410,PRV-102,FAC-012,MEM-02481,2026-06-04
REF-003526,PRV-259,PRV-212,FAC-241,MEM-02194,2026-06-04
REF-003527,PRV-541,PRV-620,FAC-050,MEM-05286,2026-06-04
REF-003528,PRV-603,PRV-604,FAC-042,MEM-08159,2026-06-04
REF-003529,PRV-759,PRV-675,FAC-260,MEM-09583,2026-06-04
REF-003530,PRV-386,PRV-322,FAC-222,MEM-00347,2026-06-04
REF-003531,PRV-302,PRV-966,FAC-226,MEM-02748,2026-06-05
REF-003532,PRV-604,PRV-605,FAC-206,MEM-08130,2026-06-05
REF-003533,PRV-410,PRV-102,FAC-044,MEM-05536,2026-06-05
REF-003534,PRV-410,PRV-102,FAC-012,MEM-11091,2026-06-05
REF-003535,PRV-544,PRV-112,FAC-010,MEM-01571,2026-06-05
REF-003536,PRV-501,PRV-147,FAC-025,MEM-02891,2026-06-05
REF-003537,PRV-102,PRV-103,FAC-012,MEM-00753,2026-06-05
REF-003538,PRV-856,PRV-196,FAC-095,MEM-10008,2026-06-05
REF-003539,PRV-501,PRV-147,FAC-025,MEM-04937,2026-06-05
REF-003540,PRV-959,PRV-244,FAC-180,MEM-02768,2026-06-05
REF-003541,PRV-744,PRV-489,FAC-054,MEM-04532,2026-06-05
REF-003542,PRV-959,PRV-244,FAC-180,MEM-08627,2026-06-05
REF-003543,PRV-604,PRV-605,FAC-206,MEM-10762,2026-06-06
REF-003544,PRV-978,PRV-442,FAC-036,MEM-05165,2026-06-06
REF-003545,PRV-959,PRV-244,FAC-180,MEM-03995,2026-06-06
REF-003546,PRV-959,PRV-244,FAC-180,MEM-01602,2026-06-06
REF-003547,PRV-262,PRV-935,FAC-124,MEM-05083,2026-06-06
REF-003548,PRV-076,PRV-121,FAC-032,MEM-07455,2026-06-06
REF-003549,PRV-744,PRV-489,FAC-054,MEM-07700,2026-06-06
REF-003550,PRV-410,PRV-102,FAC-012,MEM-08511,2026-06-06
REF-003551,PRV-410,PRV-102,FAC-044,MEM-11185,2026-06-06
REF-003552,PRV-978,PRV-442,FAC-036,MEM-11350,2026-06-06
REF-003553,PRV-410,PRV-102,FAC-012,MEM-07742,2026-06-06
REF-003554,PRV-560,PRV-212,FAC-241,MEM-08623,2026-06-07
REF-003555,PRV-102,PRV-105,FAC-047,MEM-11174,2026-06-07
REF-003556,PRV-477,PRV-257,FAC-153,MEM-05554,2026-06-07
REF-003557,PRV-344,PRV-587,FAC-183,MEM-06019,2026-06-07
REF-003558,PRV-544,PRV-112,FAC-172,MEM-09291,2026-06-07
REF-003559,PRV-658,PRV-273,FAC-260,MEM-01740,2026-06-07
REF-003560,PRV-992,PRV-797,FAC-211,MEM-06003,2026-06-07
REF-003561,PRV-994,PRV-080,FAC-201,MEM-10500,2026-06-07
REF-003562,PRV-759,PRV-740,FAC-153,MEM-02451,2026-06-07
REF-003563,PRV-309,PRV-170,FAC-127,MEM-05293,2026-06-07
REF-003564,PRV-101,PRV-110,FAC-152,MEM-01224,2026-06-07
REF-003565,PRV-709,PRV-962,FAC-004,MEM-07994,2026-06-07
REF-003566,PRV-800,PRV-770,FAC-047,MEM-04038,2026-06-08
REF-003567,PRV-255,PRV-452,FAC-137,MEM-08166,2026-06-08
REF-003568,PRV-759,PRV-858,FAC-006,MEM-04103,2026-06-08
REF-003569,PRV-165,PRV-646,FAC-202,MEM-06220,2026-06-08
REF-003570,PRV-262,PRV-935,FAC-124,MEM-05061,2026-06-08
REF-003571,PRV-978,PRV-442,FAC-036,MEM-07892,2026-06-08
REF-003572,PRV-647,PRV-107,FAC-231,MEM-00353,2026-06-08
REF-003573,PRV-067,PRV-692,FAC-114,MEM-04810,2026-06-08
REF-003574,PRV-477,PRV-030,FAC-014,MEM-03130,2026-06-08
REF-003575,PRV-410,PRV-103,FAC-012,MEM-03469,2026-06-08
REF-003576,PRV-744,PRV-034,FAC-054,MEM-11763,2026-06-08
REF-003577,PRV-602,PRV-603,FAC-119,MEM-04155,2026-06-08
REF-003578,PRV-541,PRV-620,FAC-050,MEM-09002,2026-06-08
REF-003579,PRV-900,PRV-923,FAC-152,MEM-02312,2026-06-08
REF-003580,PRV-410,PRV-102,FAC-012,MEM-11719,2026-06-09
REF-003581,PRV-015,PRV-161,FAC-211,MEM-07033,2026-06-09
REF-003582,PRV-309,PRV-170,FAC-127,MEM-01038,2026-06-09
REF-003583,PRV-730,PRV-740,FAC-113,MEM-01085,2026-06-09
REF-003584,PRV-823,PRV-545,FAC-185,MEM-10693,2026-06-09
REF-003585,PRV-077,PRV-910,FAC-202,MEM-06916,2026-06-09
REF-003586,PRV-601,PRV-602,FAC-154,MEM-10651,2026-06-10
REF-003587,PRV-604,PRV-605,FAC-206,MEM-02468,2026-06-10
REF-003588,PRV-688,PRV-518,FAC-176,MEM-05720,2026-06-10
REF-003589,PRV-605,PRV-601,FAC-155,MEM-04609,2026-06-10
REF-003590,PRV-027,PRV-669,FAC-028,MEM-09445,2026-06-10
REF-003591,PRV-544,PRV-112,FAC-010,MEM-05589,2026-06-10
REF-003592,PRV-487,PRV-155,FAC-031,MEM-10799,2026-06-10
REF-003593,PRV-410,PRV-102,FAC-012,MEM-02239,2026-06-10
REF-003594,PRV-501,PRV-147,FAC-008,MEM-05334,2026-06-11
REF-003595,PRV-978,PRV-268,FAC-075,MEM-04200,2026-06-11
REF-003596,PRV-346,PRV-805,FAC-207,MEM-04189,2026-06-11
REF-003597,PRV-058,PRV-455,FAC-149,MEM-02505,2026-06-11
REF-003598,PRV-604,PRV-605,FAC-206,MEM-02308,2026-06-11
REF-003599,PRV-539,PRV-564,FAC-106,MEM-08871,2026-06-11
REF-003600,PRV-045,PRV-825,FAC-222,MEM-02730,2026-06-11
REF-003601,PRV-959,PRV-244,FAC-180,MEM-03044,2026-06-11
REF-003602,PRV-177,PRV-498,FAC-166,MEM-02971,2026-06-11
REF-003603,PRV-541,PRV-620,FAC-050,MEM-05433,2026-06-11
REF-003604,PRV-959,PRV-244,FAC-180,MEM-08388,2026-06-11
REF-003605,PRV-439,PRV-031,FAC-081,MEM-01283,2026-06-11
REF-003606,PRV-102,PRV-103,FAC-012,MEM-10619,2026-06-12
REF-003607,PRV-992,PRV-070,FAC-006,MEM-05469,2026-06-12
REF-003608,PRV-186,PRV-918,FAC-103,MEM-09082,2026-06-12
REF-003609,PRV-102,PRV-105,FAC-047,MEM-07944,2026-06-12
REF-003610,PRV-708,PRV-457,FAC-203,MEM-01391,2026-06-12
REF-003611,PRV-486,PRV-534,FAC-004,MEM-07006,2026-06-12
REF-003612,PRV-182,PRV-554,FAC-207,MEM-09525,2026-06-12
REF-003613,PRV-541,PRV-620,FAC-050,MEM-02242,2026-06-12
REF-003614,PRV-744,PRV-489,FAC-054,MEM-06394,2026-06-12
REF-003615,PRV-762,PRV-727,FAC-164,MEM-03822,2026-06-12
REF-003616,PRV-537,PRV-345,FAC-207,MEM-11138,2026-06-12
REF-003617,PRV-541,PRV-620,FAC-050,MEM-05536,2026-06-13
REF-003618,PRV-040,PRV-207,FAC-048,MEM-08571,2026-06-13
REF-003619,PRV-333,PRV-437,FAC-160,MEM-04461,2026-06-13
REF-003620,PRV-664,PRV-306,FAC-003,MEM-01776,2026-06-13
REF-003621,PRV-309,PRV-645,FAC-247,MEM-10204,2026-06-13
REF-003622,PRV-953,PRV-420,FAC-060,MEM-05691,2026-06-13
REF-003623,PRV-102,PRV-105,FAC-047,MEM-07938,2026-06-13
REF-003624,PRV-965,PRV-284,FAC-175,MEM-02239,2026-06-13
REF-003625,PRV-992,PRV-797,FAC-211,MEM-01182,2026-06-13
REF-003626,PRV-262,PRV-935,FAC-124,MEM-04507,2026-06-13
REF-003627,PRV-410,PRV-102,FAC-012,MEM-02310,2026-06-14
REF-003628,PRV-186,PRV-918,FAC-103,MEM-10978,2026-06-14
REF-003629,PRV-408,PRV-430,FAC-004,MEM-01942,2026-06-14
REF-003630,PRV-176,PRV-751,FAC-162,MEM-07504,2026-06-14
REF-003631,PRV-744,PRV-489,FAC-054,MEM-08521,2026-06-14
REF-003632,PRV-744,PRV-489,FAC-054,MEM-04020,2026-06-14
REF-003633,PRV-959,PRV-244,FAC-180,MEM-07085,2026-06-14
REF-003634,PRV-672,PRV-169,FAC-131,MEM-09434,2026-06-14
REF-003635,PRV-262,PRV-217,FAC-166,MEM-04762,2026-06-14
REF-003636,PRV-330,PRV-114,FAC-109,MEM-10026,2026-06-14
REF-003637,PRV-102,PRV-104,FAC-248,MEM-03296,2026-06-14
REF-003638,PRV-957,PRV-206,FAC-211,MEM-00326,2026-06-14
REF-003639,PRV-978,PRV-442,FAC-036,MEM-02849,2026-06-14
REF-003640,PRV-903,PRV-303,FAC-244,MEM-05546,2026-06-15
REF-003641,PRV-782,PRV-597,FAC-143,MEM-03303,2026-06-15
REF-003642,PRV-997,PRV-374,FAC-157,MEM-09369,2026-06-15
REF-003643,PRV-439,PRV-337,FAC-220,MEM-11820,2026-06-15
REF-003644,PRV-541,PRV-620,FAC-050,MEM-03988,2026-06-15
REF-003645,PRV-602,PRV-603,FAC-119,MEM-10080,2026-06-15
REF-003646,PRV-861,PRV-443,FAC-024,MEM-00944,2026-06-15
REF-003647,PRV-186,PRV-918,FAC-159,MEM-09196,2026-06-15
REF-003648,PRV-176,PRV-456,FAC-237,MEM-10500,2026-06-15
REF-003649,PRV-544,PRV-112,FAC-010,MEM-07832,2026-06-15
REF-003650,PRV-186,PRV-918,FAC-103,MEM-08751,2026-06-15
REF-003651,PRV-102,PRV-103,FAC-012,MEM-03491,2026-06-15
REF-003652,PRV-601,PRV-602,FAC-154,MEM-03426,2026-06-16
REF-003653,PRV-544,PRV-112,FAC-010,MEM-01967,2026-06-16
REF-003654,PRV-959,PRV-495,FAC-210,MEM-04236,2026-06-16
REF-003655,PRV-367,PRV-355,FAC-108,MEM-05192,2026-06-16
REF-003656,PRV-288,PRV-611,FAC-154,MEM-01536,2026-06-16
REF-003657,PRV-604,PRV-605,FAC-206,MEM-09305,2026-06-16
REF-003658,PRV-510,PRV-585,FAC-012,MEM-07569,2026-06-16
REF-003659,PRV-601,PRV-602,FAC-154,MEM-08948,2026-06-16
REF-003660,PRV-603,PRV-604,FAC-042,MEM-11233,2026-06-16
REF-003661,PRV-366,PRV-945,FAC-201,MEM-07271,2026-06-17
REF-003662,PRV-927,PRV-357,FAC-086,MEM-00613,2026-06-17
REF-003663,PRV-410,PRV-102,FAC-044,MEM-00632,2026-06-17
REF-003664,PRV-386,PRV-009,FAC-004,MEM-08786,2026-06-17
REF-003665,PRV-262,PRV-935,FAC-124,MEM-10881,2026-06-17
REF-003666,PRV-186,PRV-918,FAC-103,MEM-07002,2026-06-17
REF-003667,PRV-262,PRV-935,FAC-124,MEM-02688,2026-06-17
REF-003668,PRV-466,PRV-845,FAC-024,MEM-00048,2026-06-17
REF-003669,PRV-603,PRV-604,FAC-042,MEM-09310,2026-06-17
REF-003670,PRV-262,PRV-935,FAC-124,MEM-04914,2026-06-17
REF-003671,PRV-744,PRV-489,FAC-054,MEM-00253,2026-06-17
REF-003672,PRV-501,PRV-147,FAC-025,MEM-08213,2026-06-17
REF-003673,PRV-186,PRV-918,FAC-103,MEM-02039,2026-06-18
REF-003674,PRV-102,PRV-103,FAC-012,MEM-09753,2026-06-18
REF-003675,PRV-721,PRV-899,FAC-191,MEM-05276,2026-06-18
REF-003676,PRV-380,PRV-833,FAC-101,MEM-06428,2026-06-18
REF-003677,PRV-867,PRV-470,FAC-078,MEM-00139,2026-06-18
REF-003678,PRV-501,PRV-147,FAC-025,MEM-03898,2026-06-18
REF-003679,PRV-262,PRV-935,FAC-124,MEM-02401,2026-06-18
REF-003680,PRV-541,PRV-620,FAC-050,MEM-09694,2026-06-18
REF-003681,PRV-544,PRV-112,FAC-010,MEM-07780,2026-06-18
REF-003682,PRV-541,PRV-620,FAC-050,MEM-08095,2026-06-18
REF-003683,PRV-541,PRV-620,FAC-050,MEM-09338,2026-06-18
REF-003684,PRV-262,PRV-935,FAC-124,MEM-05641,2026-06-19
REF-003685,PRV-733,PRV-914,FAC-055,MEM-09462,2026-06-19
REF-003686,PRV-601,PRV-602,FAC-154,MEM-03857,2026-06-19
REF-003687,PRV-604,PRV-605,FAC-206,MEM-07890,2026-06-19
REF-003688,PRV-808,PRV-896,FAC-064,MEM-03575,2026-06-19
REF-003689,PRV-076,PRV-008,FAC-166,MEM-00278,2026-06-19
REF-003690,PRV-410,PRV-102,FAC-012,MEM-07907,2026-06-19
REF-003691,PRV-262,PRV-935,FAC-124,MEM-04512,2026-06-19
REF-003692,PRV-416,PRV-260,FAC-074,MEM-08299,2026-06-19
REF-003693,PRV-182,PRV-751,FAC-162,MEM-07155,2026-06-20
REF-003694,PRV-603,PRV-604,FAC-042,MEM-07811,2026-06-20
REF-003695,PRV-410,PRV-102,FAC-012,MEM-00703,2026-06-20
REF-003696,PRV-040,PRV-207,FAC-048,MEM-01195,2026-06-20
REF-003697,PRV-015,PRV-769,FAC-086,MEM-00273,2026-06-20
REF-003698,PRV-848,PRV-172,FAC-208,MEM-08550,2026-06-20
REF-003699,PRV-486,PRV-534,FAC-004,MEM-04974,2026-06-20
REF-003700,PRV-744,PRV-489,FAC-054,MEM-08151,2026-06-20
REF-003701,PRV-102,PRV-105,FAC-047,MEM-11776,2026-06-20
REF-003702,PRV-040,PRV-207,FAC-048,MEM-08051,2026-06-21
REF-003703,PRV-808,PRV-896,FAC-064,MEM-02983,2026-06-21
REF-003704,PRV-749,PRV-566,FAC-090,MEM-08286,2026-06-21
REF-003705,PRV-605,PRV-601,FAC-155,MEM-04168,2026-06-21
REF-003706,PRV-980,PRV-974,FAC-239,MEM-02727,2026-06-21
REF-003707,PRV-262,PRV-935,FAC-124,MEM-04584,2026-06-21
REF-003708,PRV-040,PRV-207,FAC-048,MEM-00186,2026-06-21
REF-003709,PRV-040,PRV-207,FAC-048,MEM-05553,2026-06-21
REF-003710,PRV-040,PRV-935,FAC-124,MEM-10396,2026-06-21
REF-003711,PRV-541,PRV-620,FAC-050,MEM-11153,2026-06-21
REF-003712,PRV-040,PRV-207,FAC-048,MEM-05293,2026-06-22
REF-003713,PRV-046,PRV-986,FAC-247,MEM-09656,2026-06-22
REF-003714,PRV-182,PRV-554,FAC-207,MEM-07529,2026-06-22
REF-003715,PRV-102,PRV-103,FAC-012,MEM-04854,2026-06-22
REF-003716,PRV-601,PRV-602,FAC-154,MEM-06949,2026-06-22
REF-003717,PRV-272,PRV-109,FAC-174,MEM-01594,2026-06-22
REF-003718,PRV-410,PRV-102,FAC-012,MEM-05780,2026-06-22
REF-003719,PRV-102,PRV-103,FAC-012,MEM-07969,2026-06-22
REF-003720,PRV-613,PRV-547,FAC-014,MEM-02788,2026-06-22
REF-003721,PRV-661,PRV-442,FAC-036,MEM-02812,2026-06-22
REF-003722,PRV-102,PRV-104,FAC-248,MEM-10446,2026-06-23
REF-003723,PRV-040,PRV-207,FAC-048,MEM-07702,2026-06-23
REF-003724,PRV-744,PRV-489,FAC-054,MEM-09075,2026-06-23
REF-003725,PRV-440,PRV-216,FAC-225,MEM-06832,2026-06-23
REF-003726,PRV-544,PRV-112,FAC-010,MEM-08241,2026-06-23
REF-003727,PRV-605,PRV-601,FAC-155,MEM-02649,2026-06-23
REF-003728,PRV-603,PRV-604,FAC-150,MEM-03409,2026-06-23
REF-003729,PRV-102,PRV-103,FAC-012,MEM-04000,2026-06-23
REF-003730,PRV-959,PRV-244,FAC-180,MEM-11776,2026-06-23
REF-003731,PRV-186,PRV-918,FAC-103,MEM-01620,2026-06-23
REF-003732,PRV-384,PRV-308,FAC-132,MEM-03676,2026-06-23
REF-003733,PRV-068,PRV-967,FAC-248,MEM-05755,2026-06-23
REF-003734,PRV-005,PRV-987,FAC-090,MEM-06140,2026-06-24
REF-003735,PRV-101,PRV-845,FAC-024,MEM-09900,2026-06-24
REF-003736,PRV-978,PRV-442,FAC-036,MEM-04943,2026-06-24
REF-003737,PRV-744,PRV-489,FAC-054,MEM-07464,2026-06-24
REF-003738,PRV-605,PRV-601,FAC-155,MEM-06892,2026-06-24
REF-003739,PRV-165,PRV-715,FAC-255,MEM-01203,2026-06-24
REF-003740,PRV-601,PRV-602,FAC-154,MEM-05349,2026-06-24
REF-003741,PRV-410,PRV-102,FAC-012,MEM-01492,2026-06-24
REF-003742,PRV-988,PRV-100,FAC-018,MEM-00533,2026-06-24
REF-003743,PRV-569,PRV-312,FAC-108,MEM-06274,2026-06-24
REF-003744,PRV-603,PRV-604,FAC-042,MEM-00431,2026-06-24
REF-003745,PRV-186,PRV-918,FAC-159,MEM-10881,2026-06-24
REF-003746,PRV-760,PRV-936,FAC-158,MEM-05896,2026-06-24
REF-003747,PRV-269,PRV-049,FAC-132,MEM-09039,2026-06-24
REF-003748,PRV-496,PRV-382,FAC-222,MEM-03701,2026-06-24
REF-003749,PRV-959,PRV-244,FAC-180,MEM-11833,2026-06-24
REF-003750,PRV-997,PRV-201,FAC-157,MEM-03908,2026-06-25
REF-003751,PRV-440,PRV-153,FAC-239,MEM-03243,2026-06-25
REF-003752,PRV-410,PRV-105,FAC-047,MEM-04116,2026-06-25
REF-003753,PRV-603,PRV-604,FAC-042,MEM-08815,2026-06-25
REF-003754,PRV-625,PRV-441,FAC-134,MEM-00917,2026-06-25
REF-003755,PRV-173,PRV-690,FAC-027,MEM-07568,2026-06-25
REF-003756,PRV-602,PRV-603,FAC-119,MEM-10903,2026-06-26
REF-003757,PRV-389,PRV-368,FAC-192,MEM-11907,2026-06-26
REF-003758,PRV-262,PRV-935,FAC-124,MEM-00757,2026-06-26
REF-003759,PRV-737,PRV-765,FAC-048,MEM-05884,2026-06-26
REF-003760,PRV-330,PRV-461,FAC-105,MEM-11617,2026-06-26
REF-003761,PRV-867,PRV-470,FAC-078,MEM-11390,2026-06-26
REF-003762,PRV-027,PRV-130,FAC-101,MEM-06769,2026-06-27
REF-003763,PRV-605,PRV-601,FAC-155,MEM-04743,2026-06-27
REF-003764,PRV-978,PRV-442,FAC-036,MEM-05071,2026-06-27
REF-003765,PRV-102,PRV-104,FAC-012,MEM-03315,2026-06-27
REF-003766,PRV-259,PRV-850,FAC-014,MEM-04840,2026-06-27
REF-003767,PRV-102,PRV-105,FAC-047,MEM-04471,2026-06-27
REF-003768,PRV-867,PRV-764,FAC-234,MEM-11934,2026-06-27
REF-003769,PRV-796,PRV-979,FAC-249,MEM-10173,2026-06-28
REF-003770,PRV-883,PRV-655,FAC-216,MEM-03590,2026-06-28
REF-003771,PRV-959,PRV-244,FAC-180,MEM-08780,2026-06-28
REF-003772,PRV-662,PRV-500,FAC-058,MEM-07985,2026-06-28
REF-003773,PRV-152,PRV-505,FAC-103,MEM-08363,2026-06-28
REF-003774,PRV-810,PRV-426,FAC-087,MEM-00530,2026-06-28
REF-003775,PRV-262,PRV-935,FAC-124,MEM-05922,2026-06-28
REF-003776,PRV-759,PRV-858,FAC-006,MEM-04103,2026-06-28
REF-003777,PRV-603,PRV-604,FAC-042,MEM-10975,2026-06-29
REF-003778,PRV-672,PRV-096,FAC-003,MEM-08949,2026-06-29
REF-003779,PRV-239,PRV-053,FAC-154,MEM-04197,2026-06-29
REF-003780,PRV-603,PRV-604,FAC-042,MEM-11573,2026-06-29
REF-003781,PRV-311,PRV-039,FAC-237,MEM-10739,2026-06-29
REF-003782,PRV-992,PRV-797,FAC-211,MEM-08993,2026-06-29
REF-003783,PRV-102,PRV-103,FAC-012,MEM-02023,2026-06-29
REF-003784,PRV-006,PRV-454,FAC-194,MEM-09619,2026-06-29
REF-003785,PRV-102,PRV-103,FAC-012,MEM-06160,2026-06-29
REF-003786,PRV-848,PRV-712,FAC-032,MEM-07229,2026-06-29
REF-003787,PRV-511,PRV-580,FAC-046,MEM-07696,2026-06-29
REF-003788,PRV-296,PRV-338,FAC-149,MEM-04549,2026-06-29
REF-003789,PRV-040,PRV-228,FAC-103,MEM-04202,2026-06-29
REF-003790,PRV-186,PRV-918,FAC-103,MEM-06923,2026-06-29
REF-003791,PRV-290,PRV-831,FAC-115,MEM-01725,2026-06-30
REF-003792,PRV-916,PRV-606,FAC-197,MEM-05963,2026-06-30
REF-003793,PRV-744,PRV-489,FAC-054,MEM-10071,2026-06-30
REF-003794,PRV-010,PRV-120,FAC-152,MEM-10759,2026-06-30
REF-003795,PRV-602,PRV-603,FAC-119,MEM-06441,2026-06-30
REF-003796,PRV-262,PRV-935,FAC-124,MEM-11223,2026-06-30
REF-003797,PRV-182,PRV-703,FAC-207,MEM-01709,2026-06-30
REF-003798,PRV-102,PRV-104,FAC-248,MEM-04639,2026-06-30
REF-003799,PRV-603,PRV-604,FAC-042,MEM-10606,2026-06-30
REF-003800,PRV-410,PRV-102,FAC-012,MEM-10906,2026-06-30
REF-003801,PRV-978,PRV-442,FAC-036,MEM-01379,2026-07-01
REF-003802,PRV-511,PRV-385,FAC-131,MEM-11971,2026-07-01
REF-003803,PRV-859,PRV-924,FAC-022,MEM-04248,2026-07-01
REF-003804,PRV-410,PRV-103,FAC-012,MEM-09463,2026-07-01
REF-003805,PRV-255,PRV-327,FAC-161,MEM-04675,2026-07-01
REF-003806,PRV-410,PRV-105,FAC-047,MEM-00917,2026-07-01
REF-003807,PRV-541,PRV-620,FAC-050,MEM-09501,2026-07-01
REF-003808,PRV-885,PRV-364,FAC-075,MEM-07756,2026-07-01
REF-003809,PRV-410,PRV-102,FAC-012,MEM-01438,2026-07-01
REF-003810,PRV-410,PRV-102,FAC-012,MEM-00115,2026-07-01
REF-003811,PRV-116,PRV-043,FAC-152,MEM-03700,2026-07-02
REF-003812,PRV-186,PRV-918,FAC-103,MEM-04386,2026-07-02
REF-003813,PRV-605,PRV-601,FAC-150,MEM-10691,2026-07-02
REF-003814,PRV-040,PRV-207,FAC-048,MEM-09082,2026-07-02
REF-003815,PRV-870,PRV-640,FAC-063,MEM-02357,2026-07-02
REF-003816,PRV-102,PRV-103,FAC-012,MEM-00620,2026-07-02
REF-003817,PRV-779,PRV-574,FAC-227,MEM-06710,2026-07-02
REF-003818,PRV-738,PRV-122,FAC-165,MEM-06195,2026-07-02
REF-003819,PRV-920,PRV-144,FAC-173,MEM-08701,2026-07-03
REF-003820,PRV-487,PRV-155,FAC-031,MEM-03105,2026-07-03
REF-003821,PRV-733,PRV-646,FAC-202,MEM-10520,2026-07-03
REF-003822,PRV-024,PRV-532,FAC-169,MEM-00637,2026-07-03
REF-003823,PRV-501,PRV-147,FAC-008,MEM-02933,2026-07-03
REF-003824,PRV-410,PRV-103,FAC-012,MEM-09962,2026-07-03
REF-003825,PRV-602,PRV-603,FAC-119,MEM-10318,2026-07-04
REF-003826,PRV-186,PRV-918,FAC-159,MEM-03230,2026-07-04
REF-003827,PRV-992,PRV-797,FAC-211,MEM-06421,2026-07-04
REF-003828,PRV-604,PRV-605,FAC-206,MEM-07840,2026-07-04
REF-003829,PRV-090,PRV-847,FAC-035,MEM-02408,2026-07-04
REF-003830,PRV-732,PRV-700,FAC-044,MEM-10317,2026-07-04
REF-003831,PRV-018,PRV-354,FAC-060,MEM-01171,2026-07-04
REF-003832,PRV-410,PRV-102,FAC-012,MEM-00599,2026-07-04
REF-003833,PRV-410,PRV-102,FAC-051,MEM-03906,2026-07-04
REF-003834,PRV-394,PRV-348,FAC-203,MEM-06918,2026-07-04
REF-003835,PRV-309,PRV-426,FAC-030,MEM-02369,2026-07-04
REF-003836,PRV-605,PRV-601,FAC-155,MEM-02153,2026-07-04
REF-003837,PRV-992,PRV-797,FAC-211,MEM-11476,2026-07-05
REF-003838,PRV-494,PRV-829,FAC-222,MEM-09592,2026-07-05
REF-003839,PRV-603,PRV-604,FAC-042,MEM-06972,2026-07-05
REF-003840,PRV-744,PRV-489,FAC-054,MEM-09307,2026-07-05
REF-003841,PRV-340,PRV-565,FAC-206,MEM-01243,2026-07-05
REF-003842,PRV-603,PRV-604,FAC-042,MEM-10280,2026-07-05
REF-003843,PRV-410,PRV-102,FAC-012,MEM-09403,2026-07-05
REF-003844,PRV-544,PRV-112,FAC-172,MEM-06146,2026-07-05
REF-003845,PRV-544,PRV-112,FAC-010,MEM-01501,2026-07-05
REF-003846,PRV-102,PRV-104,FAC-248,MEM-11260,2026-07-05
REF-003847,PRV-980,PRV-185,FAC-246,MEM-00329,2026-07-05
REF-003848,PRV-601,PRV-602,FAC-154,MEM-10238,2026-07-06
REF-003849,PRV-978,PRV-442,FAC-036,MEM-03576,2026-07-06
REF-003850,PRV-410,PRV-102,FAC-012,MEM-00017,2026-07-06
REF-003851,PRV-541,PRV-620,FAC-050,MEM-03439,2026-07-06
REF-003852,PRV-040,PRV-505,FAC-103,MEM-02005,2026-07-06
REF-003853,PRV-262,PRV-935,FAC-124,MEM-04729,2026-07-06
REF-003854,PRV-969,PRV-739,FAC-160,MEM-03465,2026-07-06
REF-003855,PRV-262,PRV-935,FAC-036,MEM-04602,2026-07-06
REF-003856,PRV-992,PRV-797,FAC-211,MEM-00640,2026-07-06
REF-003857,PRV-316,PRV-038,FAC-199,MEM-09296,2026-07-06
REF-003858,PRV-508,PRV-898,FAC-176,MEM-06235,2026-07-06
REF-003859,PRV-736,PRV-430,FAC-004,MEM-04765,2026-07-07
REF-003860,PRV-658,PRV-592,FAC-101,MEM-10195,2026-07-07
REF-003861,PRV-762,PRV-902,FAC-063,MEM-06905,2026-07-07
REF-003862,PRV-413,PRV-826,FAC-058,MEM-10741,2026-07-07
REF-003863,PRV-334,PRV-538,FAC-139,MEM-11290,2026-07-07
REF-003864,PRV-363,PRV-914,FAC-055,MEM-11824,2026-07-07
REF-003865,PRV-362,PRV-278,FAC-207,MEM-01748,2026-07-07
REF-003866,PRV-501,PRV-147,FAC-025,MEM-05949,2026-07-07
REF-003867,PRV-691,PRV-472,FAC-187,MEM-08078,2026-07-07
REF-003868,PRV-541,PRV-620,FAC-050,MEM-03975,2026-07-08
REF-003869,PRV-595,PRV-809,FAC-172,MEM-07308,2026-07-08
REF-003870,PRV-102,PRV-104,FAC-012,MEM-01556,2026-07-08
REF-003871,PRV-168,PRV-106,FAC-156,MEM-08967,2026-07-08
REF-003872,PRV-541,PRV-620,FAC-050,MEM-11908,2026-07-08
REF-003873,PRV-796,PRV-724,FAC-153,MEM-06950,2026-07-08
REF-003874,PRV-102,PRV-105,FAC-047,MEM-11967,2026-07-08
REF-003875,PRV-314,PRV-461,FAC-105,MEM-05977,2026-07-08
REF-003876,PRV-115,PRV-745,FAC-001,MEM-10076,2026-07-08
REF-003877,PRV-011,PRV-685,FAC-044,MEM-07565,2026-07-08
REF-003878,PRV-733,PRV-938,FAC-099,MEM-00152,2026-07-08
REF-003879,PRV-496,PRV-431,FAC-092,MEM-04172,2026-07-08
REF-003880,PRV-744,PRV-489,FAC-054,MEM-00215,2026-07-08
REF-003881,PRV-718,PRV-792,FAC-180,MEM-00368,2026-07-09
REF-003882,PRV-634,PRV-260,FAC-074,MEM-03560,2026-07-09
REF-003883,PRV-052,PRV-044,FAC-229,MEM-00015,2026-07-09
REF-003884,PRV-870,PRV-724,FAC-153,MEM-06089,2026-07-09
REF-003885,PRV-040,PRV-207,FAC-048,MEM-04467,2026-07-09
REF-003886,PRV-432,PRV-637,FAC-101,MEM-08977,2026-07-09
REF-003887,PRV-297,PRV-983,FAC-128,MEM-01395,2026-07-09
REF-003888,PRV-487,PRV-060,FAC-203,MEM-01877,2026-07-09
REF-003889,PRV-604,PRV-605,FAC-206,MEM-09259,2026-07-09
REF-003890,PRV-541,PRV-620,FAC-050,MEM-02140,2026-07-09
REF-003891,PRV-102,PRV-103,FAC-012,MEM-06149,2026-07-09
REF-003892,PRV-102,PRV-103,FAC-012,MEM-03411,2026-07-09
REF-003893,PRV-102,PRV-103,FAC-012,MEM-00618,2026-07-09
REF-003894,PRV-058,PRV-530,FAC-026,MEM-04460,2026-07-09
REF-003895,PRV-541,PRV-620,FAC-050,MEM-06057,2026-07-09
REF-003896,PRV-501,PRV-147,FAC-025,MEM-03779,2026-07-09
REF-003897,PRV-102,PRV-104,FAC-248,MEM-06708,2026-07-09
REF-003898,PRV-544,PRV-112,FAC-010,MEM-01577,2026-07-09
REF-003899,PRV-410,PRV-102,FAC-012,MEM-07587,2026-07-10
REF-003900,PRV-310,PRV-013,FAC-146,MEM-04947,2026-07-10
REF-003901,PRV-501,PRV-147,FAC-025,MEM-03736,2026-07-10
REF-003902,PRV-059,PRV-748,FAC-220,MEM-01953,2026-07-10
REF-003903,PRV-058,PRV-530,FAC-026,MEM-04138,2026-07-10
REF-003904,PRV-102,PRV-225,FAC-157,MEM-06984,2026-07-11
REF-003905,PRV-311,PRV-039,FAC-237,MEM-00530,2026-07-11
REF-003906,PRV-604,PRV-605,FAC-150,MEM-06650,2026-07-11
REF-003907,PRV-848,PRV-712,FAC-032,MEM-04940,2026-07-11
REF-003908,PRV-762,PRV-001,FAC-113,MEM-11353,2026-07-11
REF-003909,PRV-759,PRV-769,FAC-086,MEM-10663,2026-07-11
REF-003910,PRV-602,PRV-603,FAC-119,MEM-11492,2026-07-11
REF-003911,PRV-501,PRV-147,FAC-025,MEM-05897,2026-07-11
REF-003912,PRV-272,PRV-170,FAC-127,MEM-11871,2026-07-11
REF-003913,PRV-717,PRV-109,FAC-174,MEM-02804,2026-07-12
REF-003914,PRV-164,PRV-676,FAC-070,MEM-06409,2026-07-12
REF-003915,PRV-978,PRV-442,FAC-036,MEM-09003,2026-07-12
REF-003916,PRV-609,PRV-678,FAC-222,MEM-10050,2026-07-12
REF-003917,PRV-440,PRV-095,FAC-231,MEM-00869,2026-07-12
REF-003918,PRV-051,PRV-538,FAC-139,MEM-01734,2026-07-12
REF-003919,PRV-186,PRV-918,FAC-103,MEM-11279,2026-07-12
REF-003920,PRV-906,PRV-735,FAC-007,MEM-11003,2026-07-12
REF-003921,PRV-296,PRV-009,FAC-004,MEM-02086,2026-07-12
REF-003922,PRV-927,PRV-820,FAC-039,MEM-10592,2026-07-12
REF-003923,PRV-997,PRV-497,FAC-099,MEM-07024,2026-07-12
REF-003924,PRV-994,PRV-836,FAC-073,MEM-00659,2026-07-13
REF-003925,PRV-744,PRV-556,FAC-090,MEM-07815,2026-07-13
REF-003926,PRV-749,PRV-892,FAC-103,MEM-10209,2026-07-13
REF-003927,PRV-192,PRV-654,FAC-255,MEM-01663,2026-07-13
REF-003928,PRV-186,PRV-918,FAC-103,MEM-10538,2026-07-13
REF-003929,PRV-102,PRV-433,FAC-219,MEM-05606,2026-07-13
REF-003930,PRV-607,PRV-191,FAC-189,MEM-10271,2026-07-13
REF-003931,PRV-011,PRV-497,FAC-099,MEM-11682,2026-07-13
REF-003932,PRV-541,PRV-620,FAC-050,MEM-06609,2026-07-13
REF-003933,PRV-501,PRV-147,FAC-025,MEM-11023,2026-07-13
REF-003934,PRV-410,PRV-102,FAC-012,MEM-09403,2026-07-13
REF-003935,PRV-550,PRV-641,FAC-031,MEM-03530,2026-07-13
REF-003936,PRV-744,PRV-489,FAC-054,MEM-11439,2026-07-13
REF-003937,PRV-252,PRV-244,FAC-180,MEM-10680,2026-07-13
REF-003938,PRV-410,PRV-102,FAC-012,MEM-03531,2026-07-13
REF-003939,PRV-410,PRV-105,FAC-047,MEM-10337,2026-07-14
REF-003940,PRV-102,PRV-103,FAC-012,MEM-11777,2026-07-14
REF-003941,PRV-414,PRV-850,FAC-014,MEM-05092,2026-07-14
REF-003942,PRV-279,PRV-551,FAC-176,MEM-09906,2026-07-14
REF-003943,PRV-410,PRV-103,FAC-012,MEM-05941,2026-07-14
REF-003944,PRV-186,PRV-918,FAC-103,MEM-00340,2026-07-14
REF-003945,PRV-439,PRV-202,FAC-091,MEM-09502,2026-07-14
REF-003946,PRV-494,PRV-956,FAC-144,MEM-01995,2026-07-14
REF-003947,PRV-410,PRV-104,FAC-248,MEM-05211,2026-07-14
REF-003948,PRV-541,PRV-620,FAC-050,MEM-00327,2026-07-14
REF-003949,PRV-006,PRV-806,FAC-101,MEM-05634,2026-07-14
REF-003950,PRV-018,PRV-864,FAC-093,MEM-10314,2026-07-14
REF-003951,PRV-458,PRV-313,FAC-189,MEM-10701,2026-07-14
REF-003952,PRV-738,PRV-122,FAC-165,MEM-10649,2026-07-14
REF-003953,PRV-782,PRV-597,FAC-143,MEM-06009,2026-07-14
REF-003954,PRV-434,PRV-049,FAC-132,MEM-04993,2026-07-14
REF-003955,PRV-178,PRV-983,FAC-128,MEM-02698,2026-07-14
REF-003956,PRV-102,PRV-961,FAC-210,MEM-11144,2026-07-14
REF-003957,PRV-439,PRV-522,FAC-047,MEM-03991,2026-07-15
REF-003958,PRV-604,PRV-605,FAC-206,MEM-06156,2026-07-15
REF-003959,PRV-569,PRV-145,FAC-154,MEM-02269,2026-07-15
REF-003960,PRV-541,PRV-620,FAC-050,MEM-04619,2026-07-15
REF-003961,PRV-410,PRV-103,FAC-012,MEM-01488,2026-07-15
REF-003962,PRV-262,PRV-935,FAC-124,MEM-03577,2026-07-15
REF-003963,PRV-304,PRV-975,FAC-255,MEM-00240,2026-07-15
REF-003964,PRV-363,PRV-642,FAC-235,MEM-07525,2026-07-15
REF-003965,PRV-752,PRV-106,FAC-156,MEM-04339,2026-07-15
REF-003966,PRV-883,PRV-278,FAC-207,MEM-04007,2026-07-15
REF-003967,PRV-360,PRV-805,FAC-207,MEM-02886,2026-07-15
REF-003968,PRV-957,PRV-881,FAC-031,MEM-08754,2026-07-15
REF-003969,PRV-102,PRV-433,FAC-248,MEM-08595,2026-07-15
REF-003970,PRV-102,PRV-105,FAC-047,MEM-05401,2026-07-15
REF-003971,PRV-603,PRV-604,FAC-042,MEM-06744,2026-07-15
REF-003972,PRV-544,PRV-112,FAC-010,MEM-04324,2026-07-15
REF-003973,PRV-501,PRV-147,FAC-025,MEM-05332,2026-07-15
REF-003974,PRV-978,PRV-442,FAC-036,MEM-02756,2026-07-16
REF-003975,PRV-394,PRV-342,FAC-221,MEM-02702,2026-07-16
REF-003976,PRV-652,PRV-636,FAC-030,MEM-11283,2026-07-16
REF-003977,PRV-102,PRV-105,FAC-047,MEM-00990,2026-07-16
REF-003978,PRV-604,PRV-605,FAC-206,MEM-05614,2026-07-16
REF-003979,PRV-603,PRV-604,FAC-042,MEM-02500,2026-07-16
REF-003980,PRV-102,PRV-105,FAC-047,MEM-10218,2026-07-16
REF-003981,PRV-410,PRV-102,FAC-012,MEM-11199,2026-07-16
REF-003982,PRV-541,PRV-620,FAC-050,MEM-03065,2026-07-16
REF-003983,PRV-501,PRV-147,FAC-025,MEM-00494,2026-07-16
REF-003984,PRV-239,PRV-053,FAC-154,MEM-06920,2026-07-16
REF-003985,PRV-102,PRV-225,FAC-157,MEM-06057,2026-07-16
REF-003986,PRV-410,PRV-102,FAC-012,MEM-03493,2026-07-16
REF-003987,PRV-541,PRV-620,FAC-050,MEM-08205,2026-07-16
REF-003988,PRV-102,PRV-105,FAC-047,MEM-01947,2026-07-17
REF-003989,PRV-749,PRV-158,FAC-112,MEM-09262,2026-07-17
REF-003990,PRV-102,PRV-103,FAC-012,MEM-09502,2026-07-17
REF-003991,PRV-102,PRV-031,FAC-081,MEM-01451,2026-07-17
REF-003992,PRV-102,PRV-031,FAC-081,MEM-11978,2026-07-17
REF-003993,PRV-544,PRV-112,FAC-010,MEM-10135,2026-07-17
REF-003994,PRV-859,PRV-029,FAC-128,MEM-03157,2026-07-17
REF-003995,PRV-744,PRV-489,FAC-054,MEM-11160,2026-07-17
REF-003996,PRV-168,PRV-332,FAC-176,MEM-05031,2026-07-17
REF-003997,PRV-410,PRV-102,FAC-012,MEM-10659,2026-07-17
REF-003998,PRV-511,PRV-611,FAC-154,MEM-00705,2026-07-17
REF-003999,PRV-494,PRV-956,FAC-144,MEM-11701,2026-07-17
REF-004000,PRV-859,PRV-171,FAC-203,MEM-02326,2026-07-17
REF-004001,PRV-867,PRV-764,FAC-234,MEM-11145,2026-07-17
REF-004002,PRV-667,PRV-358,FAC-091,MEM-02618,2026-07-17
REF-004003,PRV-602,PRV-603,FAC-150,MEM-00652,2026-07-18
REF-004004,PRV-744,PRV-489,FAC-054,MEM-07061,2026-07-18
REF-004005,PRV-101,PRV-188,FAC-163,MEM-09964,2026-07-18
REF-004006,PRV-255,PRV-452,FAC-137,MEM-04706,2026-07-18
REF-004007,PRV-501,PRV-147,FAC-025,MEM-09873,2026-07-18
REF-004008,PRV-102,PRV-104,FAC-248,MEM-02164,2026-07-18
REF-004009,PRV-501,PRV-147,FAC-025,MEM-07696,2026-07-18
REF-004010,PRV-601,PRV-602,FAC-154,MEM-02437,2026-07-18
REF-004011,PRV-239,PRV-053,FAC-154,MEM-00971,2026-07-18
REF-004012,PRV-501,PRV-147,FAC-025,MEM-00435,2026-07-18
REF-004013,PRV-484,PRV-555,FAC-222,MEM-07325,2026-07-18
REF-004014,PRV-102,PRV-225,FAC-157,MEM-06688,2026-07-18
REF-004015,PRV-604,PRV-605,FAC-206,MEM-09888,2026-07-18
REF-004016,PRV-410,PRV-102,FAC-012,MEM-04341,2026-07-18
REF-004017,PRV-165,PRV-562,FAC-210,MEM-11749,2026-07-18
REF-004018,PRV-314,PRV-620,FAC-050,MEM-09518,2026-07-18
REF-004019,PRV-410,PRV-102,FAC-012,MEM-01318,2026-07-18
REF-004020,PRV-272,PRV-080,FAC-201,MEM-09256,2026-07-18
REF-004021,PRV-992,PRV-797,FAC-211,MEM-09102,2026-07-18
REF-004022,PRV-691,PRV-633,FAC-155,MEM-08022,2026-07-18
REF-004023,PRV-541,PRV-620,FAC-050,MEM-00324,2026-07-18
REF-004024,PRV-718,PRV-792,FAC-180,MEM-08857,2026-07-19
REF-004025,PRV-602,PRV-603,FAC-119,MEM-04626,2026-07-19
REF-004026,PRV-262,PRV-935,FAC-124,MEM-04593,2026-07-19
REF-004027,PRV-823,PRV-023,FAC-184,MEM-09509,2026-07-19
REF-004028,PRV-959,PRV-244,FAC-180,MEM-09368,2026-07-19
REF-004029,PRV-959,PRV-834,FAC-219,MEM-11272,2026-07-19
REF-004030,PRV-493,PRV-223,FAC-039,MEM-01419,2026-07-19
REF-004031,PRV-992,PRV-797,FAC-211,MEM-05411,2026-07-19
REF-004032,PRV-102,PRV-961,FAC-210,MEM-07889,2026-07-19
REF-004033,PRV-102,PRV-105,FAC-047,MEM-05496,2026-07-19
REF-004034,PRV-182,PRV-324,FAC-032,MEM-09939,2026-07-20
REF-004035,PRV-102,PRV-961,FAC-210,MEM-01090,2026-07-20
REF-004036,PRV-862,PRV-065,FAC-151,MEM-01051,2026-07-20
REF-004037,PRV-953,PRV-215,FAC-096,MEM-11914,2026-07-20
REF-004038,PRV-102,PRV-225,FAC-157,MEM-01363,2026-07-20
REF-004039,PRV-102,PRV-225,FAC-157,MEM-04685,2026-07-20
REF-004040,PRV-992,PRV-797,FAC-211,MEM-09577,2026-07-20
REF-004041,PRV-262,PRV-935,FAC-124,MEM-11773,2026-07-21
REF-004042,PRV-102,PRV-961,FAC-210,MEM-09052,2026-07-21
REF-004043,PRV-544,PRV-112,FAC-172,MEM-06764,2026-07-21
REF-004044,PRV-515,PRV-747,FAC-069,MEM-07451,2026-07-21
REF-004045,PRV-392,PRV-412,FAC-254,MEM-10986,2026-07-21
REF-004046,PRV-544,PRV-112,FAC-010,MEM-01860,2026-07-21
REF-004047,PRV-744,PRV-489,FAC-054,MEM-00547,2026-07-21
REF-004048,PRV-411,PRV-852,FAC-218,MEM-06575,2026-07-21
REF-004049,PRV-601,PRV-602,FAC-154,MEM-05396,2026-07-21
REF-004050,PRV-192,PRV-305,FAC-212,MEM-07978,2026-07-21
REF-004051,PRV-541,PRV-620,FAC-050,MEM-03245,2026-07-21
REF-004052,PRV-102,PRV-031,FAC-081,MEM-07565,2026-07-21
REF-004053,PRV-604,PRV-605,FAC-206,MEM-10658,2026-07-22
REF-004054,PRV-410,PRV-102,FAC-012,MEM-05516,2026-07-22
REF-004055,PRV-102,PRV-104,FAC-012,MEM-10303,2026-07-22
REF-004056,PRV-874,PRV-153,FAC-239,MEM-03807,2026-07-22
REF-004057,PRV-262,PRV-935,FAC-124,MEM-07270,2026-07-22
REF-004058,PRV-411,PRV-533,FAC-229,MEM-07398,2026-07-22
REF-004059,PRV-410,PRV-105,FAC-047,MEM-08385,2026-07-22
REF-004060,PRV-040,PRV-207,FAC-048,MEM-00225,2026-07-22
REF-004061,PRV-917,PRV-902,FAC-063,MEM-00465,2026-07-22
REF-004062,PRV-040,PRV-207,FAC-048,MEM-03263,2026-07-22
REF-004063,PRV-721,PRV-929,FAC-168,MEM-08917,2026-07-22
REF-004064,PRV-603,PRV-604,FAC-150,MEM-07901,2026-07-22
REF-004065,PRV-603,PRV-604,FAC-042,MEM-09791,2026-07-23
REF-004066,PRV-186,PRV-918,FAC-103,MEM-11138,2026-07-23
REF-004067,PRV-186,PRV-918,FAC-103,MEM-09329,2026-07-23
REF-004068,PRV-102,PRV-104,FAC-248,MEM-11181,2026-07-23
REF-004069,PRV-638,PRV-308,FAC-132,MEM-00347,2026-07-23
REF-004070,PRV-602,PRV-603,FAC-119,MEM-06408,2026-07-23
REF-004071,PRV-980,PRV-144,FAC-173,MEM-01276,2026-07-23
REF-004072,PRV-102,PRV-961,FAC-210,MEM-03470,2026-07-23
REF-004073,PRV-602,PRV-603,FAC-119,MEM-07151,2026-07-23
REF-004074,PRV-953,PRV-237,FAC-097,MEM-04433,2026-07-23
REF-004075,PRV-222,PRV-712,FAC-032,MEM-04940,2026-07-23
REF-004076,PRV-102,PRV-105,FAC-012,MEM-06531,2026-07-23
REF-004077,PRV-824,PRV-202,FAC-091,MEM-08204,2026-07-23
REF-004078,PRV-978,PRV-442,FAC-036,MEM-06560,2026-07-24
REF-004079,PRV-543,PRV-620,FAC-050,MEM-05781,2026-07-24
REF-004080,PRV-040,PRV-207,FAC-048,MEM-07529,2026-07-24
REF-004081,PRV-410,PRV-104,FAC-248,MEM-09052,2026-07-24
REF-004082,PRV-367,PRV-750,FAC-092,MEM-04864,2026-07-24
REF-004083,PRV-501,PRV-147,FAC-025,MEM-06827,2026-07-24
REF-004084,PRV-541,PRV-620,FAC-050,MEM-05675,2026-07-24
REF-004085,PRV-921,PRV-670,FAC-156,MEM-11999,2026-07-24
REF-004086,PRV-992,PRV-797,FAC-211,MEM-10639,2026-07-24
REF-004087,PRV-040,PRV-207,FAC-048,MEM-04596,2026-07-24
REF-004088,PRV-959,PRV-244,FAC-180,MEM-11723,2026-07-24
REF-004089,PRV-502,PRV-820,FAC-039,MEM-04446,2026-07-24
REF-004090,PRV-702,PRV-924,FAC-022,MEM-06816,2026-07-24
REF-004091,PRV-515,PRV-258,FAC-156,MEM-05283,2026-07-24
REF-004092,PRV-541,PRV-620,FAC-050,MEM-01363,2026-07-24
REF-004093,PRV-991,PRV-710,FAC-006,MEM-01859,2026-07-24
REF-004094,PRV-737,PRV-491,FAC-032,MEM-10436,2026-07-24
REF-004095,PRV-602,PRV-603,FAC-119,MEM-05502,2026-07-25
REF-004096,PRV-612,PRV-597,FAC-123,MEM-02767,2026-07-25
REF-004097,PRV-744,PRV-489,FAC-054,MEM-05714,2026-07-25
REF-004098,PRV-040,PRV-207,FAC-048,MEM-01168,2026-07-25
REF-004099,PRV-652,PRV-278,FAC-207,MEM-09711,2026-07-25
REF-004100,PRV-541,PRV-620,FAC-050,MEM-09346,2026-07-25
REF-004101,PRV-136,PRV-312,FAC-108,MEM-01979,2026-07-25
REF-004102,PRV-040,PRV-207,FAC-048,MEM-11611,2026-07-25
REF-004103,PRV-992,PRV-797,FAC-211,MEM-04770,2026-07-25
REF-004104,PRV-978,PRV-442,FAC-036,MEM-03743,2026-07-26
REF-004105,PRV-569,PRV-146,FAC-200,MEM-05982,2026-07-26
REF-004106,PRV-746,PRV-592,FAC-101,MEM-10070,2026-07-26
REF-004107,PRV-046,PRV-093,FAC-073,MEM-06064,2026-07-26
REF-004108,PRV-102,PRV-031,FAC-081,MEM-03469,2026-07-26
REF-004109,PRV-660,PRV-792,FAC-180,MEM-01000,2026-07-26
REF-004110,PRV-262,PRV-935,FAC-124,MEM-02289,2026-07-26
REF-004111,PRV-848,PRV-172,FAC-208,MEM-00090,2026-07-26
REF-004112,PRV-027,PRV-814,FAC-205,MEM-04790,2026-07-26
REF-004113,PRV-389,PRV-368,FAC-192,MEM-00030,2026-07-26
REF-004114,PRV-411,PRV-073,FAC-053,MEM-03959,2026-07-26
REF-004115,PRV-953,PRV-728,FAC-204,MEM-01914,2026-07-26
REF-004116,PRV-020,PRV-293,FAC-111,MEM-05605,2026-07-26
REF-004117,PRV-102,PRV-105,FAC-047,MEM-01791,2026-07-26
REF-004118,PRV-934,PRV-093,FAC-073,MEM-00793,2026-07-26
REF-004119,PRV-410,PRV-105,FAC-047,MEM-00206,2026-07-26
REF-004120,PRV-992,PRV-797,FAC-211,MEM-11995,2026-07-26
REF-004121,PRV-544,PRV-112,FAC-010,MEM-04864,2026-07-27
REF-004122,PRV-102,PRV-103,FAC-012,MEM-09257,2026-07-27
REF-004123,PRV-436,PRV-053,FAC-154,MEM-05982,2026-07-27
REF-004124,PRV-102,PRV-961,FAC-210,MEM-11221,2026-07-27
REF-004125,PRV-410,PRV-104,FAC-248,MEM-06449,2026-07-27
REF-004126,PRV-601,PRV-602,FAC-154,MEM-11997,2026-07-28
REF-004127,PRV-959,PRV-244,FAC-180,MEM-09872,2026-07-28
REF-004128,PRV-102,PRV-104,FAC-248,MEM-08355,2026-07-28
REF-004129,PRV-744,PRV-489,FAC-054,MEM-06876,2026-07-28
REF-004130,PRV-380,PRV-449,FAC-164,MEM-02353,2026-07-28
REF-004131,PRV-102,PRV-148,FAC-020,MEM-10842,2026-07-28
REF-004132,PRV-102,PRV-433,FAC-219,MEM-04645,2026-07-28
REF-004133,PRV-182,PRV-180,FAC-103,MEM-09541,2026-07-28
REF-004134,PRV-102,PRV-031,FAC-081,MEM-10470,2026-07-28
REF-004135,PRV-360,PRV-071,FAC-201,MEM-03468,2026-07-29
REF-004136,PRV-142,PRV-281,FAC-101,MEM-06930,2026-07-29
REF-004137,PRV-415,PRV-463,FAC-091,MEM-08974,2026-07-29
REF-004138,PRV-410,PRV-102,FAC-012,MEM-08861,2026-07-29
REF-004139,PRV-601,PRV-602,FAC-154,MEM-04751,2026-07-29
REF-004140,PRV-501,PRV-147,FAC-025,MEM-04465,2026-07-29
REF-004141,PRV-625,PRV-244,FAC-180,MEM-07494,2026-07-29
REF-004142,PRV-978,PRV-442,FAC-036,MEM-05221,2026-07-29
REF-004143,PRV-602,PRV-603,FAC-119,MEM-09045,2026-07-29
REF-004144,PRV-544,PRV-112,FAC-172,MEM-10226,2026-07-30
REF-004145,PRV-978,PRV-442,FAC-036,MEM-02760,2026-07-30
REF-004146,PRV-992,PRV-797,FAC-211,MEM-08080,2026-07-30
REF-004147,PRV-262,PRV-935,FAC-124,MEM-06528,2026-07-30
REF-004148,PRV-744,PRV-489,FAC-054,MEM-00529,2026-07-30
REF-004149,PRV-102,PRV-104,FAC-012,MEM-09327,2026-07-30
REF-004150,PRV-165,PRV-038,FAC-199,MEM-00574,2026-07-30
REF-004151,PRV-702,PRV-924,FAC-022,MEM-04248,2026-07-31
REF-004152,PRV-752,PRV-244,FAC-180,MEM-01136,2026-07-31
REF-004153,PRV-102,PRV-148,FAC-020,MEM-11450,2026-07-31
REF-004154,PRV-934,PRV-093,FAC-073,MEM-00834,2026-07-31
REF-004155,PRV-501,PRV-147,FAC-025,MEM-09668,2026-07-31
REF-004156,PRV-978,PRV-442,FAC-036,MEM-03755,2026-07-31
REF-004157,PRV-177,PRV-498,FAC-166,MEM-02617,2026-07-31
REF-004158,PRV-262,PRV-935,FAC-124,MEM-06213,2026-08-01
REF-004159,PRV-262,PRV-935,FAC-124,MEM-10064,2026-08-01
REF-004160,PRV-613,PRV-822,FAC-063,MEM-00912,2026-08-01
REF-004161,PRV-422,PRV-491,FAC-032,MEM-10008,2026-08-01
REF-004162,PRV-752,PRV-685,FAC-044,MEM-01960,2026-08-01
REF-004163,PRV-501,PRV-147,FAC-025,MEM-07349,2026-08-01
REF-004164,PRV-458,PRV-616,FAC-130,MEM-10337,2026-08-01
REF-004165,PRV-603,PRV-604,FAC-042,MEM-06372,2026-08-01
REF-004166,PRV-541,PRV-620,FAC-050,MEM-10866,2026-08-01
REF-004167,PRV-410,PRV-102,FAC-012,MEM-05070,2026-08-01
REF-004168,PRV-544,PRV-112,FAC-010,MEM-10966,2026-08-01
REF-004169,PRV-102,PRV-104,FAC-248,MEM-08383,2026-08-01
REF-004170,PRV-051,PRV-538,FAC-139,MEM-04065,2026-08-01
REF-004171,PRV-903,PRV-774,FAC-183,MEM-04899,2026-08-01
REF-004172,PRV-996,PRV-234,FAC-163,MEM-01149,2026-08-01
REF-004173,PRV-992,PRV-797,FAC-211,MEM-06816,2026-08-01
REF-004174,PRV-192,PRV-615,FAC-219,MEM-01731,2026-08-01
REF-004175,PRV-102,PRV-513,FAC-145,MEM-11948,2026-08-02
REF-004176,PRV-602,PRV-603,FAC-119,MEM-08719,2026-08-02
REF-004177,PRV-410,PRV-102,FAC-051,MEM-06004,2026-08-02
REF-004178,PRV-605,PRV-601,FAC-155,MEM-02568,2026-08-02
REF-004179,PRV-262,PRV-935,FAC-124,MEM-11412,2026-08-02
REF-004180,PRV-602,PRV-603,FAC-119,MEM-05829,2026-08-02
REF-004181,PRV-733,PRV-938,FAC-099,MEM-00152,2026-08-02
REF-004182,PRV-410,PRV-104,FAC-012,MEM-09335,2026-08-02
REF-004183,PRV-870,PRV-971,FAC-015,MEM-07371,2026-08-02
REF-004184,PRV-744,PRV-489,FAC-054,MEM-07005,2026-08-02
REF-004185,PRV-487,PRV-241,FAC-205,MEM-04122,2026-08-02
REF-004186,PRV-040,PRV-933,FAC-058,MEM-05497,2026-08-03
REF-004187,PRV-617,PRV-818,FAC-068,MEM-03744,2026-08-03
REF-004188,PRV-782,PRV-208,FAC-237,MEM-08288,2026-08-03
REF-004189,PRV-011,PRV-497,FAC-099,MEM-08011,2026-08-03
REF-004190,PRV-917,PRV-902,FAC-063,MEM-01010,2026-08-03
REF-004191,PRV-102,PRV-513,FAC-145,MEM-10882,2026-08-03
REF-004192,PRV-410,PRV-102,FAC-012,MEM-10848,2026-08-03
REF-004193,PRV-601,PRV-602,FAC-150,MEM-07001,2026-08-03
REF-004194,PRV-040,PRV-207,FAC-048,MEM-06081,2026-08-03
REF-004195,PRV-220,PRV-554,FAC-207,MEM-07626,2026-08-03
REF-004196,PRV-040,PRV-207,FAC-048,MEM-01945,2026-08-03
REF-004197,PRV-605,PRV-601,FAC-155,MEM-05698,2026-08-04
REF-004198,PRV-674,PRV-061,FAC-003,MEM-08858,2026-08-04
REF-004199,PRV-520,PRV-158,FAC-112,MEM-05106,2026-08-04
REF-004200,PRV-992,PRV-797,FAC-211,MEM-08413,2026-08-04
REF-004201,PRV-691,PRV-629,FAC-119,MEM-10426,2026-08-04
REF-004202,PRV-359,PRV-877,FAC-001,MEM-05728,2026-08-04
REF-004203,PRV-927,PRV-030,FAC-014,MEM-06225,2026-08-04
REF-004204,PRV-486,PRV-534,FAC-004,MEM-03526,2026-08-04
REF-004205,PRV-796,PRV-724,FAC-153,MEM-08416,2026-08-04
REF-004206,PRV-222,PRV-217,FAC-166,MEM-00405,2026-08-05
REF-004207,PRV-501,PRV-147,FAC-008,MEM-04975,2026-08-05
REF-004208,PRV-541,PRV-620,FAC-050,MEM-10440,2026-08-05
REF-004209,PRV-541,PRV-620,FAC-050,MEM-08487,2026-08-05
REF-004210,PRV-521,PRV-591,FAC-059,MEM-04801,2026-08-05
REF-004211,PRV-040,PRV-207,FAC-048,MEM-03102,2026-08-05
REF-004212,PRV-410,PRV-102,FAC-012,MEM-06514,2026-08-05
REF-004213,PRV-544,PRV-112,FAC-010,MEM-08026,2026-08-05
REF-004214,PRV-493,PRV-348,FAC-203,MEM-05825,2026-08-05
REF-004215,PRV-227,PRV-773,FAC-110,MEM-05149,2026-08-06
REF-004216,PRV-604,PRV-605,FAC-206,MEM-01849,2026-08-06
REF-004217,PRV-262,PRV-935,FAC-124,MEM-10066,2026-08-06
REF-004218,PRV-992,PRV-797,FAC-211,MEM-04750,2026-08-06
REF-004219,PRV-541,PRV-620,FAC-050,MEM-10312,2026-08-06
REF-004220,PRV-186,PRV-918,FAC-103,MEM-08139,2026-08-06
REF-004221,PRV-744,PRV-489,FAC-054,MEM-10019,2026-08-06
REF-004222,PRV-544,PRV-112,FAC-172,MEM-09375,2026-08-06
REF-004223,PRV-991,PRV-710,FAC-006,MEM-03770,2026-08-06
REF-004224,PRV-410,PRV-102,FAC-012,MEM-03266,2026-08-06
REF-004225,PRV-360,PRV-528,FAC-001,MEM-06851,2026-08-06
REF-004226,PRV-856,PRV-450,FAC-062,MEM-04525,2026-08-06
REF-004227,PRV-040,PRV-207,FAC-048,MEM-02292,2026-08-06
REF-004228,PRV-410,PRV-104,FAC-248,MEM-00835,2026-08-06
REF-004229,PRV-102,PRV-103,FAC-012,MEM-08301,2026-08-06
REF-004230,PRV-510,PRV-671,FAC-142,MEM-11220,2026-08-07
REF-004231,PRV-102,PRV-561,FAC-080,MEM-10057,2026-08-07
REF-004232,PRV-021,PRV-180,FAC-103,MEM-05609,2026-08-07
REF-004233,PRV-494,PRV-956,FAC-144,MEM-05703,2026-08-07
REF-004234,PRV-988,PRV-148,FAC-020,MEM-09014,2026-08-07
REF-004235,PRV-541,PRV-620,FAC-050,MEM-09500,2026-08-07
REF-004236,PRV-544,PRV-112,FAC-010,MEM-11836,2026-08-07
REF-004237,PRV-102,PRV-105,FAC-047,MEM-02003,2026-08-07
REF-004238,PRV-316,PRV-270,FAC-081,MEM-04279,2026-08-07
REF-004239,PRV-178,PRV-055,FAC-057,MEM-03732,2026-08-07
REF-004240,PRV-559,PRV-690,FAC-027,MEM-01271,2026-08-07
REF-004241,PRV-789,PRV-665,FAC-031,MEM-01037,2026-08-08
REF-004242,PRV-602,PRV-603,FAC-119,MEM-10907,2026-08-08
REF-004243,PRV-501,PRV-147,FAC-025,MEM-05332,2026-08-08
REF-004244,PRV-102,PRV-103,FAC-012,MEM-03837,2026-08-08
REF-004245,PRV-410,PRV-102,FAC-012,MEM-00248,2026-08-08
REF-004246,PRV-544,PRV-112,FAC-010,MEM-03700,2026-08-08
REF-004247,PRV-186,PRV-918,FAC-103,MEM-07856,2026-08-08
REF-004248,PRV-527,PRV-894,FAC-056,MEM-09164,2026-08-08
REF-004249,PRV-651,PRV-216,FAC-225,MEM-07704,2026-08-09
REF-004250,PRV-102,PRV-105,FAC-012,MEM-03773,2026-08-09
REF-004251,PRV-486,PRV-534,FAC-004,MEM-06282,2026-08-09
REF-004252,PRV-494,PRV-956,FAC-144,MEM-10818,2026-08-09
REF-004253,PRV-102,PRV-287,FAC-044,MEM-07581,2026-08-09
REF-004254,PRV-973,PRV-004,FAC-001,MEM-07603,2026-08-10
REF-004255,PRV-410,PRV-104,FAC-012,MEM-09374,2026-08-10
REF-004256,PRV-186,PRV-918,FAC-103,MEM-09389,2026-08-10
REF-004257,PRV-262,PRV-935,FAC-124,MEM-09256,2026-08-10
REF-004258,PRV-469,PRV-497,FAC-099,MEM-01048,2026-08-10
REF-004259,PRV-978,PRV-442,FAC-036,MEM-06698,2026-08-10
REF-004260,PRV-173,PRV-159,FAC-170,MEM-09565,2026-08-10
REF-004261,PRV-186,PRV-918,FAC-103,MEM-08759,2026-08-10
REF-004262,PRV-320,PRV-198,FAC-185,MEM-04556,2026-08-10
REF-004263,PRV-544,PRV-112,FAC-010,MEM-04172,2026-08-10
REF-004264,PRV-040,PRV-207,FAC-048,MEM-02783,2026-08-10
REF-004265,PRV-040,PRV-207,FAC-048,MEM-00961,2026-08-10
REF-004266,PRV-749,PRV-073,FAC-053,MEM-03959,2026-08-10
REF-004267,PRV-980,PRV-858,FAC-006,MEM-03720,2026-08-11
REF-004268,PRV-921,PRV-562,FAC-210,MEM-07889,2026-08-11
REF-004269,PRV-541,PRV-620,FAC-050,MEM-01640,2026-08-11
REF-004270,PRV-165,PRV-562,FAC-210,MEM-11999,2026-08-11
REF-004271,PRV-604,PRV-605,FAC-206,MEM-03700,2026-08-11
REF-004272,PRV-541,PRV-620,FAC-050,MEM-07319,2026-08-11
REF-004273,PRV-493,PRV-348,FAC-203,MEM-08419,2026-08-11
REF-004274,PRV-883,PRV-109,FAC-174,MEM-06311,2026-08-11
REF-004275,PRV-410,PRV-102,FAC-051,MEM-10057,2026-08-11
REF-004276,PRV-601,PRV-602,FAC-154,MEM-00258,2026-08-11
REF-004277,PRV-783,PRV-029,FAC-128,MEM-02858,2026-08-11
REF-004278,PRV-102,PRV-105,FAC-047,MEM-05841,2026-08-12
REF-004279,PRV-612,PRV-597,FAC-143,MEM-08074,2026-08-12
REF-004280,PRV-102,PRV-513,FAC-145,MEM-11913,2026-08-12
REF-004281,PRV-749,PRV-986,FAC-247,MEM-05386,2026-08-12
REF-004282,PRV-759,PRV-740,FAC-153,MEM-09167,2026-08-12
REF-004283,PRV-296,PRV-949,FAC-253,MEM-02046,2026-08-12
REF-004284,PRV-601,PRV-602,FAC-154,MEM-04733,2026-08-12
REF-004285,PRV-410,PRV-102,FAC-012,MEM-06323,2026-08-12
REF-004286,PRV-612,PRV-597,FAC-143,MEM-09203,2026-08-12
REF-004287,PRV-123,PRV-256,FAC-002,MEM-10483,2026-08-12
REF-004288,PRV-427,PRV-357,FAC-086,MEM-10196,2026-08-12
REF-004289,PRV-316,PRV-773,FAC-110,MEM-08015,2026-08-13
REF-004290,PRV-604,PRV-605,FAC-206,MEM-08013,2026-08-13
REF-004291,PRV-524,PRV-728,FAC-204,MEM-11662,2026-08-13
REF-004292,PRV-102,PRV-561,FAC-080,MEM-09194,2026-08-13
REF-004293,PRV-601,PRV-602,FAC-150,MEM-11390,2026-08-13
REF-004294,PRV-544,PRV-112,FAC-010,MEM-07873,2026-08-13
REF-004295,PRV-978,PRV-442,FAC-036,MEM-08045,2026-08-13
REF-004296,PRV-434,PRV-580,FAC-046,MEM-04860,2026-08-13
REF-004297,PRV-102,PRV-812,FAC-258,MEM-09488,2026-08-13
REF-004298,PRV-362,PRV-682,FAC-084,MEM-09940,2026-08-13
REF-004299,PRV-749,PRV-424,FAC-191,MEM-04128,2026-08-13
REF-004300,PRV-102,PRV-104,FAC-248,MEM-05306,2026-08-13
REF-004301,PRV-959,PRV-244,FAC-180,MEM-08388,2026-08-13
REF-004302,PRV-173,PRV-690,FAC-027,MEM-02342,2026-08-14
REF-004303,PRV-604,PRV-605,FAC-206,MEM-06028,2026-08-14
REF-004304,PRV-544,PRV-112,FAC-172,MEM-01043,2026-08-14
REF-004305,PRV-186,PRV-918,FAC-103,MEM-10482,2026-08-14
REF-004306,PRV-744,PRV-489,FAC-054,MEM-09589,2026-08-14
REF-004307,PRV-808,PRV-896,FAC-064,MEM-04656,2026-08-14
REF-004308,PRV-870,PRV-807,FAC-153,MEM-06677,2026-08-14
REF-004309,PRV-605,PRV-601,FAC-155,MEM-01383,2026-08-14
REF-004310,PRV-672,PRV-169,FAC-131,MEM-02468,2026-08-14
REF-004311,PRV-410,PRV-105,FAC-047,MEM-08758,2026-08-14
REF-004312,PRV-916,PRV-675,FAC-260,MEM-09044,2026-08-14
REF-004313,PRV-541,PRV-620,FAC-050,MEM-11285,2026-08-14
REF-004314,PRV-186,PRV-918,FAC-103,MEM-06585,2026-08-15
REF-004315,PRV-176,PRV-751,FAC-162,MEM-03018,2026-08-15
REF-004316,PRV-544,PRV-112,FAC-010,MEM-07425,2026-08-15
REF-004317,PRV-501,PRV-147,FAC-025,MEM-09031,2026-08-15
REF-004318,PRV-123,PRV-872,FAC-059,MEM-07965,2026-08-15
REF-004319,PRV-992,PRV-797,FAC-211,MEM-05655,2026-08-15
REF-004320,PRV-541,PRV-620,FAC-050,MEM-05858,2026-08-15
REF-004321,PRV-808,PRV-896,FAC-064,MEM-04001,2026-08-15
REF-004322,PRV-618,PRV-287,FAC-044,MEM-01175,2026-08-15
REF-004323,PRV-848,PRV-771,FAC-161,MEM-00029,2026-08-15
REF-004324,PRV-102,PRV-103,FAC-012,MEM-00714,2026-08-15
REF-004325,PRV-992,PRV-971,FAC-015,MEM-07235,2026-08-15
REF-004326,PRV-102,PRV-104,FAC-248,MEM-07448,2026-08-15
REF-004327,PRV-487,PRV-558,FAC-068,MEM-11397,2026-08-16
REF-004328,PRV-744,PRV-489,FAC-054,MEM-07176,2026-08-16
REF-004329,PRV-992,PRV-797,FAC-211,MEM-01681,2026-08-16
REF-004330,PRV-788,PRV-624,FAC-253,MEM-03067,2026-08-16
REF-004331,PRV-959,PRV-244,FAC-180,MEM-06780,2026-08-16
REF-004332,PRV-900,PRV-923,FAC-152,MEM-11836,2026-08-17
REF-004333,PRV-311,PRV-039,FAC-237,MEM-07068,2026-08-17
REF-004334,PRV-446,PRV-580,FAC-046,MEM-02509,2026-08-17
REF-004335,PRV-823,PRV-023,FAC-184,MEM-07754,2026-08-17
REF-004336,PRV-102,PRV-812,FAC-258,MEM-04471,2026-08-17
REF-004337,PRV-040,PRV-207,FAC-048,MEM-10469,2026-08-17
REF-004338,PRV-410,PRV-102,FAC-012,MEM-05740,2026-08-17
REF-004339,PRV-436,PRV-053,FAC-154,MEM-08196,2026-08-17
REF-004340,PRV-544,PRV-112,FAC-010,MEM-11650,2026-08-17
REF-004341,PRV-602,PRV-603,FAC-119,MEM-09983,2026-08-17
REF-004342,PRV-605,PRV-601,FAC-155,MEM-06158,2026-08-17
REF-004343,PRV-102,PRV-104,FAC-248,MEM-05971,2026-08-17
REF-004344,PRV-859,PRV-387,FAC-015,MEM-05571,2026-08-17
REF-004345,PRV-102,PRV-105,FAC-047,MEM-10842,2026-08-18
REF-004346,PRV-077,PRV-910,FAC-202,MEM-00666,2026-08-18
REF-004347,PRV-494,PRV-956,FAC-144,MEM-04743,2026-08-18
REF-004348,PRV-664,PRV-306,FAC-003,MEM-02456,2026-08-18
REF-004349,PRV-517,PRV-531,FAC-230,MEM-02929,2026-08-18
REF-004350,PRV-416,PRV-156,FAC-022,MEM-05231,2026-08-18
REF-004351,PRV-730,PRV-716,FAC-083,MEM-00830,2026-08-18
REF-004352,PRV-756,PRV-322,FAC-222,MEM-10783,2026-08-18
REF-004353,PRV-102,PRV-561,FAC-080,MEM-02567,2026-08-18
REF-004354,PRV-138,PRV-112,FAC-010,MEM-01294,2026-08-18
REF-004355,PRV-427,PRV-504,FAC-034,MEM-07096,2026-08-18
REF-004356,PRV-779,PRV-519,FAC-246,MEM-04360,2026-08-19
REF-004357,PRV-752,PRV-532,FAC-169,MEM-08708,2026-08-19
REF-004358,PRV-310,PRV-013,FAC-146,MEM-04947,2026-08-19
REF-004359,PRV-102,PRV-287,FAC-044,MEM-08915,2026-08-19
REF-004360,PRV-843,PRV-267,FAC-166,MEM-02293,2026-08-19
REF-004361,PRV-605,PRV-601,FAC-155,MEM-11914,2026-08-19
REF-004362,PRV-940,PRV-322,FAC-222,MEM-09898,2026-08-19
REF-004363,PRV-040,PRV-207,FAC-048,MEM-00090,2026-08-19
REF-004364,PRV-439,PRV-202,FAC-091,MEM-11957,2026-08-19
REF-004365,PRV-731,PRV-700,FAC-044,MEM-01416,2026-08-19
REF-004366,PRV-186,PRV-918,FAC-103,MEM-00402,2026-08-20
REF-004367,PRV-605,PRV-601,FAC-155,MEM-02710,2026-08-20
REF-004368,PRV-275,PRV-753,FAC-153,MEM-06863,2026-08-20
REF-004369,PRV-015,PRV-378,FAC-184,MEM-09415,2026-08-20
REF-004370,PRV-040,PRV-207,FAC-048,MEM-10704,2026-08-20
REF-004371,PRV-515,PRV-747,FAC-069,MEM-04066,2026-08-20
REF-004372,PRV-186,PRV-918,FAC-103,MEM-00221,2026-08-20
REF-004373,PRV-410,PRV-102,FAC-012,MEM-01339,2026-08-20
REF-004374,PRV-102,PRV-104,FAC-248,MEM-06882,2026-08-20
REF-004375,PRV-605,PRV-601,FAC-155,MEM-10977,2026-08-21
REF-004376,PRV-410,PRV-102,FAC-012,MEM-02814,2026-08-21
REF-004377,PRV-541,PRV-620,FAC-050,MEM-08812,2026-08-21
REF-004378,PRV-486,PRV-734,FAC-150,MEM-09846,2026-08-21
REF-004379,PRV-604,PRV-605,FAC-206,MEM-03127,2026-08-21
REF-004380,PRV-667,PRV-358,FAC-091,MEM-10797,2026-08-21
REF-004381,PRV-601,PRV-602,FAC-154,MEM-05008,2026-08-21
REF-004382,PRV-517,PRV-531,FAC-230,MEM-05066,2026-08-21
REF-004383,PRV-744,PRV-489,FAC-054,MEM-00687,2026-08-21
REF-004384,PRV-733,PRV-961,FAC-210,MEM-07732,2026-08-21
REF-004385,PRV-762,PRV-623,FAC-203,MEM-06709,2026-08-21
REF-004386,PRV-738,PRV-888,FAC-123,MEM-07553,2026-08-21
REF-004387,PRV-410,PRV-104,FAC-248,MEM-08844,2026-08-21
REF-004388,PRV-102,PRV-105,FAC-047,MEM-05679,2026-08-21
REF-004389,PRV-903,PRV-774,FAC-097,MEM-04899,2026-08-22
REF-004390,PRV-410,PRV-102,FAC-012,MEM-02050,2026-08-22
REF-004391,PRV-102,PRV-513,FAC-145,MEM-05837,2026-08-22
REF-004392,PRV-186,PRV-918,FAC-103,MEM-05712,2026-08-22
REF-004393,PRV-744,PRV-489,FAC-054,MEM-08731,2026-08-22
REF-004394,PRV-603,PRV-604,FAC-042,MEM-10091,2026-08-22
REF-004395,PRV-102,PRV-148,FAC-020,MEM-04787,2026-08-22
REF-004396,PRV-603,PRV-604,FAC-042,MEM-09840,2026-08-22
REF-004397,PRV-186,PRV-918,FAC-103,MEM-09430,2026-08-23
REF-004398,PRV-484,PRV-555,FAC-222,MEM-00569,2026-08-23
REF-004399,PRV-186,PRV-918,FAC-103,MEM-09581,2026-08-23
REF-004400,PRV-603,PRV-604,FAC-042,MEM-11585,2026-08-23
REF-004401,PRV-759,PRV-519,FAC-246,MEM-01593,2026-08-23
REF-004402,PRV-733,PRV-914,FAC-055,MEM-05121,2026-08-23
REF-004403,PRV-410,PRV-104,FAC-248,MEM-09599,2026-08-23
REF-004404,PRV-410,PRV-102,FAC-012,MEM-02242,2026-08-23
REF-004405,PRV-714,PRV-234,FAC-096,MEM-07149,2026-08-23
REF-004406,PRV-102,PRV-148,FAC-020,MEM-07775,2026-08-23
REF-004407,PRV-644,PRV-370,FAC-131,MEM-01701,2026-08-23
REF-004408,PRV-262,PRV-935,FAC-124,MEM-07268,2026-08-23
REF-004409,PRV-102,PRV-812,FAC-258,MEM-09500,2026-08-23
REF-004410,PRV-102,PRV-513,FAC-145,MEM-11535,2026-08-23
REF-004411,PRV-651,PRV-107,FAC-231,MEM-08244,2026-08-23
REF-004412,PRV-501,PRV-147,FAC-025,MEM-10729,2026-08-23
REF-004413,PRV-501,PRV-147,FAC-025,MEM-06744,2026-08-23
REF-004414,PRV-102,PRV-105,FAC-047,MEM-08669,2026-08-23
REF-004415,PRV-040,PRV-505,FAC-103,MEM-03510,2026-08-23
REF-004416,PRV-988,PRV-459,FAC-115,MEM-07810,2026-08-23
REF-004417,PRV-604,PRV-605,FAC-150,MEM-02418,2026-08-23
REF-004418,PRV-744,PRV-047,FAC-127,MEM-06958,2026-08-24
REF-004419,PRV-601,PRV-602,FAC-154,MEM-07275,2026-08-24
REF-004420,PRV-102,PRV-103,FAC-012,MEM-04481,2026-08-24
REF-004421,PRV-410,PRV-102,FAC-012,MEM-01231,2026-08-24
REF-004422,PRV-625,PRV-999,FAC-254,MEM-06149,2026-08-24
REF-004423,PRV-040,PRV-935,FAC-124,MEM-09319,2026-08-24
REF-004424,PRV-410,PRV-102,FAC-012,MEM-00032,2026-08-24
REF-004425,PRV-959,PRV-244,FAC-180,MEM-07246,2026-08-24
REF-004426,PRV-410,PRV-102,FAC-012,MEM-09234,2026-08-25
REF-004427,PRV-541,PRV-620,FAC-050,MEM-02579,2026-08-25
REF-004428,PRV-410,PRV-104,FAC-248,MEM-00223,2026-08-25
REF-004429,PRV-052,PRV-044,FAC-229,MEM-06741,2026-08-25
REF-004430,PRV-102,PRV-287,FAC-044,MEM-07448,2026-08-25
REF-004431,PRV-102,PRV-812,FAC-258,MEM-03671,2026-08-25
REF-004432,PRV-602,PRV-603,FAC-119,MEM-10531,2026-08-25
REF-004433,PRV-027,PRV-669,FAC-028,MEM-05752,2026-08-25
REF-004434,PRV-604,PRV-605,FAC-206,MEM-11277,2026-08-25
REF-004435,PRV-603,PRV-604,FAC-042,MEM-06075,2026-08-25
REF-004436,PRV-782,PRV-597,FAC-143,MEM-00305,2026-08-25
REF-004437,PRV-994,PRV-666,FAC-237,MEM-01921,2026-08-25
REF-004438,PRV-541,PRV-620,FAC-050,MEM-11117,2026-08-25
REF-004439,PRV-959,PRV-244,FAC-180,MEM-10780,2026-08-25
REF-004440,PRV-283,PRV-292,FAC-140,MEM-04985,2026-08-26
REF-004441,PRV-102,PRV-812,FAC-258,MEM-10471,2026-08-26
REF-004442,PRV-744,PRV-489,FAC-054,MEM-08226,2026-08-26
REF-004443,PRV-744,PRV-034,FAC-054,MEM-08484,2026-08-26
REF-004444,PRV-320,PRV-198,FAC-185,MEM-02526,2026-08-26
REF-004445,PRV-843,PRV-039,FAC-237,MEM-05796,2026-08-26
REF-004446,PRV-040,PRV-207,FAC-048,MEM-10284,2026-08-26
REF-004447,PRV-582,PRV-932,FAC-160,MEM-07454,2026-08-26
REF-004448,PRV-537,PRV-345,FAC-207,MEM-08394,2026-08-26
REF-004449,PRV-973,PRV-140,FAC-073,MEM-08014,2026-08-26
REF-004450,PRV-126,PRV-854,FAC-184,MEM-09958,2026-08-26
REF-004451,PRV-662,PRV-500,FAC-058,MEM-06320,2026-08-26
REF-004452,PRV-603,PRV-604,FAC-139,MEM-09650,2026-08-26
REF-004453,PRV-604,PRV-605,FAC-206,MEM-01577,2026-08-26
REF-004454,PRV-544,PRV-112,FAC-010,MEM-05364,2026-08-26
REF-004455,PRV-810,PRV-564,FAC-106,MEM-08871,2026-08-26
REF-004456,PRV-410,PRV-102,FAC-012,MEM-05741,2026-08-26
REF-004457,PRV-466,PRV-473,FAC-187,MEM-10829,2026-08-27
REF-004458,PRV-863,PRV-833,FAC-101,MEM-09811,2026-08-27
REF-004459,PRV-192,PRV-654,FAC-255,MEM-06912,2026-08-27
REF-004460,PRV-410,PRV-105,FAC-047,MEM-01069,2026-08-27
REF-004461,PRV-116,PRV-274,FAC-078,MEM-05794,2026-08-27
REF-004462,PRV-410,PRV-102,FAC-051,MEM-07952,2026-08-27
REF-004463,PRV-541,PRV-620,FAC-050,MEM-05246,2026-08-27
REF-004464,PRV-252,PRV-642,FAC-235,MEM-05115,2026-08-27
REF-004465,PRV-410,PRV-104,FAC-248,MEM-01791,2026-08-27
REF-004466,PRV-434,PRV-580,FAC-046,MEM-08568,2026-08-27
REF-004467,PRV-193,PRV-114,FAC-109,MEM-11282,2026-08-27
REF-004468,PRV-186,PRV-918,FAC-103,MEM-08233,2026-08-27
REF-004469,PRV-193,PRV-197,FAC-049,MEM-01152,2026-08-27
REF-004470,PRV-102,PRV-104,FAC-248,MEM-03007,2026-08-27
REF-004471,PRV-102,PRV-105,FAC-047,MEM-05988,2026-08-27
REF-004472,PRV-102,PRV-542,FAC-145,MEM-08593,2026-08-27
REF-004473,PRV-469,PRV-369,FAC-069,MEM-07653,2026-08-28
REF-004474,PRV-978,PRV-442,FAC-036,MEM-08086,2026-08-28
REF-004475,PRV-262,PRV-935,FAC-124,MEM-10072,2026-08-28
REF-004476,PRV-959,PRV-244,FAC-180,MEM-05749,2026-08-28
REF-004477,PRV-601,PRV-602,FAC-154,MEM-09582,2026-08-28
REF-004478,PRV-601,PRV-602,FAC-154,MEM-05821,2026-08-28
REF-004479,PRV-410,PRV-104,FAC-012,MEM-08410,2026-08-28
REF-004480,PRV-511,PRV-580,FAC-046,MEM-08568,2026-08-28
REF-004481,PRV-604,PRV-605,FAC-206,MEM-11550,2026-08-28
REF-004482,PRV-823,PRV-162,FAC-217,MEM-07757,2026-08-28
REF-004483,PRV-920,PRV-904,FAC-194,MEM-08002,2026-08-28
REF-004484,PRV-040,PRV-207,FAC-048,MEM-01977,2026-08-28
REF-004485,PRV-779,PRV-519,FAC-246,MEM-03031,2026-08-28
REF-004486,PRV-091,PRV-453,FAC-144,MEM-04855,2026-08-28
REF-004487,PRV-496,PRV-382,FAC-222,MEM-06968,2026-08-29
REF-004488,PRV-102,PRV-103,FAC-012,MEM-10478,2026-08-29
REF-004489,PRV-706,PRV-551,FAC-176,MEM-05679,2026-08-29
REF-004490,PRV-661,PRV-442,FAC-036,MEM-06669,2026-08-29
REF-004491,PRV-978,PRV-442,FAC-036,MEM-06334,2026-08-29
REF-004492,PRV-604,PRV-605,FAC-206,MEM-02677,2026-08-29
REF-004493,PRV-744,PRV-489,FAC-054,MEM-09393,2026-08-29
REF-004494,PRV-434,PRV-962,FAC-004,MEM-04541,2026-08-29
REF-004495,PRV-730,PRV-203,FAC-160,MEM-00839,2026-08-29
REF-004496,PRV-978,PRV-442,FAC-036,MEM-06268,2026-08-29
REF-004497,PRV-978,PRV-442,FAC-036,MEM-11434,2026-08-30
REF-004498,PRV-410,PRV-102,FAC-012,MEM-02018,2026-08-30
REF-004499,PRV-602,PRV-603,FAC-119,MEM-01225,2026-08-30
REF-004500,PRV-744,PRV-489,FAC-054,MEM-08784,2026-08-30
REF-004501,PRV-959,PRV-244,FAC-180,MEM-05523,2026-08-30
REF-004502,PRV-024,PRV-975,FAC-255,MEM-05606,2026-08-30
REF-004503,PRV-736,PRV-145,FAC-154,MEM-02269,2026-08-30
REF-004504,PRV-501,PRV-147,FAC-008,MEM-01858,2026-08-30
REF-004505,PRV-959,PRV-244,FAC-180,MEM-10395,2026-08-31
REF-004506,PRV-660,PRV-214,FAC-179,MEM-07728,2026-08-31
REF-004507,PRV-605,PRV-601,FAC-155,MEM-01151,2026-08-31
REF-004508,PRV-662,PRV-207,FAC-048,MEM-05697,2026-08-31
REF-004509,PRV-992,PRV-797,FAC-211,MEM-00460,2026-08-31
REF-004510,PRV-959,PRV-244,FAC-180,MEM-04902,2026-08-31
REF-004511,PRV-392,PRV-616,FAC-130,MEM-05039,2026-08-31
REF-004512,PRV-978,PRV-442,FAC-036,MEM-05404,2026-08-31
REF-004513,PRV-040,PRV-207,FAC-048,MEM-00804,2026-08-31
REF-004514,PRV-458,PRV-616,FAC-130,MEM-09587,2026-08-31
REF-004515,PRV-102,PRV-105,FAC-047,MEM-02874,2026-08-31
REF-004516,PRV-544,PRV-112,FAC-010,MEM-01332,2026-08-31
REF-004517,PRV-870,PRV-098,FAC-221,MEM-06125,2026-09-01
REF-004518,PRV-705,PRV-456,FAC-237,MEM-00740,2026-09-01
REF-004519,PRV-992,PRV-797,FAC-211,MEM-09927,2026-09-01
REF-004520,PRV-102,PRV-104,FAC-248,MEM-06333,2026-09-01
REF-004521,PRV-235,PRV-669,FAC-028,MEM-11171,2026-09-01
REF-004522,PRV-907,PRV-348,FAC-203,MEM-05257,2026-09-01
REF-004523,PRV-040,PRV-207,FAC-048,MEM-03041,2026-09-01
REF-004524,PRV-102,PRV-246,FAC-256,MEM-02970,2026-09-01
REF-004525,PRV-870,PRV-724,FAC-153,MEM-11637,2026-09-01
REF-004526,PRV-744,PRV-489,FAC-054,MEM-03402,2026-09-01
REF-004527,PRV-744,PRV-489,FAC-054,MEM-07118,2026-09-01
REF-004528,PRV-605,PRV-601,FAC-155,MEM-07922,2026-09-01
REF-004529,PRV-604,PRV-605,FAC-206,MEM-03141,2026-09-02
REF-004530,PRV-194,PRV-332,FAC-176,MEM-06457,2026-09-02
REF-004531,PRV-410,PRV-102,FAC-012,MEM-10337,2026-09-02
REF-004532,PRV-978,PRV-442,FAC-036,MEM-10834,2026-09-02
REF-004533,PRV-959,PRV-244,FAC-180,MEM-08816,2026-09-02
REF-004534,PRV-302,PRV-670,FAC-156,MEM-04958,2026-09-02
REF-004535,PRV-235,PRV-974,FAC-239,MEM-10437,2026-09-02
REF-004536,PRV-262,PRV-935,FAC-036,MEM-09248,2026-09-02
REF-004537,PRV-605,PRV-601,FAC-155,MEM-10789,2026-09-02
REF-004538,PRV-603,PRV-604,FAC-042,MEM-10017,2026-09-03
REF-004539,PRV-848,PRV-172,FAC-208,MEM-03261,2026-09-03
REF-004540,PRV-138,PRV-112,FAC-010,MEM-07087,2026-09-03
REF-004541,PRV-541,PRV-620,FAC-050,MEM-01608,2026-09-03
REF-004542,PRV-605,PRV-601,FAC-155,MEM-07536,2026-09-03
REF-004543,PRV-410,PRV-105,FAC-047,MEM-05511,2026-09-03
REF-004544,PRV-128,PRV-034,FAC-054,MEM-05097,2026-09-03
REF-004545,PRV-691,PRV-571,FAC-108,MEM-04115,2026-09-03
REF-004546,PRV-102,PRV-246,FAC-256,MEM-11012,2026-09-03
REF-004547,PRV-269,PRV-061,FAC-003,MEM-01860,2026-09-03
REF-004548,PRV-541,PRV-620,FAC-050,MEM-06451,2026-09-03
REF-004549,PRV-605,PRV-601,FAC-155,MEM-00497,2026-09-03
REF-004550,PRV-501,PRV-147,FAC-025,MEM-05786,2026-09-04
REF-004551,PRV-916,PRV-675,FAC-260,MEM-08291,2026-09-04
REF-004552,PRV-550,PRV-630,FAC-014,MEM-08142,2026-09-04
REF-004553,PRV-102,PRV-103,FAC-012,MEM-08884,2026-09-04
REF-004554,PRV-541,PRV-620,FAC-050,MEM-09683,2026-09-04
REF-004555,PRV-782,PRV-418,FAC-208,MEM-04512,2026-09-04
REF-004556,PRV-660,PRV-214,FAC-179,MEM-10443,2026-09-04
REF-004557,PRV-102,PRV-246,FAC-256,MEM-03438,2026-09-04
REF-004558,PRV-978,PRV-442,FAC-036,MEM-03302,2026-09-04
REF-004559,PRV-416,PRV-547,FAC-014,MEM-02174,2026-09-04
REF-004560,PRV-839,PRV-650,FAC-074,MEM-06576,2026-09-04
REF-004561,PRV-959,PRV-244,FAC-180,MEM-07219,2026-09-04
REF-004562,PRV-601,PRV-602,FAC-154,MEM-09983,2026-09-04
REF-004563,PRV-601,PRV-602,FAC-150,MEM-02547,2026-09-04
REF-004564,PRV-486,PRV-215,FAC-096,MEM-04323,2026-09-05
REF-004565,PRV-262,PRV-935,FAC-124,MEM-10500,2026-09-05
REF-004566,PRV-040,PRV-207,FAC-048,MEM-11470,2026-09-05
REF-004567,PRV-102,PRV-103,FAC-012,MEM-05242,2026-09-05
REF-004568,PRV-102,PRV-105,FAC-047,MEM-09815,2026-09-05
REF-004569,PRV-102,PRV-105,FAC-069,MEM-06103,2026-09-05
REF-004570,PRV-410,PRV-103,FAC-012,MEM-09574,2026-09-05
REF-004571,PRV-744,PRV-489,FAC-054,MEM-00337,2026-09-05
REF-004572,PRV-900,PRV-053,FAC-154,MEM-01539,2026-09-06
REF-004573,PRV-021,PRV-918,FAC-103,MEM-05757,2026-09-06
REF-004574,PRV-959,PRV-244,FAC-180,MEM-09052,2026-09-06
REF-004575,PRV-749,PRV-424,FAC-191,MEM-03588,2026-09-06
REF-004576,PRV-102,PRV-104,FAC-248,MEM-04619,2026-09-06
REF-004577,PRV-434,PRV-962,FAC-004,MEM-08724,2026-09-06
REF-004578,PRV-102,PRV-104,FAC-248,MEM-07591,2026-09-06
REF-004579,PRV-744,PRV-489,FAC-054,MEM-04120,2026-09-06
REF-004580,PRV-705,PRV-456,FAC-237,MEM-05732,2026-09-06
REF-004581,PRV-603,PRV-604,FAC-042,MEM-04733,2026-09-06
REF-004582,PRV-128,PRV-034,FAC-054,MEM-07159,2026-09-06
REF-004583,PRV-544,PRV-112,FAC-172,MEM-11619,2026-09-06
REF-004584,PRV-255,PRV-933,FAC-058,MEM-06277,2026-09-06
REF-004585,PRV-446,PRV-335,FAC-234,MEM-10754,2026-09-06
REF-004586,PRV-959,PRV-244,FAC-180,MEM-09952,2026-09-06
REF-004587,PRV-744,PRV-489,FAC-054,MEM-07138,2026-09-06
REF-004588,PRV-859,PRV-387,FAC-015,MEM-10321,2026-09-06
REF-004589,PRV-410,PRV-102,FAC-051,MEM-06178,2026-09-06
REF-004590,PRV-410,PRV-105,FAC-069,MEM-06212,2026-09-06
REF-004591,PRV-076,PRV-751,FAC-162,MEM-00816,2026-09-07
REF-004592,PRV-511,PRV-385,FAC-131,MEM-09027,2026-09-07
REF-004593,PRV-422,PRV-888,FAC-123,MEM-03583,2026-09-07
REF-004594,PRV-410,PRV-102,FAC-012,MEM-09471,2026-09-07
REF-004595,PRV-102,PRV-103,FAC-012,MEM-09570,2026-09-07
REF-004596,PRV-102,PRV-104,FAC-248,MEM-06080,2026-09-07
REF-004597,PRV-040,PRV-207,FAC-048,MEM-03242,2026-09-07
REF-004598,PRV-524,PRV-728,FAC-204,MEM-02726,2026-09-07
REF-004599,PRV-410,PRV-105,FAC-047,MEM-11322,2026-09-08
REF-004600,PRV-102,PRV-246,FAC-256,MEM-06217,2026-09-08
REF-004601,PRV-297,PRV-735,FAC-007,MEM-06677,2026-09-08
REF-004602,PRV-544,PRV-240,FAC-042,MEM-08109,2026-09-08
REF-004603,PRV-602,PRV-603,FAC-150,MEM-06073,2026-09-08
REF-004604,PRV-978,PRV-442,FAC-036,MEM-00861,2026-09-08
REF-004605,PRV-978,PRV-442,FAC-036,MEM-06234,2026-09-08
REF-004606,PRV-051,PRV-179,FAC-108,MEM-05261,2026-09-08
REF-004607,PRV-138,PRV-534,FAC-004,MEM-04076,2026-09-08
REF-004608,PRV-541,PRV-620,FAC-050,MEM-00039,2026-09-08
REF-004609,PRV-269,PRV-049,FAC-132,MEM-07818,2026-09-08
REF-004610,PRV-602,PRV-603,FAC-119,MEM-07699,2026-09-08
REF-004611,PRV-059,PRV-561,FAC-080,MEM-03664,2026-09-08
REF-004612,PRV-501,PRV-147,FAC-025,MEM-00195,2026-09-09
REF-004613,PRV-427,PRV-971,FAC-015,MEM-00235,2026-09-09
REF-004614,PRV-972,PRV-212,FAC-241,MEM-05938,2026-09-09
REF-004615,PRV-040,PRV-207,FAC-048,MEM-00405,2026-09-09
REF-004616,PRV-603,PRV-604,FAC-042,MEM-04304,2026-09-09
REF-004617,PRV-651,PRV-107,FAC-231,MEM-05602,2026-09-09
REF-004618,PRV-978,PRV-442,FAC-036,MEM-08327,2026-09-09
REF-004619,PRV-521,PRV-591,FAC-059,MEM-04801,2026-09-09
REF-004620,PRV-978,PRV-268,FAC-075,MEM-05492,2026-09-10
REF-004621,PRV-427,PRV-971,FAC-015,MEM-04970,2026-09-10
REF-004622,PRV-659,PRV-979,FAC-249,MEM-01930,2026-09-10
REF-004623,PRV-810,PRV-505,FAC-103,MEM-09059,2026-09-10
REF-004624,PRV-040,PRV-935,FAC-036,MEM-00552,2026-09-10
REF-004625,PRV-186,PRV-918,FAC-103,MEM-03577,2026-09-10
REF-004626,PRV-469,PRV-497,FAC-099,MEM-02613,2026-09-10
REF-004627,PRV-090,PRV-019,FAC-091,MEM-10699,2026-09-10
REF-004628,PRV-605,PRV-601,FAC-155,MEM-05203,2026-09-10
REF-004629,PRV-544,PRV-112,FAC-010,MEM-01854,2026-09-11
REF-004630,PRV-602,PRV-603,FAC-119,MEM-08255,2026-09-11
REF-004631,PRV-410,PRV-102,FAC-012,MEM-07728,2026-09-11
REF-004632,PRV-601,PRV-602,FAC-154,MEM-08544,2026-09-11
REF-004633,PRV-435,PRV-223,FAC-039,MEM-03841,2026-09-11
REF-004634,PRV-997,PRV-374,FAC-157,MEM-03555,2026-09-11
REF-004635,PRV-995,PRV-594,FAC-136,MEM-01441,2026-09-11
REF-004636,PRV-672,PRV-096,FAC-003,MEM-04398,2026-09-11
REF-004637,PRV-544,PRV-112,FAC-010,MEM-02103,2026-09-11
REF-004638,PRV-102,PRV-105,FAC-047,MEM-07742,2026-09-12
REF-004639,PRV-410,PRV-105,FAC-047,MEM-10720,2026-09-12
REF-004640,PRV-605,PRV-601,FAC-056,MEM-11614,2026-09-12
REF-004641,PRV-992,PRV-797,FAC-211,MEM-03776,2026-09-12
REF-004642,PRV-997,PRV-930,FAC-012,MEM-10512,2026-09-12
REF-004643,PRV-102,PRV-104,FAC-248,MEM-06704,2026-09-12
REF-004644,PRV-330,PRV-461,FAC-250,MEM-10848,2026-09-12
REF-004645,PRV-102,PRV-104,FAC-248,MEM-04485,2026-09-12
REF-004646,PRV-235,PRV-974,FAC-239,MEM-10437,2026-09-12
REF-004647,PRV-603,PRV-604,FAC-042,MEM-10289,2026-09-13
REF-004648,PRV-601,PRV-602,FAC-154,MEM-01026,2026-09-13
REF-004649,PRV-744,PRV-489,FAC-054,MEM-07158,2026-09-13
REF-004650,PRV-058,PRV-455,FAC-149,MEM-04983,2026-09-13
REF-004651,PRV-027,PRV-814,FAC-205,MEM-06185,2026-09-13
REF-004652,PRV-410,PRV-102,FAC-044,MEM-03287,2026-09-13
REF-004653,PRV-026,PRV-811,FAC-051,MEM-06665,2026-09-13
REF-004654,PRV-102,PRV-104,FAC-248,MEM-01633,2026-09-13
REF-004655,PRV-541,PRV-620,FAC-050,MEM-06168,2026-09-13
REF-004656,PRV-972,PRV-212,FAC-241,MEM-07300,2026-09-13
REF-004657,PRV-102,PRV-246,FAC-256,MEM-07783,2026-09-13
REF-004658,PRV-222,PRV-712,FAC-032,MEM-03862,2026-09-13
REF-004659,PRV-026,PRV-249,FAC-235,MEM-09201,2026-09-13
REF-004660,PRV-959,PRV-244,FAC-180,MEM-06250,2026-09-13
REF-004661,PRV-040,PRV-207,FAC-048,MEM-01245,2026-09-13
REF-004662,PRV-959,PRV-553,FAC-069,MEM-02622,2026-09-14
REF-004663,PRV-410,PRV-102,FAC-012,MEM-10671,2026-09-14
REF-004664,PRV-102,PRV-104,FAC-248,MEM-00311,2026-09-14
REF-004665,PRV-414,PRV-545,FAC-185,MEM-02979,2026-09-14
REF-004666,PRV-102,PRV-542,FAC-145,MEM-07576,2026-09-14
REF-004667,PRV-474,PRV-289,FAC-255,MEM-05828,2026-09-14
REF-004668,PRV-501,PRV-147,FAC-025,MEM-08489,2026-09-14
REF-004669,PRV-521,PRV-591,FAC-059,MEM-06641,2026-09-15
REF-004670,PRV-602,PRV-603,FAC-119,MEM-02204,2026-09-15
REF-004671,PRV-541,PRV-620,FAC-050,MEM-00768,2026-09-15
REF-004672,PRV-262,PRV-935,FAC-124,MEM-06436,2026-09-15
REF-004673,PRV-494,PRV-956,FAC-144,MEM-00303,2026-09-15
REF-004674,PRV-362,PRV-682,FAC-084,MEM-01188,2026-09-15
REF-004675,PRV-539,PRV-895,FAC-052,MEM-07293,2026-09-15
REF-004676,PRV-262,PRV-935,FAC-036,MEM-10761,2026-09-15
REF-004677,PRV-995,PRV-573,FAC-142,MEM-06032,2026-09-15
REF-004678,PRV-037,PRV-199,FAC-047,MEM-00324,2026-09-15
REF-004679,PRV-959,PRV-244,FAC-180,MEM-08445,2026-09-15
REF-004680,PRV-410,PRV-102,FAC-012,MEM-08569,2026-09-15
REF-004681,PRV-410,PRV-105,FAC-047,MEM-06339,2026-09-16
REF-004682,PRV-410,PRV-102,FAC-012,MEM-09317,2026-09-16
REF-004683,PRV-544,PRV-112,FAC-010,MEM-01468,2026-09-16
REF-004684,PRV-410,PRV-102,FAC-051,MEM-10443,2026-09-16
REF-004685,PRV-527,PRV-274,FAC-078,MEM-05794,2026-09-16
REF-004686,PRV-782,PRV-977,FAC-098,MEM-10804,2026-09-16
REF-004687,PRV-493,PRV-912,FAC-160,MEM-09871,2026-09-16
REF-004688,PRV-269,PRV-061,FAC-003,MEM-02733,2026-09-16
REF-004689,PRV-874,PRV-282,FAC-173,MEM-00065,2026-09-16
REF-004690,PRV-401,PRV-327,FAC-161,MEM-09082,2026-09-16
REF-004691,PRV-856,PRV-631,FAC-032,MEM-05913,2026-09-16
REF-004692,PRV-560,PRV-438,FAC-153,MEM-01822,2026-09-17
REF-004693,PRV-576,PRV-224,FAC-112,MEM-03997,2026-09-17
REF-004694,PRV-862,PRV-213,FAC-131,MEM-08602,2026-09-17
REF-004695,PRV-796,PRV-979,FAC-249,MEM-06889,2026-09-17
REF-004696,PRV-384,PRV-821,FAC-093,MEM-10948,2026-09-17
REF-004697,PRV-102,PRV-104,FAC-248,MEM-11195,2026-09-17
REF-004698,PRV-102,PRV-104,FAC-248,MEM-00588,2026-09-17
REF-004699,PRV-730,PRV-614,FAC-203,MEM-00292,2026-09-17
REF-004700,PRV-102,PRV-104,FAC-248,MEM-03878,2026-09-17
REF-004701,PRV-311,PRV-039,FAC-237,MEM-04579,2026-09-18
REF-004702,PRV-126,PRV-454,FAC-194,MEM-04897,2026-09-18
REF-004703,PRV-410,PRV-102,FAC-012,MEM-03721,2026-09-18
REF-004704,PRV-601,PRV-602,FAC-154,MEM-07238,2026-09-18
REF-004705,PRV-239,PRV-591,FAC-059,MEM-07072,2026-09-18
REF-004706,PRV-602,PRV-603,FAC-150,MEM-00644,2026-09-18
REF-004707,PRV-051,PRV-111,FAC-244,MEM-03565,2026-09-18
REF-004708,PRV-661,PRV-882,FAC-259,MEM-01934,2026-09-18
REF-004709,PRV-634,PRV-769,FAC-086,MEM-08080,2026-09-18
REF-004710,PRV-040,PRV-207,FAC-048,MEM-01762,2026-09-18
REF-004711,PRV-605,PRV-601,FAC-155,MEM-09152,2026-09-18
REF-004712,PRV-486,PRV-534,FAC-060,MEM-00028,2026-09-18
REF-004713,PRV-808,PRV-179,FAC-108,MEM-11888,2026-09-18
REF-004714,PRV-651,PRV-444,FAC-239,MEM-08351,2026-09-18
REF-004715,PRV-978,PRV-442,FAC-036,MEM-06996,2026-09-19
REF-004716,PRV-544,PRV-112,FAC-010,MEM-01938,2026-09-19
REF-004717,PRV-501,PRV-147,FAC-025,MEM-02913,2026-09-19
REF-004718,PRV-186,PRV-918,FAC-103,MEM-01350,2026-09-19
REF-004719,PRV-059,PRV-748,FAC-220,MEM-00561,2026-09-19
REF-004720,PRV-541,PRV-620,FAC-050,MEM-01091,2026-09-19
REF-004721,PRV-788,PRV-624,FAC-253,MEM-05062,2026-09-19
REF-004722,PRV-410,PRV-102,FAC-012,MEM-01144,2026-09-19
REF-004723,PRV-415,PRV-463,FAC-091,MEM-04958,2026-09-19
REF-004724,PRV-743,PRV-956,FAC-144,MEM-10948,2026-09-19
REF-004725,PRV-393,PRV-711,FAC-231,MEM-01803,2026-09-19
REF-004726,PRV-410,PRV-103,FAC-012,MEM-11229,2026-09-19
REF-004727,PRV-410,PRV-102,FAC-012,MEM-01553,2026-09-20
REF-004728,PRV-317,PRV-725,FAC-044,MEM-08931,2026-09-20
REF-004729,PRV-978,PRV-442,FAC-036,MEM-06309,2026-09-20
REF-004730,PRV-040,PRV-207,FAC-048,MEM-02083,2026-09-20
REF-004731,PRV-040,PRV-207,FAC-048,MEM-09301,2026-09-20
REF-004732,PRV-604,PRV-605,FAC-206,MEM-09491,2026-09-20
REF-004733,PRV-541,PRV-620,FAC-050,MEM-00752,2026-09-20
REF-004734,PRV-427,PRV-665,FAC-227,MEM-00339,2026-09-20
REF-004735,PRV-410,PRV-102,FAC-012,MEM-09493,2026-09-20
REF-004736,PRV-102,PRV-542,FAC-145,MEM-11955,2026-09-20
REF-004737,PRV-992,PRV-797,FAC-211,MEM-02835,2026-09-20
REF-004738,PRV-102,PRV-105,FAC-047,MEM-10341,2026-09-20
REF-004739,PRV-721,PRV-899,FAC-191,MEM-10621,2026-09-20
REF-004740,PRV-102,PRV-103,FAC-012,MEM-08760,2026-09-20
REF-004741,PRV-744,PRV-489,FAC-054,MEM-04493,2026-09-20
REF-004742,PRV-598,PRV-608,FAC-169,MEM-00703,2026-09-20
REF-004743,PRV-410,PRV-102,FAC-012,MEM-03350,2026-09-21
REF-004744,PRV-436,PRV-053,FAC-154,MEM-10252,2026-09-21
REF-004745,PRV-766,PRV-913,FAC-094,MEM-06634,2026-09-21
REF-004746,PRV-040,PRV-207,FAC-048,MEM-06627,2026-09-21
REF-004747,PRV-102,PRV-104,FAC-248,MEM-07742,2026-09-21
REF-004748,PRV-311,PRV-039,FAC-237,MEM-06806,2026-09-21
REF-004749,PRV-782,PRV-418,FAC-208,MEM-09381,2026-09-21
REF-004750,PRV-602,PRV-603,FAC-119,MEM-07274,2026-09-21
REF-004751,PRV-959,PRV-244,FAC-180,MEM-09576,2026-09-22
REF-004752,PRV-501,PRV-147,FAC-025,MEM-09592,2026-09-22
REF-004753,PRV-186,PRV-918,FAC-103,MEM-06962,2026-09-22
REF-004754,PRV-262,PRV-935,FAC-124,MEM-01716,2026-09-22
REF-004755,PRV-102,PRV-246,FAC-256,MEM-09369,2026-09-22
REF-004756,PRV-410,PRV-104,FAC-248,MEM-00836,2026-09-22
REF-004757,PRV-664,PRV-571,FAC-108,MEM-08657,2026-09-22
REF-004758,PRV-959,PRV-244,FAC-180,MEM-04019,2026-09-22
REF-004759,PRV-102,PRV-542,FAC-145,MEM-04534,2026-09-22
REF-004760,PRV-992,PRV-797,FAC-211,MEM-05976,2026-09-23
REF-004761,PRV-330,PRV-585,FAC-012,MEM-03650,2026-09-23
REF-004762,PRV-297,PRV-815,FAC-233,MEM-09755,2026-09-23
REF-004763,PRV-544,PRV-112,FAC-010,MEM-02981,2026-09-23
REF-004764,PRV-410,PRV-104,FAC-012,MEM-00703,2026-09-23
REF-004765,PRV-541,PRV-620,FAC-050,MEM-08390,2026-09-23
REF-004766,PRV-969,PRV-761,FAC-034,MEM-08164,2026-09-23
REF-004767,PRV-603,PRV-604,FAC-042,MEM-02896,2026-09-23
REF-004768,PRV-603,PRV-604,FAC-042,MEM-04801,2026-09-23
REF-004769,PRV-501,PRV-147,FAC-025,MEM-03996,2026-09-23
REF-004770,PRV-102,PRV-103,FAC-012,MEM-06425,2026-09-24
REF-004771,PRV-978,PRV-442,FAC-036,MEM-08174,2026-09-24
REF-004772,PRV-501,PRV-147,FAC-025,MEM-04168,2026-09-24
REF-004773,PRV-178,PRV-876,FAC-007,MEM-06739,2026-09-24
REF-004774,PRV-410,PRV-105,FAC-047,MEM-02164,2026-09-24
REF-004775,PRV-410,PRV-103,FAC-012,MEM-05337,2026-09-24
REF-004776,PRV-959,PRV-244,FAC-180,MEM-06916,2026-09-25
REF-004777,PRV-709,PRV-132,FAC-025,MEM-06260,2026-09-25
REF-004778,PRV-501,PRV-147,FAC-025,MEM-04099,2026-09-25
REF-004779,PRV-501,PRV-147,FAC-025,MEM-02992,2026-09-25
REF-004780,PRV-911,PRV-280,FAC-060,MEM-04778,2026-09-25
REF-004781,PRV-541,PRV-620,FAC-050,MEM-00810,2026-09-25
REF-004782,PRV-601,PRV-602,FAC-154,MEM-06106,2026-09-26
REF-004783,PRV-604,PRV-605,FAC-206,MEM-02836,2026-09-26
REF-004784,PRV-541,PRV-620,FAC-050,MEM-01179,2026-09-27
REF-004785,PRV-102,PRV-103,FAC-012,MEM-11426,2026-09-27
REF-004786,PRV-911,PRV-280,FAC-060,MEM-02173,2026-09-27
REF-004787,PRV-501,PRV-147,FAC-025,MEM-07352,2026-09-27
REF-004788,PRV-604,PRV-605,FAC-150,MEM-03861,2026-09-28
REF-004789,PRV-543,PRV-048,FAC-255,MEM-02589,2026-09-28
REF-004790,PRV-900,PRV-053,FAC-154,MEM-06211,2026-09-28
