relationship_id,entity_a_type,entity_a_id,entity_b_type,entity_b_id,relationship_type,start_date,source
REL-000001,provider,PRV-001,facility,FAC-113,works_at,2024-03-24,enrollment
REL-000002,provider,PRV-002,facility,FAC-205,works_at,2023-03-22,enrollment
REL-000003,provider,PRV-003,facility,FAC-086,works_at,2019-12-22,enrollment
REL-000004,provider,PRV-004,facility,FAC-001,works_at,2019-01-16,enrollment
REL-000005,provider,PRV-005,facility,FAC-166,works_at,2019-05-07,enrollment
REL-000006,provider,PRV-006,facility,FAC-213,works_at,2023-11-23,enrollment
REL-000007,provider,PRV-007,facility,FAC-150,works_at,2024-06-15,enrollment
REL-000008,provider,PRV-007,facility,FAC-133,works_at,2024-06-15,enrollment
REL-000009,provider,PRV-008,facility,FAC-166,works_at,2020-06-04,enrollment
REL-000010,provider,PRV-009,facility,FAC-004,works_at,2021-01-31,enrollment
REL-000011,provider,PRV-010,facility,FAC-155,works_at,2020-01-10,enrollment
REL-000012,provider,PRV-011,facility,FAC-109,works_at,2022-04-14,enrollment
REL-000013,provider,PRV-012,facility,FAC-102,works_at,2022-07-29,enrollment
REL-000014,provider,PRV-013,facility,FAC-146,works_at,2023-10-27,enrollment
REL-000015,provider,PRV-014,facility,FAC-045,works_at,2024-07-15,enrollment
REL-000016,provider,PRV-015,facility,FAC-083,works_at,2024-05-29,enrollment
REL-000017,provider,PRV-016,facility,FAC-075,works_at,2017-11-23,enrollment
REL-000018,provider,PRV-016,facility,FAC-102,works_at,2017-11-23,enrollment
REL-000019,provider,PRV-017,facility,FAC-255,works_at,2018-02-28,enrollment
REL-000020,provider,PRV-017,facility,FAC-219,works_at,2018-02-28,enrollment
REL-000021,provider,PRV-018,facility,FAC-177,works_at,2023-08-04,enrollment
REL-000022,provider,PRV-018,facility,FAC-187,works_at,2023-08-04,enrollment
REL-000023,provider,PRV-019,facility,FAC-091,works_at,2023-10-05,enrollment
REL-000024,provider,PRV-019,facility,FAC-178,works_at,2023-10-05,enrollment
REL-000025,provider,PRV-020,facility,FAC-111,works_at,2024-07-16,enrollment
REL-000026,provider,PRV-021,facility,FAC-166,works_at,2021-07-13,enrollment
REL-000027,provider,PRV-022,facility,FAC-151,works_at,2020-01-09,enrollment
REL-000028,provider,PRV-023,facility,FAC-184,works_at,2021-02-03,enrollment
REL-000029,provider,PRV-024,facility,FAC-109,works_at,2023-03-16,enrollment
REL-000030,provider,PRV-025,facility,FAC-225,works_at,2024-05-18,enrollment
REL-000031,provider,PRV-026,facility,FAC-091,works_at,2019-11-07,enrollment
REL-000032,provider,PRV-027,facility,FAC-241,works_at,2019-07-14,enrollment
REL-000033,provider,PRV-028,facility,FAC-086,works_at,2017-05-13,enrollment
REL-000034,provider,PRV-029,facility,FAC-128,works_at,2019-12-21,enrollment
REL-000035,provider,PRV-030,facility,FAC-014,works_at,2019-06-28,enrollment
REL-000036,provider,PRV-031,facility,FAC-081,works_at,2017-02-24,enrollment
REL-000037,provider,PRV-032,facility,FAC-178,works_at,2019-02-23,enrollment
REL-000038,provider,PRV-033,facility,FAC-157,works_at,2021-08-20,enrollment
REL-000039,provider,PRV-034,facility,FAC-054,works_at,2019-09-03,enrollment
REL-000040,provider,PRV-035,facility,FAC-183,works_at,2018-08-03,enrollment
REL-000041,provider,PRV-035,facility,FAC-025,works_at,2018-08-03,enrollment
REL-000042,provider,PRV-036,facility,FAC-145,works_at,2017-02-13,enrollment
REL-000043,provider,PRV-037,facility,FAC-189,works_at,2024-07-31,enrollment
REL-000044,provider,PRV-038,facility,FAC-199,works_at,2022-08-18,enrollment
REL-000045,provider,PRV-039,facility,FAC-237,works_at,2018-03-19,enrollment
REL-000046,provider,PRV-039,facility,FAC-137,works_at,2018-03-19,enrollment
REL-000047,provider,PRV-040,facility,FAC-166,works_at,2022-11-24,enrollment
REL-000048,provider,PRV-041,facility,FAC-258,works_at,2023-12-01,enrollment
REL-000049,provider,PRV-042,facility,FAC-159,works_at,2020-12-02,enrollment
REL-000050,provider,PRV-043,facility,FAC-152,works_at,2018-08-27,enrollment
REL-000051,provider,PRV-043,facility,FAC-151,works_at,2018-08-27,enrollment
REL-000052,provider,PRV-044,facility,FAC-229,works_at,2023-02-27,enrollment
REL-000053,provider,PRV-044,facility,FAC-168,works_at,2023-02-27,enrollment
REL-000054,provider,PRV-045,facility,FAC-042,works_at,2021-08-26,enrollment
REL-000055,provider,PRV-046,facility,FAC-075,works_at,2018-08-06,enrollment
REL-000056,provider,PRV-047,facility,FAC-127,works_at,2018-01-26,enrollment
REL-000057,provider,PRV-048,facility,FAC-255,works_at,2017-11-14,enrollment
REL-000058,provider,PRV-049,facility,FAC-132,works_at,2018-05-09,enrollment
REL-000059,provider,PRV-050,facility,FAC-139,works_at,2022-05-22,enrollment
REL-000060,provider,PRV-051,facility,FAC-244,works_at,2017-05-11,enrollment
REL-000061,provider,PRV-051,facility,FAC-228,works_at,2017-05-11,enrollment
REL-000062,provider,PRV-052,facility,FAC-166,works_at,2022-07-28,enrollment
REL-000063,provider,PRV-052,facility,FAC-174,works_at,2022-07-28,enrollment
REL-000064,provider,PRV-053,facility,FAC-154,works_at,2023-09-28,enrollment
REL-000065,provider,PRV-054,facility,FAC-139,works_at,2022-06-17,enrollment
REL-000066,provider,PRV-054,facility,FAC-024,works_at,2022-06-17,enrollment
REL-000067,provider,PRV-055,facility,FAC-057,works_at,2022-11-07,enrollment
REL-000068,provider,PRV-056,facility,FAC-205,works_at,2021-10-31,enrollment
REL-000069,provider,PRV-057,facility,FAC-139,works_at,2020-03-11,enrollment
REL-000070,provider,PRV-058,facility,FAC-222,works_at,2017-11-26,enrollment
REL-000071,provider,PRV-058,facility,FAC-150,works_at,2017-11-26,enrollment
REL-000072,provider,PRV-059,facility,FAC-117,works_at,2018-04-23,enrollment
REL-000073,provider,PRV-060,facility,FAC-203,works_at,2018-02-21,enrollment
REL-000074,provider,PRV-061,facility,FAC-003,works_at,2020-12-02,enrollment
REL-000075,provider,PRV-062,facility,FAC-095,works_at,2022-12-04,enrollment
REL-000076,provider,PRV-063,facility,FAC-113,works_at,2019-04-08,enrollment
REL-000077,provider,PRV-064,facility,FAC-054,works_at,2022-11-04,enrollment
REL-000078,provider,PRV-065,facility,FAC-151,works_at,2021-09-04,enrollment
REL-000079,provider,PRV-066,facility,FAC-138,works_at,2022-02-22,enrollment
REL-000080,provider,PRV-067,facility,FAC-060,works_at,2022-05-12,enrollment
REL-000081,provider,PRV-068,facility,FAC-157,works_at,2019-05-25,enrollment
REL-000082,provider,PRV-069,facility,FAC-021,works_at,2020-02-27,enrollment
REL-000083,provider,PRV-070,facility,FAC-006,works_at,2022-10-01,enrollment
REL-000084,provider,PRV-070,facility,FAC-173,works_at,2022-10-01,enrollment
REL-000085,provider,PRV-071,facility,FAC-201,works_at,2018-11-26,enrollment
REL-000086,provider,PRV-072,facility,FAC-141,works_at,2023-09-27,enrollment
REL-000087,provider,PRV-073,facility,FAC-053,works_at,2019-09-04,enrollment
REL-000088,provider,PRV-073,facility,FAC-168,works_at,2019-09-04,enrollment
REL-000089,provider,PRV-074,facility,FAC-086,works_at,2023-10-09,enrollment
REL-000090,provider,PRV-074,facility,FAC-181,works_at,2023-10-09,enrollment
REL-000091,provider,PRV-075,facility,FAC-075,works_at,2018-02-01,enrollment
REL-000092,provider,PRV-076,facility,FAC-084,works_at,2020-02-22,enrollment
REL-000093,provider,PRV-076,facility,FAC-161,works_at,2020-02-22,enrollment
REL-000094,provider,PRV-077,facility,FAC-035,works_at,2019-03-22,enrollment
REL-000095,provider,PRV-078,facility,FAC-233,works_at,2021-07-25,enrollment
REL-000096,provider,PRV-078,facility,FAC-241,works_at,2021-07-25,enrollment
REL-000097,provider,PRV-079,facility,FAC-012,works_at,2024-07-03,enrollment
REL-000098,provider,PRV-080,facility,FAC-201,works_at,2020-07-08,enrollment
REL-000099,provider,PRV-081,facility,FAC-073,works_at,2023-03-04,enrollment
REL-000100,provider,PRV-082,facility,FAC-145,works_at,2022-10-15,enrollment
REL-000101,provider,PRV-083,facility,FAC-260,works_at,2023-01-11,enrollment
REL-000102,provider,PRV-084,facility,FAC-047,works_at,2020-07-14,enrollment
REL-000103,provider,PRV-084,facility,FAC-235,works_at,2020-07-14,enrollment
REL-000104,provider,PRV-085,facility,FAC-054,works_at,2022-12-02,enrollment
REL-000105,provider,PRV-086,facility,FAC-011,works_at,2023-11-05,enrollment
REL-000106,provider,PRV-087,facility,FAC-030,works_at,2023-02-13,enrollment
REL-000107,provider,PRV-088,facility,FAC-229,works_at,2019-05-05,enrollment
REL-000108,provider,PRV-089,facility,FAC-174,works_at,2021-12-11,enrollment
REL-000109,provider,PRV-090,facility,FAC-157,works_at,2020-04-11,enrollment
REL-000110,provider,PRV-091,facility,FAC-076,works_at,2019-08-22,enrollment
REL-000111,provider,PRV-092,facility,FAC-191,works_at,2024-05-01,enrollment
REL-000112,provider,PRV-093,facility,FAC-073,works_at,2017-02-05,enrollment
REL-000113,provider,PRV-094,facility,FAC-095,works_at,2020-07-30,enrollment
REL-000114,provider,PRV-095,facility,FAC-231,works_at,2021-05-17,enrollment
REL-000115,provider,PRV-096,facility,FAC-003,works_at,2020-03-16,enrollment
REL-000116,provider,PRV-097,facility,FAC-061,works_at,2020-02-24,enrollment
REL-000117,provider,PRV-097,facility,FAC-242,works_at,2020-02-24,enrollment
REL-000118,provider,PRV-098,facility,FAC-221,works_at,2018-12-18,enrollment
REL-000119,provider,PRV-099,facility,FAC-177,works_at,2022-09-18,enrollment
REL-000120,provider,PRV-100,facility,FAC-018,works_at,2017-05-20,enrollment
REL-000121,provider,PRV-101,facility,FAC-043,works_at,2017-03-24,enrollment
REL-000122,provider,PRV-102,facility,FAC-012,works_at,2022-03-11,enrollment
REL-000123,provider,PRV-103,facility,FAC-012,works_at,2017-11-28,enrollment
REL-000124,provider,PRV-104,facility,FAC-248,works_at,2021-09-17,enrollment
REL-000125,provider,PRV-105,facility,FAC-047,works_at,2022-02-25,enrollment
REL-000126,provider,PRV-105,facility,FAC-069,works_at,2022-02-25,enrollment
REL-000127,provider,PRV-106,facility,FAC-156,works_at,2017-03-20,enrollment
REL-000128,provider,PRV-107,facility,FAC-231,works_at,2022-12-27,enrollment
REL-000129,provider,PRV-108,facility,FAC-003,works_at,2021-04-05,enrollment
REL-000130,provider,PRV-109,facility,FAC-174,works_at,2023-06-20,enrollment
REL-000131,provider,PRV-110,facility,FAC-152,works_at,2017-08-21,enrollment
REL-000132,provider,PRV-110,facility,FAC-097,works_at,2017-08-21,enrollment
REL-000133,provider,PRV-111,facility,FAC-244,works_at,2019-05-29,enrollment
REL-000134,provider,PRV-112,facility,FAC-010,works_at,2019-09-26,enrollment
REL-000135,provider,PRV-112,facility,FAC-172,works_at,2019-09-26,enrollment
REL-000136,provider,PRV-113,facility,FAC-102,works_at,2018-11-27,enrollment
REL-000137,provider,PRV-114,facility,FAC-109,works_at,2017-03-07,enrollment
REL-000138,provider,PRV-115,facility,FAC-088,works_at,2017-02-16,enrollment
REL-000139,provider,PRV-115,facility,FAC-161,works_at,2017-02-16,enrollment
REL-000140,provider,PRV-116,facility,FAC-243,works_at,2022-07-29,enrollment
REL-000141,provider,PRV-117,facility,FAC-048,works_at,2022-07-03,enrollment
REL-000142,provider,PRV-118,facility,FAC-185,works_at,2024-06-29,enrollment
REL-000143,provider,PRV-119,facility,FAC-210,works_at,2021-05-12,enrollment
REL-000144,provider,PRV-120,facility,FAC-152,works_at,2022-12-02,enrollment
REL-000145,provider,PRV-121,facility,FAC-032,works_at,2020-04-28,enrollment
REL-000146,provider,PRV-122,facility,FAC-165,works_at,2017-01-28,enrollment
REL-000147,provider,PRV-123,facility,FAC-132,works_at,2024-05-30,enrollment
REL-000148,provider,PRV-124,facility,FAC-141,works_at,2021-02-04,enrollment
REL-000149,provider,PRV-125,facility,FAC-091,works_at,2021-07-04,enrollment
REL-000150,provider,PRV-126,facility,FAC-181,works_at,2017-09-01,enrollment
REL-000151,provider,PRV-127,facility,FAC-040,works_at,2017-11-03,enrollment
REL-000152,provider,PRV-128,facility,FAC-088,works_at,2022-01-06,enrollment
REL-000153,provider,PRV-129,facility,FAC-144,works_at,2022-07-04,enrollment
REL-000154,provider,PRV-129,facility,FAC-206,works_at,2022-07-04,enrollment
REL-000155,provider,PRV-130,facility,FAC-101,works_at,2017-12-05,enrollment
REL-000156,provider,PRV-131,facility,FAC-076,works_at,2017-11-05,enrollment
REL-000157,provider,PRV-132,facility,FAC-025,works_at,2021-06-20,enrollment
REL-000158,provider,PRV-132,facility,FAC-144,works_at,2021-06-20,enrollment
REL-000159,provider,PRV-133,facility,FAC-249,works_at,2019-03-25,enrollment
REL-000160,provider,PRV-133,facility,FAC-233,works_at,2019-03-25,enrollment
REL-000161,provider,PRV-134,facility,FAC-151,works_at,2017-10-05,enrollment
REL-000162,provider,PRV-134,facility,FAC-108,works_at,2017-10-05,enrollment
REL-000163,provider,PRV-135,facility,FAC-100,works_at,2017-05-27,enrollment
REL-000164,provider,PRV-136,facility,FAC-076,works_at,2019-08-22,enrollment
REL-000165,provider,PRV-137,facility,FAC-046,works_at,2019-11-07,enrollment
REL-000166,provider,PRV-138,facility,FAC-004,works_at,2022-09-14,enrollment
REL-000167,provider,PRV-139,facility,FAC-220,works_at,2021-02-12,enrollment
REL-000168,provider,PRV-140,facility,FAC-073,works_at,2024-06-01,enrollment
REL-000169,provider,PRV-141,facility,FAC-243,works_at,2021-05-16,enrollment
REL-000170,provider,PRV-142,facility,FAC-260,works_at,2023-09-19,enrollment
REL-000171,provider,PRV-143,facility,FAC-252,works_at,2018-12-13,enrollment
REL-000172,provider,PRV-144,facility,FAC-173,works_at,2021-11-16,enrollment
REL-000173,provider,PRV-145,facility,FAC-154,works_at,2017-04-27,enrollment
REL-000174,provider,PRV-146,facility,FAC-200,works_at,2020-08-03,enrollment
REL-000175,provider,PRV-147,facility,FAC-025,works_at,2017-11-22,enrollment
REL-000176,provider,PRV-147,facility,FAC-008,works_at,2017-11-22,enrollment
REL-000177,provider,PRV-148,facility,FAC-020,works_at,2024-08-06,enrollment
REL-000178,provider,PRV-148,facility,FAC-051,works_at,2024-08-06,enrollment
REL-000179,provider,PRV-149,facility,FAC-045,works_at,2021-08-16,enrollment
REL-000180,provider,PRV-150,facility,FAC-156,works_at,2020-10-04,enrollment
REL-000181,provider,PRV-151,facility,FAC-219,works_at,2019-07-17,enrollment
REL-000182,provider,PRV-152,facility,FAC-140,works_at,2017-07-29,enrollment
REL-000183,provider,PRV-153,facility,FAC-239,works_at,2024-01-15,enrollment
REL-000184,provider,PRV-154,facility,FAC-100,works_at,2022-07-22,enrollment
REL-000185,provider,PRV-155,facility,FAC-031,works_at,2023-08-12,enrollment
REL-000186,provider,PRV-156,facility,FAC-022,works_at,2021-06-04,enrollment
REL-000187,provider,PRV-157,facility,FAC-104,works_at,2019-07-25,enrollment
REL-000188,provider,PRV-157,facility,FAC-029,works_at,2019-07-25,enrollment
REL-000189,provider,PRV-158,facility,FAC-112,works_at,2022-08-30,enrollment
REL-000190,provider,PRV-159,facility,FAC-170,works_at,2023-06-01,enrollment
REL-000191,provider,PRV-160,facility,FAC-182,works_at,2023-01-10,enrollment
REL-000192,provider,PRV-161,facility,FAC-211,works_at,2022-02-19,enrollment
REL-000193,provider,PRV-162,facility,FAC-217,works_at,2021-11-17,enrollment
REL-000194,provider,PRV-163,facility,FAC-023,works_at,2022-10-08,enrollment
REL-000195,provider,PRV-163,facility,FAC-045,works_at,2022-10-08,enrollment
REL-000196,provider,PRV-164,facility,FAC-171,works_at,2022-02-16,enrollment
REL-000197,provider,PRV-165,facility,FAC-235,works_at,2017-11-29,enrollment
REL-000198,provider,PRV-166,facility,FAC-163,works_at,2021-02-12,enrollment
REL-000199,provider,PRV-167,facility,FAC-060,works_at,2017-10-16,enrollment
REL-000200,provider,PRV-168,facility,FAC-013,works_at,2024-07-16,enrollment
REL-000201,provider,PRV-169,facility,FAC-131,works_at,2024-07-27,enrollment
REL-000202,provider,PRV-170,facility,FAC-127,works_at,2019-12-13,enrollment
REL-000203,provider,PRV-171,facility,FAC-203,works_at,2018-02-08,enrollment
REL-000204,provider,PRV-172,facility,FAC-208,works_at,2019-07-03,enrollment
REL-000205,provider,PRV-173,facility,FAC-227,works_at,2020-11-22,enrollment
REL-000206,provider,PRV-173,facility,FAC-249,works_at,2020-11-22,enrollment
REL-000207,provider,PRV-174,facility,FAC-066,works_at,2023-10-20,enrollment
REL-000208,provider,PRV-175,facility,FAC-145,works_at,2021-10-08,enrollment
REL-000209,provider,PRV-176,facility,FAC-191,works_at,2023-10-02,enrollment
REL-000210,provider,PRV-177,facility,FAC-143,works_at,2023-03-23,enrollment
REL-000211,provider,PRV-178,facility,FAC-039,works_at,2018-02-02,enrollment
REL-000212,provider,PRV-179,facility,FAC-108,works_at,2021-12-11,enrollment
REL-000213,provider,PRV-180,facility,FAC-103,works_at,2018-10-28,enrollment
REL-000214,provider,PRV-180,facility,FAC-084,works_at,2018-10-28,enrollment
REL-000215,provider,PRV-181,facility,FAC-072,works_at,2024-04-25,enrollment
REL-000216,provider,PRV-182,facility,FAC-140,works_at,2023-10-30,enrollment
REL-000217,provider,PRV-183,facility,FAC-200,works_at,2023-04-28,enrollment
REL-000218,provider,PRV-184,facility,FAC-115,works_at,2022-08-25,enrollment
REL-000219,provider,PRV-185,facility,FAC-246,works_at,2023-04-03,enrollment
REL-000220,provider,PRV-186,facility,FAC-095,works_at,2018-09-26,enrollment
REL-000221,provider,PRV-186,facility,FAC-191,works_at,2018-09-26,enrollment
REL-000222,provider,PRV-187,facility,FAC-088,works_at,2023-05-07,enrollment
REL-000223,provider,PRV-188,facility,FAC-163,works_at,2020-11-24,enrollment
REL-000224,provider,PRV-189,facility,FAC-173,works_at,2023-08-22,enrollment
REL-000225,provider,PRV-190,facility,FAC-210,works_at,2018-10-28,enrollment
REL-000226,provider,PRV-190,facility,FAC-109,works_at,2018-10-28,enrollment
REL-000227,provider,PRV-191,facility,FAC-189,works_at,2019-05-31,enrollment
REL-000228,provider,PRV-191,facility,FAC-142,works_at,2019-05-31,enrollment
REL-000229,provider,PRV-192,facility,FAC-169,works_at,2018-06-12,enrollment
REL-000230,provider,PRV-193,facility,FAC-189,works_at,2022-07-10,enrollment
REL-000231,provider,PRV-194,facility,FAC-189,works_at,2021-07-03,enrollment
REL-000232,provider,PRV-194,facility,FAC-178,works_at,2021-07-03,enrollment
REL-000233,provider,PRV-195,facility,FAC-057,works_at,2021-01-03,enrollment
REL-000234,provider,PRV-196,facility,FAC-095,works_at,2019-07-13,enrollment
REL-000235,provider,PRV-197,facility,FAC-049,works_at,2023-06-17,enrollment
REL-000236,provider,PRV-198,facility,FAC-185,works_at,2017-11-04,enrollment
REL-000237,provider,PRV-199,facility,FAC-047,works_at,2024-08-23,enrollment
REL-000238,provider,PRV-200,facility,FAC-084,works_at,2021-07-19,enrollment
REL-000239,provider,PRV-201,facility,FAC-157,works_at,2021-11-08,enrollment
REL-000240,provider,PRV-202,facility,FAC-091,works_at,2018-12-14,enrollment
REL-000241,provider,PRV-203,facility,FAC-160,works_at,2021-03-29,enrollment
REL-000242,provider,PRV-203,facility,FAC-014,works_at,2021-03-29,enrollment
REL-000243,provider,PRV-204,facility,FAC-260,works_at,2023-08-25,enrollment
REL-000244,provider,PRV-205,facility,FAC-045,works_at,2017-02-13,enrollment
REL-000245,provider,PRV-205,facility,FAC-145,works_at,2017-02-13,enrollment
REL-000246,provider,PRV-206,facility,FAC-211,works_at,2022-10-08,enrollment
REL-000247,provider,PRV-206,facility,FAC-203,works_at,2022-10-08,enrollment
REL-000248,provider,PRV-207,facility,FAC-048,works_at,2023-10-13,enrollment
REL-000249,provider,PRV-208,facility,FAC-237,works_at,2020-04-14,enrollment
REL-000250,provider,PRV-209,facility,FAC-032,works_at,2022-11-12,enrollment
REL-000251,provider,PRV-209,facility,FAC-054,works_at,2022-11-12,enrollment
REL-000252,provider,PRV-210,facility,FAC-118,works_at,2018-02-21,enrollment
REL-000253,provider,PRV-211,facility,FAC-136,works_at,2020-09-19,enrollment
REL-000254,provider,PRV-212,facility,FAC-241,works_at,2017-10-10,enrollment
REL-000255,provider,PRV-212,facility,FAC-205,works_at,2017-10-10,enrollment
REL-000256,provider,PRV-213,facility,FAC-131,works_at,2018-11-30,enrollment
REL-000257,provider,PRV-214,facility,FAC-179,works_at,2023-08-06,enrollment
REL-000258,provider,PRV-215,facility,FAC-096,works_at,2017-08-10,enrollment
REL-000259,provider,PRV-216,facility,FAC-225,works_at,2022-08-26,enrollment
REL-000260,provider,PRV-217,facility,FAC-166,works_at,2023-08-16,enrollment
REL-000261,provider,PRV-218,facility,FAC-034,works_at,2020-10-28,enrollment
REL-000262,provider,PRV-219,facility,FAC-139,works_at,2024-07-16,enrollment
REL-000263,provider,PRV-220,facility,FAC-106,works_at,2019-03-31,enrollment
REL-000264,provider,PRV-221,facility,FAC-118,works_at,2019-12-10,enrollment
REL-000265,provider,PRV-222,facility,FAC-123,works_at,2018-09-24,enrollment
REL-000266,provider,PRV-223,facility,FAC-039,works_at,2023-08-22,enrollment
REL-000267,provider,PRV-224,facility,FAC-112,works_at,2023-08-30,enrollment
REL-000268,provider,PRV-225,facility,FAC-157,works_at,2020-06-26,enrollment
REL-000269,provider,PRV-226,facility,FAC-151,works_at,2019-08-15,enrollment
REL-000270,provider,PRV-227,facility,FAC-210,works_at,2022-02-15,enrollment
REL-000271,provider,PRV-228,facility,FAC-103,works_at,2018-05-18,enrollment
REL-000272,provider,PRV-229,facility,FAC-121,works_at,2023-06-25,enrollment
REL-000273,provider,PRV-230,facility,FAC-068,works_at,2020-08-03,enrollment
REL-000274,provider,PRV-231,facility,FAC-146,works_at,2017-09-20,enrollment
REL-000275,provider,PRV-232,facility,FAC-080,works_at,2020-03-18,enrollment
REL-000276,provider,PRV-233,facility,FAC-099,works_at,2024-04-12,enrollment
REL-000277,provider,PRV-234,facility,FAC-096,works_at,2019-12-11,enrollment
REL-000278,provider,PRV-234,facility,FAC-163,works_at,2019-12-11,enrollment
REL-000279,provider,PRV-235,facility,FAC-182,works_at,2021-08-11,enrollment
REL-000280,provider,PRV-236,facility,FAC-222,works_at,2018-11-04,enrollment
REL-000281,provider,PRV-237,facility,FAC-097,works_at,2017-04-10,enrollment
REL-000282,provider,PRV-238,facility,FAC-135,works_at,2024-01-12,enrollment
REL-000283,provider,PRV-238,facility,FAC-051,works_at,2024-01-12,enrollment
REL-000284,provider,PRV-239,facility,FAC-224,works_at,2022-11-18,enrollment
REL-000285,provider,PRV-239,facility,FAC-043,works_at,2022-11-18,enrollment
REL-000286,provider,PRV-240,facility,FAC-042,works_at,2017-08-05,enrollment
REL-000287,provider,PRV-241,facility,FAC-205,works_at,2022-08-04,enrollment
REL-000288,provider,PRV-242,facility,FAC-040,works_at,2021-01-07,enrollment
REL-000289,provider,PRV-243,facility,FAC-173,works_at,2024-08-16,enrollment
REL-000290,provider,PRV-244,facility,FAC-180,works_at,2023-10-14,enrollment
REL-000291,provider,PRV-245,facility,FAC-058,works_at,2023-03-31,enrollment
REL-000292,provider,PRV-246,facility,FAC-256,works_at,2018-05-14,enrollment
REL-000293,provider,PRV-247,facility,FAC-227,works_at,2017-05-30,enrollment
REL-000294,provider,PRV-248,facility,FAC-120,works_at,2021-03-20,enrollment
REL-000295,provider,PRV-249,facility,FAC-235,works_at,2019-02-07,enrollment
REL-000296,provider,PRV-250,facility,FAC-010,works_at,2022-01-18,enrollment
REL-000297,provider,PRV-250,facility,FAC-172,works_at,2022-01-18,enrollment
REL-000298,provider,PRV-251,facility,FAC-029,works_at,2019-02-14,enrollment
REL-000299,provider,PRV-252,facility,FAC-099,works_at,2018-12-03,enrollment
REL-000300,provider,PRV-253,facility,FAC-177,works_at,2022-12-17,enrollment
REL-000301,provider,PRV-254,facility,FAC-041,works_at,2022-12-01,enrollment
REL-000302,provider,PRV-255,facility,FAC-123,works_at,2023-01-22,enrollment
REL-000303,provider,PRV-256,facility,FAC-002,works_at,2022-12-19,enrollment
REL-000304,provider,PRV-257,facility,FAC-153,works_at,2021-10-16,enrollment
REL-000305,provider,PRV-258,facility,FAC-156,works_at,2017-03-02,enrollment
REL-000306,provider,PRV-259,facility,FAC-101,works_at,2022-06-02,enrollment
REL-000307,provider,PRV-259,facility,FAC-015,works_at,2022-06-02,enrollment
REL-000308,provider,PRV-260,facility,FAC-074,works_at,2018-07-09,enrollment
REL-000309,provider,PRV-261,facility,FAC-003,works_at,2018-05-08,enrollment
REL-000310,provider,PRV-262,facility,FAC-123,works_at,2018-03-16,enrollment
REL-000311,provider,PRV-262,facility,FAC-001,works_at,2018-03-16,enrollment
REL-000312,provider,PRV-263,facility,FAC-129,works_at,2024-07-15,enrollment
REL-000313,provider,PRV-264,facility,FAC-203,works_at,2017-07-18,enrollment
REL-000314,provider,PRV-264,facility,FAC-068,works_at,2017-07-18,enrollment
REL-000315,provider,PRV-265,facility,FAC-118,works_at,2024-04-18,enrollment
REL-000316,provider,PRV-266,facility,FAC-163,works_at,2022-06-22,enrollment
REL-000317,provider,PRV-267,facility,FAC-166,works_at,2023-09-30,enrollment
REL-000318,provider,PRV-268,facility,FAC-075,works_at,2023-04-21,enrollment
REL-000319,provider,PRV-268,facility,FAC-237,works_at,2023-04-21,enrollment
REL-000320,provider,PRV-269,facility,FAC-043,works_at,2017-12-03,enrollment
REL-000321,provider,PRV-270,facility,FAC-081,works_at,2020-01-20,enrollment
REL-000322,provider,PRV-271,facility,FAC-191,works_at,2024-04-06,enrollment
REL-000323,provider,PRV-272,facility,FAC-001,works_at,2018-05-10,enrollment
REL-000324,provider,PRV-273,facility,FAC-260,works_at,2020-01-14,enrollment
REL-000325,provider,PRV-274,facility,FAC-078,works_at,2020-08-16,enrollment
REL-000326,provider,PRV-275,facility,FAC-249,works_at,2018-07-22,enrollment
REL-000327,provider,PRV-276,facility,FAC-254,works_at,2022-12-29,enrollment
REL-000328,provider,PRV-277,facility,FAC-024,works_at,2023-02-28,enrollment
REL-000329,provider,PRV-278,facility,FAC-207,works_at,2021-12-23,enrollment
REL-000330,provider,PRV-279,facility,FAC-044,works_at,2019-05-10,enrollment
REL-000331,provider,PRV-280,facility,FAC-060,works_at,2018-11-13,enrollment
REL-000332,provider,PRV-281,facility,FAC-101,works_at,2020-05-19,enrollment
REL-000333,provider,PRV-281,facility,FAC-194,works_at,2020-05-19,enrollment
REL-000334,provider,PRV-282,facility,FAC-173,works_at,2019-04-26,enrollment
REL-000335,provider,PRV-283,facility,FAC-237,works_at,2023-03-24,enrollment
REL-000336,provider,PRV-284,facility,FAC-175,works_at,2024-09-09,enrollment
REL-000337,provider,PRV-285,facility,FAC-101,works_at,2022-07-17,enrollment
REL-000338,provider,PRV-286,facility,FAC-060,works_at,2023-05-18,enrollment
REL-000339,provider,PRV-287,facility,FAC-044,works_at,2017-07-23,enrollment
REL-000340,provider,PRV-288,facility,FAC-077,works_at,2020-12-01,enrollment
REL-000341,provider,PRV-288,facility,FAC-139,works_at,2020-12-01,enrollment
REL-000342,provider,PRV-289,facility,FAC-255,works_at,2020-12-01,enrollment
REL-000343,provider,PRV-289,facility,FAC-013,works_at,2020-12-01,enrollment
REL-000344,provider,PRV-290,facility,FAC-210,works_at,2023-01-15,enrollment
REL-000345,provider,PRV-291,facility,FAC-018,works_at,2020-05-23,enrollment
REL-000346,provider,PRV-292,facility,FAC-140,works_at,2018-12-04,enrollment
REL-000347,provider,PRV-293,facility,FAC-111,works_at,2021-03-02,enrollment
REL-000348,provider,PRV-293,facility,FAC-163,works_at,2021-03-02,enrollment
REL-000349,provider,PRV-294,facility,FAC-253,works_at,2018-03-11,enrollment
REL-000350,provider,PRV-295,facility,FAC-189,works_at,2021-06-14,enrollment
REL-000351,provider,PRV-296,facility,FAC-056,works_at,2021-10-16,enrollment
REL-000352,provider,PRV-297,facility,FAC-068,works_at,2024-07-27,enrollment
REL-000353,provider,PRV-298,facility,FAC-100,works_at,2022-05-09,enrollment
REL-000354,provider,PRV-299,facility,FAC-205,works_at,2024-03-18,enrollment
REL-000355,provider,PRV-300,facility,FAC-140,works_at,2020-03-06,enrollment
REL-000356,provider,PRV-301,facility,FAC-089,works_at,2017-06-17,enrollment
REL-000357,provider,PRV-302,facility,FAC-136,works_at,2019-05-15,enrollment
REL-000358,provider,PRV-302,facility,FAC-254,works_at,2019-05-15,enrollment
REL-000359,provider,PRV-303,facility,FAC-244,works_at,2017-04-05,enrollment
REL-000360,provider,PRV-303,facility,FAC-163,works_at,2017-04-05,enrollment
REL-000361,provider,PRV-304,facility,FAC-189,works_at,2023-03-18,enrollment
REL-000362,provider,PRV-305,facility,FAC-212,works_at,2018-07-21,enrollment
REL-000363,provider,PRV-306,facility,FAC-003,works_at,2023-08-28,enrollment
REL-000364,provider,PRV-306,facility,FAC-089,works_at,2023-08-28,enrollment
REL-000365,provider,PRV-307,facility,FAC-119,works_at,2017-06-06,enrollment
REL-000366,provider,PRV-308,facility,FAC-132,works_at,2018-05-21,enrollment
REL-000367,provider,PRV-309,facility,FAC-141,works_at,2020-06-18,enrollment
REL-000368,provider,PRV-310,facility,FAC-068,works_at,2024-09-10,enrollment
REL-000369,provider,PRV-310,facility,FAC-231,works_at,2024-09-10,enrollment
REL-000370,provider,PRV-311,facility,FAC-237,works_at,2024-03-18,enrollment
REL-000371,provider,PRV-312,facility,FAC-108,works_at,2018-04-02,enrollment
REL-000372,provider,PRV-312,facility,FAC-002,works_at,2018-04-02,enrollment
REL-000373,provider,PRV-313,facility,FAC-235,works_at,2024-05-24,enrollment
REL-000374,provider,PRV-313,facility,FAC-189,works_at,2024-05-24,enrollment
REL-000375,provider,PRV-314,facility,FAC-117,works_at,2021-07-30,enrollment
REL-000376,provider,PRV-314,facility,FAC-176,works_at,2021-07-30,enrollment
REL-000377,provider,PRV-315,facility,FAC-035,works_at,2020-09-01,enrollment
REL-000378,provider,PRV-315,facility,FAC-091,works_at,2020-09-01,enrollment
REL-000379,provider,PRV-316,facility,FAC-035,works_at,2021-08-20,enrollment
REL-000380,provider,PRV-316,facility,FAC-136,works_at,2021-08-20,enrollment
REL-000381,provider,PRV-317,facility,FAC-099,works_at,2017-07-17,enrollment
REL-000382,provider,PRV-318,facility,FAC-177,works_at,2020-01-30,enrollment
REL-000383,provider,PRV-318,facility,FAC-244,works_at,2020-01-30,enrollment
REL-000384,provider,PRV-319,facility,FAC-113,works_at,2022-11-19,enrollment
REL-000385,provider,PRV-319,facility,FAC-239,works_at,2022-11-19,enrollment
REL-000386,provider,PRV-320,facility,FAC-181,works_at,2018-02-26,enrollment
REL-000387,provider,PRV-321,facility,FAC-063,works_at,2017-07-20,enrollment
REL-000388,provider,PRV-321,facility,FAC-231,works_at,2017-07-20,enrollment
REL-000389,provider,PRV-322,facility,FAC-222,works_at,2018-07-19,enrollment
REL-000390,provider,PRV-323,facility,FAC-151,works_at,2023-04-11,enrollment
REL-000391,provider,PRV-323,facility,FAC-154,works_at,2023-04-11,enrollment
REL-000392,provider,PRV-324,facility,FAC-032,works_at,2023-01-27,enrollment
REL-000393,provider,PRV-324,facility,FAC-166,works_at,2023-01-27,enrollment
REL-000394,provider,PRV-325,facility,FAC-099,works_at,2021-03-28,enrollment
REL-000395,provider,PRV-326,facility,FAC-219,works_at,2018-06-04,enrollment
REL-000396,provider,PRV-326,facility,FAC-210,works_at,2018-06-04,enrollment
REL-000397,provider,PRV-327,facility,FAC-161,works_at,2019-09-02,enrollment
REL-000398,provider,PRV-328,facility,FAC-155,works_at,2018-04-07,enrollment
REL-000399,provider,PRV-329,facility,FAC-001,works_at,2022-06-27,enrollment
REL-000400,provider,PRV-330,facility,FAC-142,works_at,2022-04-15,enrollment
REL-000401,provider,PRV-331,facility,FAC-192,works_at,2022-08-01,enrollment
REL-000402,provider,PRV-332,facility,FAC-176,works_at,2022-02-10,enrollment
REL-000403,provider,PRV-333,facility,FAC-041,works_at,2022-08-12,enrollment
REL-000404,provider,PRV-334,facility,FAC-252,works_at,2021-12-10,enrollment
REL-000405,provider,PRV-335,facility,FAC-234,works_at,2021-05-28,enrollment
REL-000406,provider,PRV-336,facility,FAC-187,works_at,2023-09-18,enrollment
REL-000407,provider,PRV-337,facility,FAC-220,works_at,2021-05-22,enrollment
REL-000408,provider,PRV-337,facility,FAC-047,works_at,2021-05-22,enrollment
REL-000409,provider,PRV-338,facility,FAC-149,works_at,2018-05-08,enrollment
REL-000410,provider,PRV-339,facility,FAC-136,works_at,2017-06-21,enrollment
REL-000411,provider,PRV-340,facility,FAC-056,works_at,2023-05-23,enrollment
REL-000412,provider,PRV-341,facility,FAC-220,works_at,2022-10-01,enrollment
REL-000413,provider,PRV-342,facility,FAC-221,works_at,2024-07-08,enrollment
REL-000414,provider,PRV-343,facility,FAC-211,works_at,2022-11-05,enrollment
REL-000415,provider,PRV-344,facility,FAC-077,works_at,2024-07-31,enrollment
REL-000416,provider,PRV-344,facility,FAC-192,works_at,2024-07-31,enrollment
REL-000417,provider,PRV-345,facility,FAC-207,works_at,2018-05-09,enrollment
REL-000418,provider,PRV-346,facility,FAC-166,works_at,2019-08-19,enrollment
REL-000419,provider,PRV-347,facility,FAC-187,works_at,2024-03-22,enrollment
REL-000420,provider,PRV-348,facility,FAC-203,works_at,2021-04-05,enrollment
REL-000421,provider,PRV-349,facility,FAC-258,works_at,2017-09-03,enrollment
REL-000422,provider,PRV-350,facility,FAC-237,works_at,2020-07-31,enrollment
REL-000423,provider,PRV-350,facility,FAC-075,works_at,2020-07-31,enrollment
REL-000424,provider,PRV-351,facility,FAC-063,works_at,2024-07-01,enrollment
REL-000425,provider,PRV-352,facility,FAC-162,works_at,2018-07-14,enrollment
REL-000426,provider,PRV-353,facility,FAC-057,works_at,2018-03-24,enrollment
REL-000427,provider,PRV-354,facility,FAC-060,works_at,2024-04-05,enrollment
REL-000428,provider,PRV-355,facility,FAC-108,works_at,2023-01-06,enrollment
REL-000429,provider,PRV-356,facility,FAC-007,works_at,2023-08-26,enrollment
REL-000430,provider,PRV-357,facility,FAC-086,works_at,2018-02-21,enrollment
REL-000431,provider,PRV-357,facility,FAC-022,works_at,2018-02-21,enrollment
REL-000432,provider,PRV-358,facility,FAC-091,works_at,2017-10-27,enrollment
REL-000433,provider,PRV-358,facility,FAC-254,works_at,2017-10-27,enrollment
REL-000434,provider,PRV-359,facility,FAC-174,works_at,2019-10-26,enrollment
REL-000435,provider,PRV-360,facility,FAC-247,works_at,2023-01-01,enrollment
REL-000436,provider,PRV-361,facility,FAC-226,works_at,2021-06-12,enrollment
REL-000437,provider,PRV-361,facility,FAC-020,works_at,2021-06-12,enrollment
REL-000438,provider,PRV-362,facility,FAC-229,works_at,2022-07-31,enrollment
REL-000439,provider,PRV-362,facility,FAC-208,works_at,2022-07-31,enrollment
REL-000440,provider,PRV-363,facility,FAC-256,works_at,2023-12-17,enrollment
REL-000441,provider,PRV-364,facility,FAC-075,works_at,2019-02-03,enrollment
REL-000442,provider,PRV-364,facility,FAC-054,works_at,2019-02-03,enrollment
REL-000443,provider,PRV-365,facility,FAC-097,works_at,2019-03-09,enrollment
REL-000444,provider,PRV-366,facility,FAC-140,works_at,2022-08-22,enrollment
REL-000445,provider,PRV-367,facility,FAC-108,works_at,2021-05-25,enrollment
REL-000446,provider,PRV-368,facility,FAC-192,works_at,2018-02-18,enrollment
REL-000447,provider,PRV-369,facility,FAC-069,works_at,2017-11-06,enrollment
REL-000448,provider,PRV-370,facility,FAC-131,works_at,2023-10-30,enrollment
REL-000449,provider,PRV-371,facility,FAC-214,works_at,2017-06-18,enrollment
REL-000450,provider,PRV-371,facility,FAC-045,works_at,2017-06-18,enrollment
REL-000451,provider,PRV-372,facility,FAC-175,works_at,2024-03-17,enrollment
REL-000452,provider,PRV-373,facility,FAC-241,works_at,2017-07-28,enrollment
REL-000453,provider,PRV-374,facility,FAC-157,works_at,2020-08-24,enrollment
REL-000454,provider,PRV-375,facility,FAC-031,works_at,2023-08-12,enrollment
REL-000455,provider,PRV-376,facility,FAC-201,works_at,2017-12-31,enrollment
REL-000456,provider,PRV-377,facility,FAC-008,works_at,2019-07-13,enrollment
REL-000457,provider,PRV-378,facility,FAC-184,works_at,2024-02-01,enrollment
REL-000458,provider,PRV-379,facility,FAC-029,works_at,2018-12-01,enrollment
REL-000459,provider,PRV-380,facility,FAC-158,works_at,2019-12-17,enrollment
REL-000460,provider,PRV-380,facility,FAC-015,works_at,2019-12-17,enrollment
REL-000461,provider,PRV-381,facility,FAC-027,works_at,2018-01-17,enrollment
REL-000462,provider,PRV-382,facility,FAC-222,works_at,2024-02-06,enrollment
REL-000463,provider,PRV-383,facility,FAC-104,works_at,2019-06-23,enrollment
REL-000464,provider,PRV-383,facility,FAC-066,works_at,2019-06-23,enrollment
REL-000465,provider,PRV-384,facility,FAC-024,works_at,2021-05-01,enrollment
REL-000466,provider,PRV-385,facility,FAC-131,works_at,2018-11-25,enrollment
REL-000467,provider,PRV-386,facility,FAC-089,works_at,2017-02-14,enrollment
REL-000468,provider,PRV-387,facility,FAC-015,works_at,2018-07-20,enrollment
REL-000469,provider,PRV-387,facility,FAC-194,works_at,2018-07-20,enrollment
REL-000470,provider,PRV-388,facility,FAC-034,works_at,2020-02-17,enrollment
REL-000471,provider,PRV-389,facility,FAC-060,works_at,2017-07-25,enrollment
REL-000472,provider,PRV-389,facility,FAC-133,works_at,2017-07-25,enrollment
REL-000473,provider,PRV-390,facility,FAC-104,works_at,2020-08-21,enrollment
REL-000474,provider,PRV-391,facility,FAC-117,works_at,2024-06-19,enrollment
REL-000475,provider,PRV-392,facility,FAC-013,works_at,2023-10-05,enrollment
REL-000476,provider,PRV-393,facility,FAC-249,works_at,2019-01-06,enrollment
REL-000477,provider,PRV-394,facility,FAC-022,works_at,2021-08-17,enrollment
REL-000478,provider,PRV-395,facility,FAC-234,works_at,2024-02-29,enrollment
REL-000479,provider,PRV-396,facility,FAC-171,works_at,2022-11-01,enrollment
REL-000480,provider,PRV-397,facility,FAC-063,works_at,2019-06-03,enrollment
REL-000481,provider,PRV-398,facility,FAC-010,works_at,2023-01-01,enrollment
REL-000482,provider,PRV-399,facility,FAC-161,works_at,2024-02-08,enrollment
REL-000483,provider,PRV-400,facility,FAC-242,works_at,2018-12-14,enrollment
REL-000484,provider,PRV-401,facility,FAC-201,works_at,2021-10-15,enrollment
REL-000485,provider,PRV-401,facility,FAC-159,works_at,2021-10-15,enrollment
REL-000486,provider,PRV-402,facility,FAC-166,works_at,2017-04-15,enrollment
REL-000487,provider,PRV-403,facility,FAC-114,works_at,2018-01-17,enrollment
REL-000488,provider,PRV-404,facility,FAC-065,works_at,2017-05-16,enrollment
REL-000489,provider,PRV-405,facility,FAC-154,works_at,2019-02-15,enrollment
REL-000490,provider,PRV-405,facility,FAC-192,works_at,2019-02-15,enrollment
REL-000491,provider,PRV-406,facility,FAC-104,works_at,2021-11-20,enrollment
REL-000492,provider,PRV-407,facility,FAC-057,works_at,2020-10-23,enrollment
REL-000493,provider,PRV-408,facility,FAC-133,works_at,2020-05-22,enrollment
REL-000494,provider,PRV-409,facility,FAC-214,works_at,2023-02-04,enrollment
REL-000495,provider,PRV-410,facility,FAC-047,works_at,2018-08-07,enrollment
REL-000496,provider,PRV-411,facility,FAC-001,works_at,2017-07-23,enrollment
REL-000497,provider,PRV-412,facility,FAC-254,works_at,2024-08-08,enrollment
REL-000498,provider,PRV-412,facility,FAC-091,works_at,2024-08-08,enrollment
REL-000499,provider,PRV-413,facility,FAC-032,works_at,2021-01-24,enrollment
REL-000500,provider,PRV-414,facility,FAC-120,works_at,2022-07-15,enrollment
REL-000501,provider,PRV-415,facility,FAC-235,works_at,2020-10-24,enrollment
REL-000502,provider,PRV-416,facility,FAC-231,works_at,2023-04-20,enrollment
REL-000503,provider,PRV-416,facility,FAC-249,works_at,2023-04-20,enrollment
REL-000504,provider,PRV-417,facility,FAC-014,works_at,2021-02-26,enrollment
REL-000505,provider,PRV-418,facility,FAC-208,works_at,2017-01-19,enrollment
REL-000506,provider,PRV-419,facility,FAC-029,works_at,2022-04-17,enrollment
REL-000507,provider,PRV-420,facility,FAC-060,works_at,2023-07-19,enrollment
REL-000508,provider,PRV-420,facility,FAC-172,works_at,2023-07-19,enrollment
REL-000509,provider,PRV-421,facility,FAC-024,works_at,2023-08-08,enrollment
REL-000510,provider,PRV-422,facility,FAC-201,works_at,2022-01-10,enrollment
REL-000511,provider,PRV-423,facility,FAC-205,works_at,2018-09-20,enrollment
REL-000512,provider,PRV-423,facility,FAC-231,works_at,2018-09-20,enrollment
REL-000513,provider,PRV-424,facility,FAC-191,works_at,2021-05-29,enrollment
REL-000514,provider,PRV-424,facility,FAC-106,works_at,2021-05-29,enrollment
REL-000515,provider,PRV-425,facility,FAC-029,works_at,2022-04-15,enrollment
REL-000516,provider,PRV-426,facility,FAC-030,works_at,2018-01-01,enrollment
REL-000517,provider,PRV-426,facility,FAC-087,works_at,2018-01-01,enrollment
REL-000518,provider,PRV-427,facility,FAC-057,works_at,2017-06-05,enrollment
REL-000519,provider,PRV-428,facility,FAC-258,works_at,2017-09-23,enrollment
REL-000520,provider,PRV-429,facility,FAC-236,works_at,2020-03-21,enrollment
REL-000521,provider,PRV-430,facility,FAC-004,works_at,2022-02-14,enrollment
REL-000522,provider,PRV-431,facility,FAC-092,works_at,2022-06-04,enrollment
REL-000523,provider,PRV-432,facility,FAC-241,works_at,2020-05-30,enrollment
REL-000524,provider,PRV-433,facility,FAC-219,works_at,2023-09-19,enrollment
REL-000525,provider,PRV-433,facility,FAC-248,works_at,2023-09-19,enrollment
REL-000526,provider,PRV-434,facility,FAC-089,works_at,2019-10-02,enrollment
REL-000527,provider,PRV-435,facility,FAC-181,works_at,2019-12-02,enrollment
REL-000528,provider,PRV-436,facility,FAC-108,works_at,2022-04-22,enrollment
REL-000529,provider,PRV-436,facility,FAC-243,works_at,2022-04-22,enrollment
REL-000530,provider,PRV-437,facility,FAC-160,works_at,2021-08-14,enrollment
REL-000531,provider,PRV-438,facility,FAC-153,works_at,2024-02-08,enrollment
REL-000532,provider,PRV-439,facility,FAC-178,works_at,2017-12-11,enrollment
REL-000533,provider,PRV-439,facility,FAC-099,works_at,2017-12-11,enrollment
REL-000534,provider,PRV-440,facility,FAC-182,works_at,2017-09-16,enrollment
REL-000535,provider,PRV-440,facility,FAC-239,works_at,2017-09-16,enrollment
REL-000536,provider,PRV-441,facility,FAC-134,works_at,2018-05-09,enrollment
REL-000537,provider,PRV-442,facility,FAC-036,works_at,2018-10-18,enrollment
REL-000538,provider,PRV-443,facility,FAC-024,works_at,2020-08-21,enrollment
REL-000539,provider,PRV-444,facility,FAC-239,works_at,2022-06-23,enrollment
REL-000540,provider,PRV-445,facility,FAC-021,works_at,2018-03-01,enrollment
REL-000541,provider,PRV-446,facility,FAC-004,works_at,2018-03-27,enrollment
REL-000542,provider,PRV-447,facility,FAC-241,works_at,2023-01-21,enrollment
REL-000543,provider,PRV-448,facility,FAC-012,works_at,2019-12-13,enrollment
REL-000544,provider,PRV-448,facility,FAC-100,works_at,2019-12-13,enrollment
REL-000545,provider,PRV-449,facility,FAC-164,works_at,2023-08-23,enrollment
REL-000546,provider,PRV-449,facility,FAC-086,works_at,2023-08-23,enrollment
REL-000547,provider,PRV-450,facility,FAC-062,works_at,2023-01-24,enrollment
REL-000548,provider,PRV-451,facility,FAC-157,works_at,2021-03-21,enrollment
REL-000549,provider,PRV-452,facility,FAC-137,works_at,2024-06-12,enrollment
REL-000550,provider,PRV-452,facility,FAC-053,works_at,2024-06-12,enrollment
REL-000551,provider,PRV-453,facility,FAC-144,works_at,2024-01-06,enrollment
REL-000552,provider,PRV-454,facility,FAC-194,works_at,2022-10-17,enrollment
REL-000553,provider,PRV-455,facility,FAC-149,works_at,2017-11-17,enrollment
REL-000554,provider,PRV-456,facility,FAC-237,works_at,2020-03-06,enrollment
REL-000555,provider,PRV-457,facility,FAC-203,works_at,2017-11-28,enrollment
REL-000556,provider,PRV-458,facility,FAC-178,works_at,2018-10-23,enrollment
REL-000557,provider,PRV-459,facility,FAC-115,works_at,2020-12-25,enrollment
REL-000558,provider,PRV-460,facility,FAC-056,works_at,2017-03-26,enrollment
REL-000559,provider,PRV-460,facility,FAC-089,works_at,2017-03-26,enrollment
REL-000560,provider,PRV-461,facility,FAC-105,works_at,2023-10-09,enrollment
REL-000561,provider,PRV-461,facility,FAC-250,works_at,2023-10-09,enrollment
REL-000562,provider,PRV-462,facility,FAC-035,works_at,2023-08-09,enrollment
REL-000563,provider,PRV-463,facility,FAC-091,works_at,2020-10-28,enrollment
REL-000564,provider,PRV-464,facility,FAC-143,works_at,2024-07-01,enrollment
REL-000565,provider,PRV-465,facility,FAC-100,works_at,2022-05-15,enrollment
REL-000566,provider,PRV-465,facility,FAC-202,works_at,2022-05-15,enrollment
REL-000567,provider,PRV-466,facility,FAC-139,works_at,2022-08-01,enrollment
REL-000568,provider,PRV-466,facility,FAC-111,works_at,2022-08-01,enrollment
REL-000569,provider,PRV-467,facility,FAC-152,works_at,2017-12-26,enrollment
REL-000570,provider,PRV-468,facility,FAC-231,works_at,2023-01-25,enrollment
REL-000571,provider,PRV-469,facility,FAC-235,works_at,2022-03-14,enrollment
REL-000572,provider,PRV-470,facility,FAC-078,works_at,2017-03-02,enrollment
REL-000573,provider,PRV-471,facility,FAC-143,works_at,2022-06-01,enrollment
REL-000574,provider,PRV-472,facility,FAC-187,works_at,2023-01-02,enrollment
REL-000575,provider,PRV-472,facility,FAC-224,works_at,2023-01-02,enrollment
REL-000576,provider,PRV-473,facility,FAC-187,works_at,2021-03-25,enrollment
REL-000577,provider,PRV-474,facility,FAC-117,works_at,2017-06-17,enrollment
REL-000578,provider,PRV-475,facility,FAC-187,works_at,2018-12-29,enrollment
REL-000579,provider,PRV-476,facility,FAC-123,works_at,2022-11-04,enrollment
REL-000580,provider,PRV-477,facility,FAC-022,works_at,2024-03-14,enrollment
REL-000581,provider,PRV-477,facility,FAC-116,works_at,2024-03-14,enrollment
REL-000582,provider,PRV-478,facility,FAC-229,works_at,2017-01-31,enrollment
REL-000583,provider,PRV-479,facility,FAC-142,works_at,2018-01-05,enrollment
REL-000584,provider,PRV-479,facility,FAC-109,works_at,2018-01-05,enrollment
REL-000585,provider,PRV-480,facility,FAC-191,works_at,2021-05-22,enrollment
REL-000586,provider,PRV-481,facility,FAC-204,works_at,2022-04-16,enrollment
REL-000587,provider,PRV-482,facility,FAC-050,works_at,2019-03-20,enrollment
REL-000588,provider,PRV-483,facility,FAC-029,works_at,2023-08-27,enrollment
REL-000589,provider,PRV-484,facility,FAC-092,works_at,2017-04-26,enrollment
REL-000590,provider,PRV-485,facility,FAC-001,works_at,2019-05-18,enrollment
REL-000591,provider,PRV-486,facility,FAC-204,works_at,2024-07-13,enrollment
REL-000592,provider,PRV-487,facility,FAC-057,works_at,2017-08-18,enrollment
REL-000593,provider,PRV-488,facility,FAC-109,works_at,2023-04-17,enrollment
REL-000594,provider,PRV-489,facility,FAC-054,works_at,2024-04-13,enrollment
REL-000595,provider,PRV-490,facility,FAC-119,works_at,2023-09-19,enrollment
REL-000596,provider,PRV-491,facility,FAC-032,works_at,2024-07-12,enrollment
REL-000597,provider,PRV-492,facility,FAC-126,works_at,2019-01-25,enrollment
REL-000598,provider,PRV-492,facility,FAC-040,works_at,2019-01-25,enrollment
REL-000599,provider,PRV-493,facility,FAC-239,works_at,2018-11-22,enrollment
REL-000600,provider,PRV-494,facility,FAC-244,works_at,2019-09-07,enrollment
REL-000601,provider,PRV-495,facility,FAC-210,works_at,2023-09-05,enrollment
REL-000602,provider,PRV-495,facility,FAC-115,works_at,2023-09-05,enrollment
REL-000603,provider,PRV-496,facility,FAC-253,works_at,2022-09-09,enrollment
REL-000604,provider,PRV-496,facility,FAC-056,works_at,2022-09-09,enrollment
REL-000605,provider,PRV-497,facility,FAC-099,works_at,2020-01-06,enrollment
REL-000606,provider,PRV-498,facility,FAC-166,works_at,2020-05-15,enrollment
REL-000607,provider,PRV-499,facility,FAC-109,works_at,2019-09-23,enrollment
REL-000608,provider,PRV-500,facility,FAC-058,works_at,2019-03-29,enrollment
REL-000609,provider,PRV-501,facility,FAC-043,works_at,2021-10-04,enrollment
REL-000610,provider,PRV-502,facility,FAC-120,works_at,2017-12-27,enrollment
REL-000611,provider,PRV-503,facility,FAC-104,works_at,2018-03-05,enrollment
REL-000612,provider,PRV-504,facility,FAC-034,works_at,2022-12-23,enrollment
REL-000613,provider,PRV-504,facility,FAC-074,works_at,2022-12-23,enrollment
REL-000614,provider,PRV-505,facility,FAC-103,works_at,2020-12-01,enrollment
REL-000615,provider,PRV-506,facility,FAC-101,works_at,2019-12-30,enrollment
REL-000616,provider,PRV-507,facility,FAC-254,works_at,2022-11-08,enrollment
REL-000617,provider,PRV-508,facility,FAC-176,works_at,2019-12-09,enrollment
REL-000618,provider,PRV-509,facility,FAC-205,works_at,2018-08-05,enrollment
REL-000619,provider,PRV-509,facility,FAC-007,works_at,2018-08-05,enrollment
REL-000620,provider,PRV-510,facility,FAC-157,works_at,2018-05-03,enrollment
REL-000621,provider,PRV-511,facility,FAC-010,works_at,2017-12-06,enrollment
REL-000622,provider,PRV-512,facility,FAC-201,works_at,2020-03-26,enrollment
REL-000623,provider,PRV-513,facility,FAC-145,works_at,2022-03-12,enrollment
REL-000624,provider,PRV-514,facility,FAC-174,works_at,2024-05-09,enrollment
REL-000625,provider,PRV-515,facility,FAC-175,works_at,2020-11-04,enrollment
REL-000626,provider,PRV-515,facility,FAC-254,works_at,2020-11-04,enrollment
REL-000627,provider,PRV-516,facility,FAC-185,works_at,2020-02-26,enrollment
REL-000628,provider,PRV-517,facility,FAC-219,works_at,2020-12-18,enrollment
REL-000629,provider,PRV-518,facility,FAC-176,works_at,2023-03-21,enrollment
REL-000630,provider,PRV-519,facility,FAC-246,works_at,2021-08-08,enrollment
REL-000631,provider,PRV-520,facility,FAC-247,works_at,2020-01-26,enrollment
REL-000632,provider,PRV-521,facility,FAC-059,works_at,2019-09-08,enrollment
REL-000633,provider,PRV-522,facility,FAC-047,works_at,2023-09-13,enrollment
REL-000634,provider,PRV-523,facility,FAC-144,works_at,2019-06-19,enrollment
REL-000635,provider,PRV-523,facility,FAC-183,works_at,2019-06-19,enrollment
REL-000636,provider,PRV-524,facility,FAC-253,works_at,2024-07-01,enrollment
REL-000637,provider,PRV-524,facility,FAC-172,works_at,2024-07-01,enrollment
REL-000638,provider,PRV-525,facility,FAC-102,works_at,2023-11-29,enrollment
REL-000639,provider,PRV-526,facility,FAC-044,works_at,2023-07-04,enrollment
REL-000640,provider,PRV-527,facility,FAC-089,works_at,2023-09-06,enrollment
REL-000641,provider,PRV-528,facility,FAC-001,works_at,2023-06-22,enrollment
REL-000642,provider,PRV-529,facility,FAC-085,works_at,2024-06-21,enrollment
REL-000643,provider,PRV-530,facility,FAC-026,works_at,2022-01-26,enrollment
REL-000644,provider,PRV-531,facility,FAC-230,works_at,2021-11-10,enrollment
REL-000645,provider,PRV-532,facility,FAC-169,works_at,2018-03-01,enrollment
REL-000646,provider,PRV-533,facility,FAC-229,works_at,2024-03-09,enrollment
REL-000647,provider,PRV-534,facility,FAC-004,works_at,2024-08-14,enrollment
REL-000648,provider,PRV-534,facility,FAC-060,works_at,2024-08-14,enrollment
REL-000649,provider,PRV-535,facility,FAC-095,works_at,2021-07-06,enrollment
REL-000650,provider,PRV-536,facility,FAC-181,works_at,2023-02-03,enrollment
REL-000651,provider,PRV-537,facility,FAC-075,works_at,2019-07-13,enrollment
REL-000652,provider,PRV-538,facility,FAC-139,works_at,2019-06-07,enrollment
REL-000653,provider,PRV-539,facility,FAC-058,works_at,2022-07-02,enrollment
REL-000654,provider,PRV-540,facility,FAC-143,works_at,2023-06-18,enrollment
REL-000655,provider,PRV-541,facility,FAC-091,works_at,2020-08-28,enrollment
REL-000656,provider,PRV-542,facility,FAC-145,works_at,2020-01-12,enrollment
REL-000657,provider,PRV-543,facility,FAC-142,works_at,2019-12-26,enrollment
REL-000658,provider,PRV-544,facility,FAC-111,works_at,2021-03-31,enrollment
REL-000659,provider,PRV-545,facility,FAC-185,works_at,2017-04-12,enrollment
REL-000660,provider,PRV-546,facility,FAC-136,works_at,2021-12-24,enrollment
REL-000661,provider,PRV-547,facility,FAC-014,works_at,2020-11-26,enrollment
REL-000662,provider,PRV-548,facility,FAC-123,works_at,2022-05-24,enrollment
REL-000663,provider,PRV-549,facility,FAC-088,works_at,2021-02-21,enrollment
REL-000664,provider,PRV-550,facility,FAC-083,works_at,2023-12-28,enrollment
REL-000665,provider,PRV-551,facility,FAC-176,works_at,2023-04-25,enrollment
REL-000666,provider,PRV-552,facility,FAC-223,works_at,2017-12-11,enrollment
REL-000667,provider,PRV-553,facility,FAC-069,works_at,2024-08-13,enrollment
REL-000668,provider,PRV-554,facility,FAC-207,works_at,2017-07-18,enrollment
REL-000669,provider,PRV-555,facility,FAC-222,works_at,2020-04-06,enrollment
REL-000670,provider,PRV-556,facility,FAC-090,works_at,2024-07-17,enrollment
REL-000671,provider,PRV-557,facility,FAC-042,works_at,2022-06-14,enrollment
REL-000672,provider,PRV-558,facility,FAC-068,works_at,2018-08-17,enrollment
REL-000673,provider,PRV-559,facility,FAC-227,works_at,2020-03-10,enrollment
REL-000674,provider,PRV-560,facility,FAC-233,works_at,2017-12-06,enrollment
REL-000675,provider,PRV-561,facility,FAC-080,works_at,2021-02-14,enrollment
REL-000676,provider,PRV-562,facility,FAC-210,works_at,2020-05-27,enrollment
REL-000677,provider,PRV-563,facility,FAC-229,works_at,2018-06-23,enrollment
REL-000678,provider,PRV-563,facility,FAC-191,works_at,2018-06-23,enrollment
REL-000679,provider,PRV-564,facility,FAC-106,works_at,2021-11-06,enrollment
REL-000680,provider,PRV-565,facility,FAC-206,works_at,2017-10-14,enrollment
REL-000681,provider,PRV-566,facility,FAC-090,works_at,2018-02-08,enrollment
REL-000682,provider,PRV-567,facility,FAC-061,works_at,2020-11-25,enrollment
REL-000683,provider,PRV-568,facility,FAC-148,works_at,2021-02-17,enrollment
REL-000684,provider,PRV-569,facility,FAC-228,works_at,2017-12-31,enrollment
REL-000685,provider,PRV-570,facility,FAC-041,works_at,2019-09-02,enrollment
REL-000686,provider,PRV-571,facility,FAC-108,works_at,2022-03-25,enrollment
REL-000687,provider,PRV-572,facility,FAC-046,works_at,2020-02-15,enrollment
REL-000688,provider,PRV-573,facility,FAC-142,works_at,2018-02-07,enrollment
REL-000689,provider,PRV-573,facility,FAC-156,works_at,2018-02-07,enrollment
REL-000690,provider,PRV-574,facility,FAC-227,works_at,2019-07-18,enrollment
REL-000691,provider,PRV-575,facility,FAC-187,works_at,2018-10-08,enrollment
REL-000692,provider,PRV-575,facility,FAC-042,works_at,2018-10-08,enrollment
REL-000693,provider,PRV-576,facility,FAC-159,works_at,2017-09-30,enrollment
REL-000694,provider,PRV-577,facility,FAC-145,works_at,2019-02-02,enrollment
REL-000695,provider,PRV-577,facility,FAC-258,works_at,2019-02-02,enrollment
REL-000696,provider,PRV-578,facility,FAC-029,works_at,2023-09-24,enrollment
REL-000697,provider,PRV-579,facility,FAC-256,works_at,2021-05-19,enrollment
REL-000698,provider,PRV-580,facility,FAC-046,works_at,2019-09-11,enrollment
REL-000699,provider,PRV-581,facility,FAC-231,works_at,2018-10-14,enrollment
REL-000700,provider,PRV-581,facility,FAC-197,works_at,2018-10-14,enrollment
REL-000701,provider,PRV-582,facility,FAC-146,works_at,2023-09-12,enrollment
REL-000702,provider,PRV-582,facility,FAC-057,works_at,2023-09-12,enrollment
REL-000703,provider,PRV-583,facility,FAC-102,works_at,2021-02-21,enrollment
REL-000704,provider,PRV-584,facility,FAC-215,works_at,2020-10-04,enrollment
REL-000705,provider,PRV-585,facility,FAC-012,works_at,2022-04-21,enrollment
REL-000706,provider,PRV-586,facility,FAC-054,works_at,2020-01-18,enrollment
REL-000707,provider,PRV-587,facility,FAC-183,works_at,2019-09-26,enrollment
REL-000708,provider,PRV-588,facility,FAC-211,works_at,2018-01-25,enrollment
REL-000709,provider,PRV-588,facility,FAC-101,works_at,2018-01-25,enrollment
REL-000710,provider,PRV-589,facility,FAC-198,works_at,2022-10-04,enrollment
REL-000711,provider,PRV-590,facility,FAC-060,works_at,2022-11-04,enrollment
REL-000712,provider,PRV-591,facility,FAC-059,works_at,2018-05-22,enrollment
REL-000713,provider,PRV-592,facility,FAC-101,works_at,2017-07-17,enrollment
REL-000714,provider,PRV-592,facility,FAC-121,works_at,2017-07-17,enrollment
REL-000715,provider,PRV-593,facility,FAC-133,works_at,2020-08-14,enrollment
REL-000716,provider,PRV-594,facility,FAC-136,works_at,2019-06-04,enrollment
REL-000717,provider,PRV-595,facility,FAC-078,works_at,2017-01-22,enrollment
REL-000718,provider,PRV-595,facility,FAC-139,works_at,2017-01-22,enrollment
REL-000719,provider,PRV-596,facility,FAC-255,works_at,2019-07-12,enrollment
REL-000720,provider,PRV-597,facility,FAC-143,works_at,2019-09-27,enrollment
REL-000721,provider,PRV-597,facility,FAC-123,works_at,2019-09-27,enrollment
REL-000722,provider,PRV-598,facility,FAC-178,works_at,2020-07-21,enrollment
REL-000723,provider,PRV-599,facility,FAC-254,works_at,2023-06-27,enrollment
REL-000724,provider,PRV-600,facility,FAC-215,works_at,2020-09-14,enrollment
REL-000725,provider,PRV-601,facility,FAC-155,works_at,2023-06-08,enrollment
REL-000726,provider,PRV-601,facility,FAC-056,works_at,2023-06-08,enrollment
REL-000727,provider,PRV-602,facility,FAC-154,works_at,2023-07-28,enrollment
REL-000728,provider,PRV-603,facility,FAC-119,works_at,2024-09-04,enrollment
REL-000729,provider,PRV-604,facility,FAC-042,works_at,2021-07-21,enrollment
REL-000730,provider,PRV-604,facility,FAC-139,works_at,2021-07-21,enrollment
REL-000731,provider,PRV-605,facility,FAC-206,works_at,2024-08-06,enrollment
REL-000732,provider,PRV-606,facility,FAC-197,works_at,2023-12-09,enrollment
REL-000733,provider,PRV-607,facility,FAC-117,works_at,2021-02-07,enrollment
REL-000734,provider,PRV-608,facility,FAC-169,works_at,2017-08-08,enrollment
REL-000735,provider,PRV-609,facility,FAC-132,works_at,2019-04-12,enrollment
REL-000736,provider,PRV-609,facility,FAC-253,works_at,2019-04-12,enrollment
REL-000737,provider,PRV-610,facility,FAC-056,works_at,2019-06-22,enrollment
REL-000738,provider,PRV-611,facility,FAC-154,works_at,2020-03-27,enrollment
REL-000739,provider,PRV-612,facility,FAC-174,works_at,2021-04-26,enrollment
REL-000740,provider,PRV-613,facility,FAC-260,works_at,2018-05-12,enrollment
REL-000741,provider,PRV-614,facility,FAC-203,works_at,2019-07-10,enrollment
REL-000742,provider,PRV-615,facility,FAC-219,works_at,2019-03-12,enrollment
REL-000743,provider,PRV-615,facility,FAC-100,works_at,2019-03-12,enrollment
REL-000744,provider,PRV-616,facility,FAC-130,works_at,2021-09-28,enrollment
REL-000745,provider,PRV-617,facility,FAC-213,works_at,2017-03-17,enrollment
REL-000746,provider,PRV-618,facility,FAC-047,works_at,2019-11-20,enrollment
REL-000747,provider,PRV-618,facility,FAC-035,works_at,2019-11-20,enrollment
REL-000748,provider,PRV-619,facility,FAC-223,works_at,2018-08-05,enrollment
REL-000749,provider,PRV-620,facility,FAC-050,works_at,2022-02-01,enrollment
REL-000750,provider,PRV-621,facility,FAC-108,works_at,2017-11-08,enrollment
REL-000751,provider,PRV-622,facility,FAC-209,works_at,2018-07-09,enrollment
REL-000752,provider,PRV-622,facility,FAC-057,works_at,2018-07-09,enrollment
REL-000753,provider,PRV-623,facility,FAC-203,works_at,2021-09-17,enrollment
REL-000754,provider,PRV-624,facility,FAC-253,works_at,2021-12-07,enrollment
REL-000755,provider,PRV-625,facility,FAC-156,works_at,2018-03-02,enrollment
REL-000756,provider,PRV-626,facility,FAC-086,works_at,2022-05-31,enrollment
REL-000757,provider,PRV-627,facility,FAC-215,works_at,2022-06-09,enrollment
REL-000758,provider,PRV-628,facility,FAC-138,works_at,2021-02-09,enrollment
REL-000759,provider,PRV-628,facility,FAC-190,works_at,2021-02-09,enrollment
REL-000760,provider,PRV-629,facility,FAC-119,works_at,2021-12-31,enrollment
REL-000761,provider,PRV-630,facility,FAC-014,works_at,2021-07-27,enrollment
REL-000762,provider,PRV-630,facility,FAC-185,works_at,2021-07-27,enrollment
REL-000763,provider,PRV-631,facility,FAC-032,works_at,2022-12-07,enrollment
REL-000764,provider,PRV-631,facility,FAC-088,works_at,2022-12-07,enrollment
REL-000765,provider,PRV-632,facility,FAC-015,works_at,2022-05-18,enrollment
REL-000766,provider,PRV-633,facility,FAC-155,works_at,2017-12-22,enrollment
REL-000767,provider,PRV-634,facility,FAC-181,works_at,2023-12-15,enrollment
REL-000768,provider,PRV-635,facility,FAC-117,works_at,2018-01-30,enrollment
REL-000769,provider,PRV-635,facility,FAC-248,works_at,2018-01-30,enrollment
REL-000770,provider,PRV-636,facility,FAC-030,works_at,2017-10-12,enrollment
REL-000771,provider,PRV-637,facility,FAC-211,works_at,2022-07-08,enrollment
REL-000772,provider,PRV-637,facility,FAC-101,works_at,2022-07-08,enrollment
REL-000773,provider,PRV-638,facility,FAC-056,works_at,2020-08-14,enrollment
REL-000774,provider,PRV-639,facility,FAC-075,works_at,2021-11-03,enrollment
REL-000775,provider,PRV-640,facility,FAC-063,works_at,2019-12-03,enrollment
REL-000776,provider,PRV-641,facility,FAC-031,works_at,2021-04-24,enrollment
REL-000777,provider,PRV-642,facility,FAC-235,works_at,2024-06-22,enrollment
REL-000778,provider,PRV-643,facility,FAC-109,works_at,2024-02-10,enrollment
REL-000779,provider,PRV-643,facility,FAC-157,works_at,2024-02-10,enrollment
REL-000780,provider,PRV-644,facility,FAC-077,works_at,2021-06-21,enrollment
REL-000781,provider,PRV-645,facility,FAC-247,works_at,2024-02-09,enrollment
REL-000782,provider,PRV-646,facility,FAC-202,works_at,2023-02-26,enrollment
REL-000783,provider,PRV-646,facility,FAC-255,works_at,2023-02-26,enrollment
REL-000784,provider,PRV-647,facility,FAC-241,works_at,2018-12-08,enrollment
REL-000785,provider,PRV-647,facility,FAC-083,works_at,2018-12-08,enrollment
REL-000786,provider,PRV-648,facility,FAC-160,works_at,2018-01-04,enrollment
REL-000787,provider,PRV-649,facility,FAC-207,works_at,2018-08-26,enrollment
REL-000788,provider,PRV-650,facility,FAC-074,works_at,2019-02-26,enrollment
REL-000789,provider,PRV-651,facility,FAC-041,works_at,2017-03-17,enrollment
REL-000790,provider,PRV-652,facility,FAC-127,works_at,2023-07-28,enrollment
REL-000791,provider,PRV-652,facility,FAC-123,works_at,2023-07-28,enrollment
REL-000792,provider,PRV-653,facility,FAC-046,works_at,2024-09-03,enrollment
REL-000793,provider,PRV-654,facility,FAC-255,works_at,2018-01-20,enrollment
REL-000794,provider,PRV-655,facility,FAC-216,works_at,2023-01-18,enrollment
REL-000795,provider,PRV-656,facility,FAC-046,works_at,2023-06-27,enrollment
REL-000796,provider,PRV-657,facility,FAC-075,works_at,2018-02-20,enrollment
REL-000797,provider,PRV-658,facility,FAC-260,works_at,2018-01-01,enrollment
REL-000798,provider,PRV-659,facility,FAC-197,works_at,2019-12-06,enrollment
REL-000799,provider,PRV-660,facility,FAC-117,works_at,2020-09-29,enrollment
REL-000800,provider,PRV-660,facility,FAC-254,works_at,2020-09-29,enrollment
REL-000801,provider,PRV-661,facility,FAC-191,works_at,2017-04-17,enrollment
REL-000802,provider,PRV-662,facility,FAC-123,works_at,2023-04-11,enrollment
REL-000803,provider,PRV-663,facility,FAC-106,works_at,2017-03-30,enrollment
REL-000804,provider,PRV-664,facility,FAC-224,works_at,2021-04-14,enrollment
REL-000805,provider,PRV-665,facility,FAC-031,works_at,2018-05-01,enrollment
REL-000806,provider,PRV-665,facility,FAC-227,works_at,2018-05-01,enrollment
REL-000807,provider,PRV-666,facility,FAC-237,works_at,2017-10-18,enrollment
REL-000808,provider,PRV-667,facility,FAC-100,works_at,2022-01-21,enrollment
REL-000809,provider,PRV-668,facility,FAC-177,works_at,2023-12-01,enrollment
REL-000810,provider,PRV-669,facility,FAC-028,works_at,2021-06-07,enrollment
REL-000811,provider,PRV-669,facility,FAC-257,works_at,2021-06-07,enrollment
REL-000812,provider,PRV-670,facility,FAC-156,works_at,2020-09-28,enrollment
REL-000813,provider,PRV-671,facility,FAC-142,works_at,2018-09-07,enrollment
REL-000814,provider,PRV-671,facility,FAC-256,works_at,2018-09-07,enrollment
REL-000815,provider,PRV-672,facility,FAC-155,works_at,2020-07-21,enrollment
REL-000816,provider,PRV-673,facility,FAC-203,works_at,2017-03-16,enrollment
REL-000817,provider,PRV-674,facility,FAC-253,works_at,2021-11-25,enrollment
REL-000818,provider,PRV-675,facility,FAC-260,works_at,2022-02-24,enrollment
REL-000819,provider,PRV-676,facility,FAC-070,works_at,2019-06-04,enrollment
REL-000820,provider,PRV-677,facility,FAC-234,works_at,2018-09-27,enrollment
REL-000821,provider,PRV-678,facility,FAC-222,works_at,2021-11-15,enrollment
REL-000822,provider,PRV-679,facility,FAC-104,works_at,2023-02-26,enrollment
REL-000823,provider,PRV-680,facility,FAC-172,works_at,2020-09-10,enrollment
REL-000824,provider,PRV-681,facility,FAC-019,works_at,2018-03-08,enrollment
REL-000825,provider,PRV-682,facility,FAC-084,works_at,2019-02-16,enrollment
REL-000826,provider,PRV-683,facility,FAC-220,works_at,2019-07-18,enrollment
REL-000827,provider,PRV-684,facility,FAC-116,works_at,2018-10-31,enrollment
REL-000828,provider,PRV-685,facility,FAC-044,works_at,2021-08-05,enrollment
REL-000829,provider,PRV-685,facility,FAC-248,works_at,2021-08-05,enrollment
REL-000830,provider,PRV-686,facility,FAC-009,works_at,2019-01-21,enrollment
REL-000831,provider,PRV-686,facility,FAC-003,works_at,2019-01-21,enrollment
REL-000832,provider,PRV-687,facility,FAC-235,works_at,2021-10-20,enrollment
REL-000833,provider,PRV-688,facility,FAC-055,works_at,2018-04-12,enrollment
REL-000834,provider,PRV-689,facility,FAC-174,works_at,2022-02-14,enrollment
REL-000835,provider,PRV-689,facility,FAC-106,works_at,2022-02-14,enrollment
REL-000836,provider,PRV-690,facility,FAC-027,works_at,2021-10-02,enrollment
REL-000837,provider,PRV-691,facility,FAC-252,works_at,2018-12-13,enrollment
REL-000838,provider,PRV-692,facility,FAC-089,works_at,2018-05-04,enrollment
REL-000839,provider,PRV-692,facility,FAC-114,works_at,2018-05-04,enrollment
REL-000840,provider,PRV-693,facility,FAC-097,works_at,2023-08-22,enrollment
REL-000841,provider,PRV-693,facility,FAC-206,works_at,2023-08-22,enrollment
REL-000842,provider,PRV-694,facility,FAC-017,works_at,2022-06-06,enrollment
REL-000843,provider,PRV-695,facility,FAC-183,works_at,2022-04-23,enrollment
REL-000844,provider,PRV-696,facility,FAC-060,works_at,2019-07-02,enrollment
REL-000845,provider,PRV-697,facility,FAC-157,works_at,2018-08-06,enrollment
REL-000846,provider,PRV-697,facility,FAC-109,works_at,2018-08-06,enrollment
REL-000847,provider,PRV-698,facility,FAC-132,works_at,2017-08-15,enrollment
REL-000848,provider,PRV-699,facility,FAC-065,works_at,2022-07-09,enrollment
REL-000849,provider,PRV-699,facility,FAC-190,works_at,2022-07-09,enrollment
REL-000850,provider,PRV-700,facility,FAC-044,works_at,2018-01-24,enrollment
REL-000851,provider,PRV-701,facility,FAC-021,works_at,2020-01-28,enrollment
REL-000852,provider,PRV-702,facility,FAC-205,works_at,2020-01-29,enrollment
REL-000853,provider,PRV-702,facility,FAC-185,works_at,2020-01-29,enrollment
REL-000854,provider,PRV-703,facility,FAC-207,works_at,2020-12-14,enrollment
REL-000855,provider,PRV-704,facility,FAC-132,works_at,2023-02-23,enrollment
REL-000856,provider,PRV-705,facility,FAC-140,works_at,2023-07-05,enrollment
REL-000857,provider,PRV-705,facility,FAC-054,works_at,2023-07-05,enrollment
REL-000858,provider,PRV-706,facility,FAC-100,works_at,2024-08-24,enrollment
REL-000859,provider,PRV-707,facility,FAC-169,works_at,2019-07-18,enrollment
REL-000860,provider,PRV-708,facility,FAC-027,works_at,2018-01-30,enrollment
REL-000861,provider,PRV-709,facility,FAC-089,works_at,2020-06-13,enrollment
REL-000862,provider,PRV-710,facility,FAC-006,works_at,2021-10-31,enrollment
REL-000863,provider,PRV-711,facility,FAC-231,works_at,2019-04-18,enrollment
REL-000864,provider,PRV-712,facility,FAC-032,works_at,2022-05-11,enrollment
REL-000865,provider,PRV-712,facility,FAC-054,works_at,2022-05-11,enrollment
REL-000866,provider,PRV-713,facility,FAC-108,works_at,2017-08-03,enrollment
REL-000867,provider,PRV-714,facility,FAC-056,works_at,2019-08-18,enrollment
REL-000868,provider,PRV-714,facility,FAC-004,works_at,2019-08-18,enrollment
REL-000869,provider,PRV-715,facility,FAC-255,works_at,2024-03-11,enrollment
REL-000870,provider,PRV-715,facility,FAC-100,works_at,2024-03-11,enrollment
REL-000871,provider,PRV-716,facility,FAC-083,works_at,2023-07-22,enrollment
REL-000872,provider,PRV-717,facility,FAC-171,works_at,2021-12-31,enrollment
REL-000873,provider,PRV-718,facility,FAC-178,works_at,2023-03-24,enrollment
REL-000874,provider,PRV-719,facility,FAC-245,works_at,2018-08-09,enrollment
REL-000875,provider,PRV-720,facility,FAC-120,works_at,2021-07-02,enrollment
REL-000876,provider,PRV-721,facility,FAC-237,works_at,2019-11-12,enrollment
REL-000877,provider,PRV-722,facility,FAC-034,works_at,2019-04-17,enrollment
REL-000878,provider,PRV-723,facility,FAC-256,works_at,2022-09-29,enrollment
REL-000879,provider,PRV-724,facility,FAC-153,works_at,2019-07-02,enrollment
REL-000880,provider,PRV-725,facility,FAC-044,works_at,2018-11-06,enrollment
REL-000881,provider,PRV-725,facility,FAC-210,works_at,2018-11-06,enrollment
REL-000882,provider,PRV-726,facility,FAC-204,works_at,2023-01-01,enrollment
REL-000883,provider,PRV-727,facility,FAC-164,works_at,2021-02-23,enrollment
REL-000884,provider,PRV-728,facility,FAC-204,works_at,2018-01-02,enrollment
REL-000885,provider,PRV-729,facility,FAC-176,works_at,2019-10-19,enrollment
REL-000886,provider,PRV-730,facility,FAC-120,works_at,2018-07-19,enrollment
REL-000887,provider,PRV-731,facility,FAC-189,works_at,2020-10-16,enrollment
REL-000888,provider,PRV-732,facility,FAC-220,works_at,2017-09-04,enrollment
REL-000889,provider,PRV-733,facility,FAC-035,works_at,2019-01-18,enrollment
REL-000890,provider,PRV-734,facility,FAC-150,works_at,2022-11-27,enrollment
REL-000891,provider,PRV-735,facility,FAC-007,works_at,2020-10-25,enrollment
REL-000892,provider,PRV-736,facility,FAC-132,works_at,2020-03-28,enrollment
REL-000893,provider,PRV-737,facility,FAC-075,works_at,2024-04-08,enrollment
REL-000894,provider,PRV-738,facility,FAC-208,works_at,2018-01-15,enrollment
REL-000895,provider,PRV-738,facility,FAC-201,works_at,2018-01-15,enrollment
REL-000896,provider,PRV-739,facility,FAC-160,works_at,2021-08-05,enrollment
REL-000897,provider,PRV-740,facility,FAC-153,works_at,2017-12-21,enrollment
REL-000898,provider,PRV-740,facility,FAC-113,works_at,2017-12-21,enrollment
REL-000899,provider,PRV-741,facility,FAC-187,works_at,2022-10-13,enrollment
REL-000900,provider,PRV-742,facility,FAC-210,works_at,2017-08-07,enrollment
REL-000901,provider,PRV-743,facility,FAC-133,works_at,2019-11-09,enrollment
REL-000902,provider,PRV-743,facility,FAC-004,works_at,2019-11-09,enrollment
REL-000903,provider,PRV-744,facility,FAC-174,works_at,2021-03-16,enrollment
REL-000904,provider,PRV-745,facility,FAC-001,works_at,2020-01-20,enrollment
REL-000905,provider,PRV-746,facility,FAC-041,works_at,2023-12-05,enrollment
REL-000906,provider,PRV-747,facility,FAC-069,works_at,2021-04-27,enrollment
REL-000907,provider,PRV-748,facility,FAC-220,works_at,2018-11-24,enrollment
REL-000908,provider,PRV-749,facility,FAC-001,works_at,2023-09-24,enrollment
REL-000909,provider,PRV-750,facility,FAC-092,works_at,2017-06-23,enrollment
REL-000910,provider,PRV-751,facility,FAC-162,works_at,2023-09-10,enrollment
REL-000911,provider,PRV-752,facility,FAC-189,works_at,2019-04-23,enrollment
REL-000912,provider,PRV-753,facility,FAC-153,works_at,2022-10-21,enrollment
REL-000913,provider,PRV-753,facility,FAC-027,works_at,2022-10-21,enrollment
REL-000914,provider,PRV-754,facility,FAC-215,works_at,2019-05-27,enrollment
REL-000915,provider,PRV-755,facility,FAC-248,works_at,2020-05-21,enrollment
REL-000916,provider,PRV-756,facility,FAC-228,works_at,2022-12-16,enrollment
REL-000917,provider,PRV-756,facility,FAC-094,works_at,2022-12-16,enrollment
REL-000918,provider,PRV-757,facility,FAC-143,works_at,2021-04-28,enrollment
REL-000919,provider,PRV-758,facility,FAC-258,works_at,2021-12-13,enrollment
REL-000920,provider,PRV-759,facility,FAC-113,works_at,2022-04-01,enrollment
REL-000921,provider,PRV-760,facility,FAC-241,works_at,2021-06-07,enrollment
REL-000922,provider,PRV-761,facility,FAC-034,works_at,2024-05-16,enrollment
REL-000923,provider,PRV-762,facility,FAC-209,works_at,2023-05-14,enrollment
REL-000924,provider,PRV-763,facility,FAC-019,works_at,2019-08-09,enrollment
REL-000925,provider,PRV-764,facility,FAC-234,works_at,2020-10-17,enrollment
REL-000926,provider,PRV-765,facility,FAC-048,works_at,2020-12-21,enrollment
REL-000927,provider,PRV-766,facility,FAC-056,works_at,2021-03-01,enrollment
REL-000928,provider,PRV-767,facility,FAC-160,works_at,2023-12-10,enrollment
REL-000929,provider,PRV-768,facility,FAC-077,works_at,2024-07-19,enrollment
REL-000930,provider,PRV-768,facility,FAC-224,works_at,2024-07-19,enrollment
REL-000931,provider,PRV-769,facility,FAC-086,works_at,2018-07-09,enrollment
REL-000932,provider,PRV-769,facility,FAC-225,works_at,2018-07-09,enrollment
REL-000933,provider,PRV-770,facility,FAC-047,works_at,2021-05-05,enrollment
REL-000934,provider,PRV-771,facility,FAC-161,works_at,2019-11-15,enrollment
REL-000935,provider,PRV-772,facility,FAC-187,works_at,2019-07-20,enrollment
REL-000936,provider,PRV-773,facility,FAC-110,works_at,2023-05-05,enrollment
REL-000937,provider,PRV-774,facility,FAC-097,works_at,2021-12-22,enrollment
REL-000938,provider,PRV-774,facility,FAC-183,works_at,2021-12-22,enrollment
REL-000939,provider,PRV-775,facility,FAC-031,works_at,2017-09-06,enrollment
REL-000940,provider,PRV-776,facility,FAC-252,works_at,2021-04-06,enrollment
REL-000941,provider,PRV-776,facility,FAC-133,works_at,2021-04-06,enrollment
REL-000942,provider,PRV-777,facility,FAC-200,works_at,2018-05-11,enrollment
REL-000943,provider,PRV-778,facility,FAC-201,works_at,2017-01-19,enrollment
REL-000944,provider,PRV-779,facility,FAC-083,works_at,2022-05-02,enrollment
REL-000945,provider,PRV-779,facility,FAC-057,works_at,2022-05-02,enrollment
REL-000946,provider,PRV-780,facility,FAC-153,works_at,2022-10-06,enrollment
REL-000947,provider,PRV-780,facility,FAC-007,works_at,2022-10-06,enrollment
REL-000948,provider,PRV-781,facility,FAC-145,works_at,2020-03-16,enrollment
REL-000949,provider,PRV-782,facility,FAC-208,works_at,2020-08-28,enrollment
REL-000950,provider,PRV-782,facility,FAC-075,works_at,2020-08-28,enrollment
REL-000951,provider,PRV-783,facility,FAC-231,works_at,2023-11-09,enrollment
REL-000952,provider,PRV-784,facility,FAC-103,works_at,2019-11-16,enrollment
REL-000953,provider,PRV-785,facility,FAC-032,works_at,2021-11-11,enrollment
REL-000954,provider,PRV-786,facility,FAC-135,works_at,2018-12-26,enrollment
REL-000955,provider,PRV-787,facility,FAC-210,works_at,2020-10-04,enrollment
REL-000956,provider,PRV-788,facility,FAC-253,works_at,2023-09-07,enrollment
REL-000957,provider,PRV-788,facility,FAC-155,works_at,2023-09-07,enrollment
REL-000958,provider,PRV-789,facility,FAC-007,works_at,2020-01-22,enrollment
REL-000959,provider,PRV-790,facility,FAC-037,works_at,2019-12-07,enrollment
REL-000960,provider,PRV-791,facility,FAC-015,works_at,2021-02-06,enrollment
REL-000961,provider,PRV-791,facility,FAC-211,works_at,2021-02-06,enrollment
REL-000962,provider,PRV-792,facility,FAC-180,works_at,2019-06-28,enrollment
REL-000963,provider,PRV-793,facility,FAC-029,works_at,2024-08-30,enrollment
REL-000964,provider,PRV-794,facility,FAC-118,works_at,2022-01-05,enrollment
REL-000965,provider,PRV-795,facility,FAC-173,works_at,2023-05-11,enrollment
REL-000966,provider,PRV-796,facility,FAC-121,works_at,2021-06-12,enrollment
REL-000967,provider,PRV-797,facility,FAC-211,works_at,2021-09-02,enrollment
REL-000968,provider,PRV-797,facility,FAC-217,works_at,2021-09-02,enrollment
REL-000969,provider,PRV-798,facility,FAC-089,works_at,2022-07-29,enrollment
REL-000970,provider,PRV-799,facility,FAC-244,works_at,2021-07-03,enrollment
REL-000971,provider,PRV-800,facility,FAC-254,works_at,2020-12-31,enrollment
REL-000972,provider,PRV-801,facility,FAC-121,works_at,2017-02-05,enrollment
REL-000973,provider,PRV-802,facility,FAC-149,works_at,2023-02-06,enrollment
REL-000974,provider,PRV-803,facility,FAC-156,works_at,2017-01-14,enrollment
REL-000975,provider,PRV-804,facility,FAC-252,works_at,2019-06-01,enrollment
REL-000976,provider,PRV-805,facility,FAC-207,works_at,2017-09-15,enrollment
REL-000977,provider,PRV-806,facility,FAC-101,works_at,2022-09-14,enrollment
REL-000978,provider,PRV-807,facility,FAC-153,works_at,2024-03-05,enrollment
REL-000979,provider,PRV-808,facility,FAC-204,works_at,2017-04-01,enrollment
REL-000980,provider,PRV-809,facility,FAC-172,works_at,2018-01-06,enrollment
REL-000981,provider,PRV-810,facility,FAC-229,works_at,2022-08-24,enrollment
REL-000982,provider,PRV-811,facility,FAC-051,works_at,2022-08-09,enrollment
REL-000983,provider,PRV-812,facility,FAC-258,works_at,2021-11-20,enrollment
REL-000984,provider,PRV-812,facility,FAC-214,works_at,2021-11-20,enrollment
REL-000985,provider,PRV-813,facility,FAC-004,works_at,2021-11-04,enrollment
REL-000986,provider,PRV-814,facility,FAC-205,works_at,2024-05-06,enrollment
REL-000987,provider,PRV-815,facility,FAC-233,works_at,2017-03-07,enrollment
REL-000988,provider,PRV-816,facility,FAC-159,works_at,2020-09-15,enrollment
REL-000989,provider,PRV-817,facility,FAC-103,works_at,2018-07-10,enrollment
REL-000990,provider,PRV-818,facility,FAC-068,works_at,2019-03-25,enrollment
REL-000991,provider,PRV-819,facility,FAC-074,works_at,2019-06-09,enrollment
REL-000992,provider,PRV-819,facility,FAC-221,works_at,2019-06-09,enrollment
REL-000993,provider,PRV-820,facility,FAC-039,works_at,2017-06-18,enrollment
REL-000994,provider,PRV-821,facility,FAC-093,works_at,2022-12-07,enrollment
REL-000995,provider,PRV-822,facility,FAC-063,works_at,2018-06-25,enrollment
REL-000996,provider,PRV-823,facility,FAC-086,works_at,2018-01-14,enrollment
REL-000997,provider,PRV-824,facility,FAC-157,works_at,2018-11-27,enrollment
REL-000998,provider,PRV-825,facility,FAC-243,works_at,2021-12-03,enrollment
REL-000999,provider,PRV-825,facility,FAC-222,works_at,2021-12-03,enrollment
REL-001000,provider,PRV-826,facility,FAC-058,works_at,2022-08-11,enrollment
REL-001001,provider,PRV-827,facility,FAC-207,works_at,2022-07-27,enrollment
REL-001002,provider,PRV-828,facility,FAC-208,works_at,2022-06-22,enrollment
REL-001003,provider,PRV-829,facility,FAC-222,works_at,2019-10-08,enrollment
REL-001004,provider,PRV-830,facility,FAC-107,works_at,2019-08-20,enrollment
REL-001005,provider,PRV-831,facility,FAC-115,works_at,2022-03-17,enrollment
REL-001006,provider,PRV-832,facility,FAC-048,works_at,2020-10-13,enrollment
REL-001007,provider,PRV-833,facility,FAC-101,works_at,2022-07-31,enrollment
REL-001008,provider,PRV-834,facility,FAC-219,works_at,2024-06-21,enrollment
REL-001009,provider,PRV-834,facility,FAC-105,works_at,2024-06-21,enrollment
REL-001010,provider,PRV-835,facility,FAC-192,works_at,2021-03-31,enrollment
REL-001011,provider,PRV-836,facility,FAC-073,works_at,2019-03-13,enrollment
REL-001012,provider,PRV-837,facility,FAC-123,works_at,2021-06-28,enrollment
REL-001013,provider,PRV-838,facility,FAC-197,works_at,2018-04-20,enrollment
REL-001014,provider,PRV-839,facility,FAC-027,works_at,2020-02-26,enrollment
REL-001015,provider,PRV-840,facility,FAC-253,works_at,2021-07-24,enrollment
REL-001016,provider,PRV-841,facility,FAC-226,works_at,2022-10-20,enrollment
REL-001017,provider,PRV-842,facility,FAC-140,works_at,2020-09-03,enrollment
REL-001018,provider,PRV-843,facility,FAC-103,works_at,2021-05-19,enrollment
REL-001019,provider,PRV-844,facility,FAC-104,works_at,2019-10-12,enrollment
REL-001020,provider,PRV-845,facility,FAC-024,works_at,2018-09-19,enrollment
REL-001021,provider,PRV-846,facility,FAC-174,works_at,2023-10-24,enrollment
REL-001022,provider,PRV-847,facility,FAC-035,works_at,2023-05-23,enrollment
REL-001023,provider,PRV-848,facility,FAC-032,works_at,2021-08-16,enrollment
REL-001024,provider,PRV-848,facility,FAC-140,works_at,2021-08-16,enrollment
REL-001025,provider,PRV-849,facility,FAC-222,works_at,2024-03-21,enrollment
REL-001026,provider,PRV-850,facility,FAC-014,works_at,2023-06-30,enrollment
REL-001027,provider,PRV-851,facility,FAC-009,works_at,2023-07-10,enrollment
REL-001028,provider,PRV-852,facility,FAC-218,works_at,2019-05-16,enrollment
REL-001029,provider,PRV-853,facility,FAC-054,works_at,2024-02-01,enrollment
REL-001030,provider,PRV-853,facility,FAC-247,works_at,2024-02-01,enrollment
REL-001031,provider,PRV-854,facility,FAC-184,works_at,2021-03-12,enrollment
REL-001032,provider,PRV-855,facility,FAC-222,works_at,2018-11-04,enrollment
REL-001033,provider,PRV-855,facility,FAC-253,works_at,2018-11-04,enrollment
REL-001034,provider,PRV-856,facility,FAC-084,works_at,2018-03-22,enrollment
REL-001035,provider,PRV-857,facility,FAC-134,works_at,2018-07-01,enrollment
REL-001036,provider,PRV-858,facility,FAC-006,works_at,2023-04-19,enrollment
REL-001037,provider,PRV-859,facility,FAC-120,works_at,2017-07-20,enrollment
REL-001038,provider,PRV-860,facility,FAC-001,works_at,2024-01-13,enrollment
REL-001039,provider,PRV-860,facility,FAC-058,works_at,2024-01-13,enrollment
REL-001040,provider,PRV-861,facility,FAC-172,works_at,2023-03-13,enrollment
REL-001041,provider,PRV-862,facility,FAC-114,works_at,2023-10-26,enrollment
REL-001042,provider,PRV-862,facility,FAC-244,works_at,2023-10-26,enrollment
REL-001043,provider,PRV-863,facility,FAC-153,works_at,2024-04-28,enrollment
REL-001044,provider,PRV-864,facility,FAC-093,works_at,2022-05-24,enrollment
REL-001045,provider,PRV-865,facility,FAC-161,works_at,2023-12-19,enrollment
REL-001046,provider,PRV-866,facility,FAC-245,works_at,2017-05-29,enrollment
REL-001047,provider,PRV-866,facility,FAC-085,works_at,2017-05-29,enrollment
REL-001048,provider,PRV-867,facility,FAC-252,works_at,2022-10-09,enrollment
REL-001049,provider,PRV-868,facility,FAC-003,works_at,2024-02-22,enrollment
REL-001050,provider,PRV-869,facility,FAC-022,works_at,2019-03-22,enrollment
REL-001051,provider,PRV-870,facility,FAC-213,works_at,2017-06-24,enrollment
REL-001052,provider,PRV-871,facility,FAC-057,works_at,2018-09-28,enrollment
REL-001053,provider,PRV-872,facility,FAC-059,works_at,2017-11-16,enrollment
REL-001054,provider,PRV-873,facility,FAC-015,works_at,2020-06-15,enrollment
REL-001055,provider,PRV-874,facility,FAC-027,works_at,2021-10-15,enrollment
REL-001056,provider,PRV-875,facility,FAC-019,works_at,2020-06-30,enrollment
REL-001057,provider,PRV-876,facility,FAC-007,works_at,2024-01-10,enrollment
REL-001058,provider,PRV-876,facility,FAC-211,works_at,2024-01-10,enrollment
REL-001059,provider,PRV-877,facility,FAC-001,works_at,2017-09-06,enrollment
REL-001060,provider,PRV-878,facility,FAC-257,works_at,2020-05-26,enrollment
REL-001061,provider,PRV-879,facility,FAC-034,works_at,2023-07-22,enrollment
REL-001062,provider,PRV-880,facility,FAC-145,works_at,2020-09-27,enrollment
REL-001063,provider,PRV-881,facility,FAC-031,works_at,2024-05-12,enrollment
REL-001064,provider,PRV-882,facility,FAC-259,works_at,2024-05-02,enrollment
REL-001065,provider,PRV-882,facility,FAC-017,works_at,2024-05-02,enrollment
REL-001066,provider,PRV-883,facility,FAC-001,works_at,2017-08-31,enrollment
REL-001067,provider,PRV-884,facility,FAC-012,works_at,2021-01-22,enrollment
REL-001068,provider,PRV-884,facility,FAC-156,works_at,2021-01-22,enrollment
REL-001069,provider,PRV-885,facility,FAC-208,works_at,2021-05-04,enrollment
REL-001070,provider,PRV-885,facility,FAC-140,works_at,2021-05-04,enrollment
REL-001071,provider,PRV-886,facility,FAC-128,works_at,2023-01-10,enrollment
REL-001072,provider,PRV-887,facility,FAC-065,works_at,2019-03-13,enrollment
REL-001073,provider,PRV-888,facility,FAC-123,works_at,2018-09-23,enrollment
REL-001074,provider,PRV-888,facility,FAC-088,works_at,2018-09-23,enrollment
REL-001075,provider,PRV-889,facility,FAC-029,works_at,2021-12-14,enrollment
REL-001076,provider,PRV-890,facility,FAC-115,works_at,2022-02-01,enrollment
REL-001077,provider,PRV-891,facility,FAC-122,works_at,2022-07-07,enrollment
REL-001078,provider,PRV-892,facility,FAC-103,works_at,2021-09-02,enrollment
REL-001079,provider,PRV-893,facility,FAC-069,works_at,2021-11-11,enrollment
REL-001080,provider,PRV-894,facility,FAC-056,works_at,2018-06-01,enrollment
REL-001081,provider,PRV-894,facility,FAC-228,works_at,2018-06-01,enrollment
REL-001082,provider,PRV-895,facility,FAC-052,works_at,2022-03-20,enrollment
REL-001083,provider,PRV-896,facility,FAC-064,works_at,2018-11-04,enrollment
REL-001084,provider,PRV-897,facility,FAC-118,works_at,2021-04-25,enrollment
REL-001085,provider,PRV-898,facility,FAC-176,works_at,2022-06-21,enrollment
REL-001086,provider,PRV-899,facility,FAC-191,works_at,2018-08-16,enrollment
REL-001087,provider,PRV-899,facility,FAC-247,works_at,2018-08-16,enrollment
REL-001088,provider,PRV-900,facility,FAC-151,works_at,2017-10-31,enrollment
REL-001089,provider,PRV-901,facility,FAC-150,works_at,2020-12-12,enrollment
REL-001090,provider,PRV-902,facility,FAC-063,works_at,2022-05-14,enrollment
REL-001091,provider,PRV-902,facility,FAC-039,works_at,2022-05-14,enrollment
REL-001092,provider,PRV-903,facility,FAC-133,works_at,2019-01-08,enrollment
REL-001093,provider,PRV-904,facility,FAC-194,works_at,2018-09-26,enrollment
REL-001094,provider,PRV-905,facility,FAC-235,works_at,2024-07-26,enrollment
REL-001095,provider,PRV-906,facility,FAC-146,works_at,2019-05-13,enrollment
REL-001096,provider,PRV-907,facility,FAC-241,works_at,2023-09-12,enrollment
REL-001097,provider,PRV-908,facility,FAC-162,works_at,2023-06-29,enrollment
REL-001098,provider,PRV-909,facility,FAC-085,works_at,2023-06-10,enrollment
REL-001099,provider,PRV-910,facility,FAC-202,works_at,2022-10-05,enrollment
REL-001100,provider,PRV-911,facility,FAC-187,works_at,2023-08-31,enrollment
REL-001101,provider,PRV-912,facility,FAC-160,works_at,2024-01-04,enrollment
REL-001102,provider,PRV-913,facility,FAC-094,works_at,2021-12-09,enrollment
REL-001103,provider,PRV-914,facility,FAC-055,works_at,2018-03-15,enrollment
REL-001104,provider,PRV-915,facility,FAC-233,works_at,2019-03-27,enrollment
REL-001105,provider,PRV-916,facility,FAC-146,works_at,2022-08-26,enrollment
REL-001106,provider,PRV-917,facility,FAC-031,works_at,2021-02-21,enrollment
REL-001107,provider,PRV-918,facility,FAC-103,works_at,2021-07-29,enrollment
REL-001108,provider,PRV-918,facility,FAC-159,works_at,2021-07-29,enrollment
REL-001109,provider,PRV-919,facility,FAC-041,works_at,2023-04-09,enrollment
REL-001110,provider,PRV-920,facility,FAC-227,works_at,2018-08-06,enrollment
REL-001111,provider,PRV-921,facility,FAC-035,works_at,2021-03-04,enrollment
REL-001112,provider,PRV-922,facility,FAC-245,works_at,2017-10-18,enrollment
REL-001113,provider,PRV-923,facility,FAC-152,works_at,2022-12-04,enrollment
REL-001114,provider,PRV-924,facility,FAC-022,works_at,2018-08-27,enrollment
REL-001115,provider,PRV-925,facility,FAC-131,works_at,2021-03-23,enrollment
REL-001116,provider,PRV-926,facility,FAC-231,works_at,2019-04-03,enrollment
REL-001117,provider,PRV-927,facility,FAC-158,works_at,2021-01-07,enrollment
REL-001118,provider,PRV-927,facility,FAC-068,works_at,2021-01-07,enrollment
REL-001119,provider,PRV-928,facility,FAC-243,works_at,2018-05-28,enrollment
REL-001120,provider,PRV-929,facility,FAC-168,works_at,2024-03-14,enrollment
REL-001121,provider,PRV-930,facility,FAC-012,works_at,2020-02-04,enrollment
REL-001122,provider,PRV-931,facility,FAC-075,works_at,2017-12-13,enrollment
REL-001123,provider,PRV-932,facility,FAC-160,works_at,2024-01-17,enrollment
REL-001124,provider,PRV-933,facility,FAC-058,works_at,2022-11-14,enrollment
REL-001125,provider,PRV-934,facility,FAC-237,works_at,2022-04-10,enrollment
REL-001126,provider,PRV-935,facility,FAC-124,works_at,2017-04-27,enrollment
REL-001127,provider,PRV-935,facility,FAC-036,works_at,2017-04-27,enrollment
REL-001128,provider,PRV-936,facility,FAC-158,works_at,2021-09-10,enrollment
REL-001129,provider,PRV-937,facility,FAC-207,works_at,2018-02-15,enrollment
REL-001130,provider,PRV-937,facility,FAC-159,works_at,2018-02-15,enrollment
REL-001131,provider,PRV-938,facility,FAC-099,works_at,2017-05-02,enrollment
REL-001132,provider,PRV-939,facility,FAC-244,works_at,2023-11-05,enrollment
REL-001133,provider,PRV-939,facility,FAC-009,works_at,2023-11-05,enrollment
REL-001134,provider,PRV-940,facility,FAC-133,works_at,2020-12-01,enrollment
REL-001135,provider,PRV-941,facility,FAC-097,works_at,2018-08-29,enrollment
REL-001136,provider,PRV-942,facility,FAC-109,works_at,2017-07-10,enrollment
REL-001137,provider,PRV-943,facility,FAC-021,works_at,2022-10-05,enrollment
REL-001138,provider,PRV-943,facility,FAC-229,works_at,2022-10-05,enrollment
REL-001139,provider,PRV-944,facility,FAC-258,works_at,2020-12-31,enrollment
REL-001140,provider,PRV-945,facility,FAC-191,works_at,2021-06-10,enrollment
REL-001141,provider,PRV-945,facility,FAC-201,works_at,2021-06-10,enrollment
REL-001142,provider,PRV-946,facility,FAC-102,works_at,2024-04-15,enrollment
REL-001143,provider,PRV-947,facility,FAC-066,works_at,2017-09-06,enrollment
REL-001144,provider,PRV-948,facility,FAC-101,works_at,2020-10-11,enrollment
REL-001145,provider,PRV-949,facility,FAC-253,works_at,2024-04-15,enrollment
REL-001146,provider,PRV-949,facility,FAC-224,works_at,2024-04-15,enrollment
REL-001147,provider,PRV-950,facility,FAC-133,works_at,2021-01-07,enrollment
REL-001148,provider,PRV-951,facility,FAC-031,works_at,2023-03-08,enrollment
REL-001149,provider,PRV-952,facility,FAC-094,works_at,2024-03-25,enrollment
REL-001150,provider,PRV-953,facility,FAC-042,works_at,2022-12-31,enrollment
REL-001151,provider,PRV-954,facility,FAC-159,works_at,2019-07-05,enrollment
REL-001152,provider,PRV-954,facility,FAC-207,works_at,2019-07-05,enrollment
REL-001153,provider,PRV-955,facility,FAC-123,works_at,2020-03-19,enrollment
REL-001154,provider,PRV-956,facility,FAC-144,works_at,2020-09-20,enrollment
REL-001155,provider,PRV-957,facility,FAC-225,works_at,2021-03-07,enrollment
REL-001156,provider,PRV-958,facility,FAC-012,works_at,2018-04-26,enrollment
REL-001157,provider,PRV-958,facility,FAC-081,works_at,2018-04-26,enrollment
REL-001158,provider,PRV-959,facility,FAC-176,works_at,2017-08-09,enrollment
REL-001159,provider,PRV-960,facility,FAC-029,works_at,2021-03-03,enrollment
REL-001160,provider,PRV-961,facility,FAC-210,works_at,2020-07-25,enrollment
REL-001161,provider,PRV-962,facility,FAC-004,works_at,2021-12-22,enrollment
REL-001162,provider,PRV-963,facility,FAC-095,works_at,2020-04-16,enrollment
REL-001163,provider,PRV-964,facility,FAC-066,works_at,2023-10-06,enrollment
REL-001164,provider,PRV-965,facility,FAC-109,works_at,2023-02-05,enrollment
REL-001165,provider,PRV-966,facility,FAC-226,works_at,2019-11-14,enrollment
REL-001166,provider,PRV-967,facility,FAC-248,works_at,2019-11-16,enrollment
REL-001167,provider,PRV-968,facility,FAC-114,works_at,2024-01-08,enrollment
REL-001168,provider,PRV-969,facility,FAC-101,works_at,2017-07-02,enrollment
REL-001169,provider,PRV-970,facility,FAC-054,works_at,2017-07-28,enrollment
REL-001170,provider,PRV-971,facility,FAC-015,works_at,2022-03-17,enrollment
REL-001171,provider,PRV-972,facility,FAC-039,works_at,2017-12-16,enrollment
REL-001172,provider,PRV-972,facility,FAC-260,works_at,2017-12-16,enrollment
REL-001173,provider,PRV-973,facility,FAC-123,works_at,2017-05-13,enrollment
REL-001174,provider,PRV-974,facility,FAC-239,works_at,2024-02-24,enrollment
REL-001175,provider,PRV-975,facility,FAC-255,works_at,2021-12-13,enrollment
REL-001176,provider,PRV-975,facility,FAC-210,works_at,2021-12-13,enrollment
REL-001177,provider,PRV-976,facility,FAC-113,works_at,2019-12-07,enrollment
REL-001178,provider,PRV-977,facility,FAC-098,works_at,2021-08-22,enrollment
REL-001179,provider,PRV-978,facility,FAC-054,works_at,2018-12-22,enrollment
REL-001180,provider,PRV-978,facility,FAC-174,works_at,2018-12-22,enrollment
REL-001181,provider,PRV-979,facility,FAC-249,works_at,2022-09-26,enrollment
REL-001182,provider,PRV-980,facility,FAC-239,works_at,2018-12-09,enrollment
REL-001183,provider,PRV-981,facility,FAC-118,works_at,2024-09-03,enrollment
REL-001184,provider,PRV-982,facility,FAC-245,works_at,2018-01-01,enrollment
REL-001185,provider,PRV-983,facility,FAC-128,works_at,2023-11-10,enrollment
REL-001186,provider,PRV-984,facility,FAC-084,works_at,2021-07-29,enrollment
REL-001187,provider,PRV-984,facility,FAC-229,works_at,2021-07-29,enrollment
REL-001188,provider,PRV-985,facility,FAC-127,works_at,2020-03-23,enrollment
REL-001189,provider,PRV-986,facility,FAC-247,works_at,2021-04-11,enrollment
REL-001190,provider,PRV-987,facility,FAC-090,works_at,2021-05-25,enrollment
REL-001191,provider,PRV-988,facility,FAC-169,works_at,2021-04-03,enrollment
REL-001192,provider,PRV-989,facility,FAC-138,works_at,2019-09-27,enrollment
REL-001193,provider,PRV-990,facility,FAC-098,works_at,2018-06-15,enrollment
REL-001194,provider,PRV-991,facility,FAC-181,works_at,2018-11-06,enrollment
REL-001195,provider,PRV-992,facility,FAC-086,works_at,2021-12-20,enrollment
REL-001196,provider,PRV-992,facility,FAC-007,works_at,2021-12-20,enrollment
REL-001197,provider,PRV-993,facility,FAC-017,works_at,2024-04-29,enrollment
REL-001198,provider,PRV-993,facility,FAC-186,works_at,2024-04-29,enrollment
REL-001199,provider,PRV-994,facility,FAC-237,works_at,2019-08-01,enrollment
REL-001200,provider,PRV-995,facility,FAC-100,works_at,2017-07-01,enrollment
REL-001201,provider,PRV-996,facility,FAC-043,works_at,2021-10-28,enrollment
REL-001202,provider,PRV-996,facility,FAC-094,works_at,2021-10-28,enrollment
REL-001203,provider,PRV-997,facility,FAC-142,works_at,2019-07-15,enrollment
REL-001204,provider,PRV-998,facility,FAC-074,works_at,2021-01-10,enrollment
REL-001205,provider,PRV-998,facility,FAC-194,works_at,2021-01-10,enrollment
REL-001206,provider,PRV-999,facility,FAC-254,works_at,2017-03-21,enrollment
REL-001207,provider,PRV-1000,facility,FAC-122,works_at,2023-03-06,enrollment
REL-001208,provider,PRV-664,facility,FAC-205,works_at,2025-11-11,scenario
REL-001209,provider,PRV-439,facility,FAC-120,works_at,2026-03-10,scenario
REL-001210,provider,PRV-846,facility,FAC-004,works_at,2026-03-14,scenario
REL-001211,provider,PRV-102,facility,FAC-044,works_at,2026-03-01,hero_scenario
REL-001212,provider,PRV-102,facility,FAC-051,works_at,2026-03-01,hero_scenario
REL-001213,provider,PRV-104,facility,FAC-012,works_at,2026-03-01,hero_scenario
REL-001214,provider,PRV-105,facility,FAC-012,works_at,2026-04-01,hero_scenario
REL-001215,provider,PRV-410,facility,FAC-012,works_at,2026-03-01,hero_scenario
REL-001216,provider,PRV-102,provider,PRV-103,associated_with,2026-03-01,hero_scenario
REL-001217,provider,PRV-102,provider,PRV-104,associated_with,2026-03-01,hero_scenario
REL-001218,provider,PRV-102,provider,PRV-105,associated_with,2026-05-01,hero_scenario
REL-001219,provider,PRV-103,provider,PRV-104,associated_with,2026-04-01,hero_scenario
REL-001220,provider,PRV-104,provider,PRV-105,associated_with,2026-05-01,hero_scenario
REL-001221,provider,PRV-102,provider,PRV-410,associated_with,2026-01-01,hero_scenario
REL-001222,provider,PRV-102,provider,PRV-433,associated_with,2026-07-14,hero_scenario
REL-001223,provider,PRV-102,provider,PRV-246,associated_with,2026-09-01,hero_scenario
REL-001224,provider,PRV-102,provider,PRV-513,associated_with,2026-08-01,hero_scenario
REL-001225,provider,PRV-102,provider,PRV-961,associated_with,2026-07-14,hero_scenario
REL-001226,provider,PRV-102,provider,PRV-031,associated_with,2026-07-14,hero_scenario
REL-001227,provider,PRV-102,provider,PRV-812,associated_with,2026-08-01,hero_scenario
REL-001228,provider,PRV-102,provider,PRV-225,associated_with,2026-07-14,hero_scenario
REL-001229,provider,PRV-102,provider,PRV-561,associated_with,2026-08-01,hero_scenario
REL-001230,provider,PRV-102,provider,PRV-287,associated_with,2026-08-01,hero_scenario
REL-001231,provider,PRV-102,provider,PRV-542,associated_with,2026-09-01,hero_scenario
REL-001232,provider,PRV-102,provider,PRV-148,associated_with,2026-08-01,hero_scenario
REL-001233,provider,PRV-601,facility,FAC-150,works_at,2026-01-01,ring_b
REL-001234,provider,PRV-602,facility,FAC-150,works_at,2026-01-01,ring_b
REL-001235,provider,PRV-603,facility,FAC-150,works_at,2026-01-01,ring_b
REL-001236,provider,PRV-604,facility,FAC-150,works_at,2026-01-01,ring_b
REL-001237,provider,PRV-605,facility,FAC-150,works_at,2026-01-01,ring_b
REL-001238,provider,PRV-601,provider,PRV-602,associated_with,2026-01-01,ring_b
REL-001239,provider,PRV-602,provider,PRV-603,associated_with,2026-01-01,ring_b
REL-001240,provider,PRV-603,provider,PRV-604,associated_with,2026-01-01,ring_b
REL-001241,provider,PRV-604,provider,PRV-605,associated_with,2026-01-01,ring_b
REL-001242,provider,PRV-605,provider,PRV-601,associated_with,2026-01-01,ring_b
REL-001243,provider,PRV-601,provider,PRV-007,associated_with,2026-04-01,ring_b
REL-001244,provider,PRV-602,provider,PRV-009,associated_with,2026-05-01,ring_b
REL-001245,provider,PRV-603,provider,PRV-010,associated_with,2026-06-01,ring_b
REL-001246,provider,PRV-604,provider,PRV-018,associated_with,2026-04-01,ring_b
REL-001247,provider,PRV-605,provider,PRV-020,associated_with,2026-05-01,ring_b
REL-001248,provider,PRV-601,provider,PRV-022,associated_with,2026-06-01,ring_b
REL-001249,provider,PRV-088,facility,FAC-030,works_at,2025-05-01,hist_ring
REL-001250,provider,PRV-089,facility,FAC-030,works_at,2025-05-01,hist_ring
REL-001251,provider,PRV-087,provider,PRV-088,associated_with,2025-06-01,hist_ring
REL-001252,provider,PRV-087,provider,PRV-089,associated_with,2025-06-01,hist_ring
REL-001253,provider,PRV-088,provider,PRV-089,associated_with,2025-07-01,hist_ring
REL-001254,provider,PRV-087,provider,PRV-085,associated_with,2025-05-01,hist_ring
REL-001255,provider,PRV-862,provider,PRV-808,associated_with,2024-03-28,practice_group
REL-001256,provider,PRV-868,provider,PRV-009,associated_with,2020-11-17,practice_group
REL-001257,provider,PRV-593,provider,PRV-501,associated_with,2020-04-01,practice_group
REL-001258,provider,PRV-736,provider,PRV-610,associated_with,2023-02-23,practice_group
REL-001259,provider,PRV-219,provider,PRV-866,associated_with,2023-12-17,practice_group
REL-001260,provider,PRV-668,provider,PRV-952,associated_with,2022-01-08,practice_group
REL-001261,provider,PRV-911,provider,PRV-336,associated_with,2019-12-14,practice_group
REL-001262,provider,PRV-603,provider,PRV-261,associated_with,2022-07-29,practice_group
REL-001263,provider,PRV-903,provider,PRV-434,associated_with,2019-12-27,practice_group
REL-001264,provider,PRV-677,provider,PRV-453,associated_with,2022-10-20,practice_group
REL-001265,provider,PRV-301,provider,PRV-593,associated_with,2022-08-10,practice_group
REL-001266,provider,PRV-949,provider,PRV-653,associated_with,2024-03-28,practice_group
REL-001267,provider,PRV-494,provider,PRV-923,associated_with,2020-03-04,practice_group
REL-001268,provider,PRV-215,provider,PRV-051,associated_with,2020-05-13,practice_group
REL-001269,provider,PRV-605,provider,PRV-183,associated_with,2020-12-26,practice_group
REL-001270,provider,PRV-494,provider,PRV-664,associated_with,2024-03-30,practice_group
REL-001271,provider,PRV-624,provider,PRV-611,associated_with,2024-09-10,practice_group
REL-001272,provider,PRV-909,provider,PRV-922,associated_with,2019-10-29,practice_group
REL-001273,provider,PRV-065,provider,PRV-384,associated_with,2023-05-04,practice_group
REL-001274,provider,PRV-234,provider,PRV-269,associated_with,2023-03-29,practice_group
REL-001275,provider,PRV-644,provider,PRV-318,associated_with,2021-06-30,practice_group
REL-001276,provider,PRV-728,provider,PRV-226,associated_with,2021-11-30,practice_group
REL-001277,provider,PRV-129,provider,PRV-213,associated_with,2019-12-31,practice_group
REL-001278,provider,PRV-293,provider,PRV-656,associated_with,2022-12-21,practice_group
REL-001279,provider,PRV-589,provider,PRV-420,associated_with,2021-01-14,practice_group
REL-001280,provider,PRV-338,provider,PRV-266,associated_with,2020-02-22,practice_group
REL-001281,provider,PRV-913,provider,PRV-365,associated_with,2023-05-24,practice_group
REL-001282,provider,PRV-868,provider,PRV-355,associated_with,2023-11-16,practice_group
REL-001283,provider,PRV-215,provider,PRV-136,associated_with,2020-10-14,practice_group
REL-001284,provider,PRV-226,provider,PRV-137,associated_with,2023-03-27,practice_group
REL-001285,provider,PRV-678,provider,PRV-466,associated_with,2021-04-22,practice_group
REL-001286,provider,PRV-571,provider,PRV-365,associated_with,2022-03-20,practice_group
REL-001287,provider,PRV-768,provider,PRV-595,associated_with,2024-03-23,practice_group
REL-001288,provider,PRV-962,provider,PRV-726,associated_with,2022-10-14,practice_group
REL-001289,provider,PRV-250,provider,PRV-431,associated_with,2023-03-31,practice_group
REL-001290,provider,PRV-108,provider,PRV-018,associated_with,2021-06-18,practice_group
REL-001291,provider,PRV-266,provider,PRV-101,associated_with,2020-05-28,practice_group
REL-001292,provider,PRV-331,provider,PRV-768,associated_with,2021-07-31,practice_group
REL-001293,provider,PRV-213,provider,PRV-728,associated_with,2021-10-12,practice_group
REL-001294,provider,PRV-593,provider,PRV-678,associated_with,2020-03-22,practice_group
REL-001295,provider,PRV-925,provider,PRV-443,associated_with,2023-07-25,practice_group
REL-001296,provider,PRV-867,provider,PRV-589,associated_with,2023-03-07,practice_group
REL-001297,provider,PRV-693,provider,PRV-322,associated_with,2023-07-26,practice_group
REL-001298,provider,PRV-896,provider,PRV-529,associated_with,2022-12-09,practice_group
REL-001299,provider,PRV-754,provider,PRV-035,associated_with,2021-11-13,practice_group
REL-001300,provider,PRV-681,provider,PRV-009,associated_with,2023-03-20,practice_group
REL-001301,provider,PRV-288,provider,PRV-774,associated_with,2021-01-17,practice_group
REL-001302,provider,PRV-460,provider,PRV-743,associated_with,2023-05-27,practice_group
REL-001303,provider,PRV-875,provider,PRV-950,associated_with,2020-11-15,practice_group
REL-001304,provider,PRV-996,provider,PRV-736,associated_with,2022-09-30,practice_group
REL-001305,provider,PRV-743,provider,PRV-169,associated_with,2023-03-14,practice_group
REL-001306,provider,PRV-065,provider,PRV-286,associated_with,2020-04-12,practice_group
REL-001307,provider,PRV-555,provider,PRV-590,associated_with,2023-03-03,practice_group
REL-001308,provider,PRV-108,provider,PRV-829,associated_with,2024-10-13,practice_group
REL-001309,provider,PRV-467,provider,PRV-962,associated_with,2020-09-13,practice_group
REL-001310,provider,PRV-256,provider,PRV-825,associated_with,2024-09-20,practice_group
REL-001311,provider,PRV-996,provider,PRV-866,associated_with,2023-12-31,practice_group
REL-001312,provider,PRV-734,provider,PRV-903,associated_with,2023-02-12,practice_group
REL-001313,provider,PRV-389,provider,PRV-804,associated_with,2022-04-13,practice_group
REL-001314,provider,PRV-134,provider,PRV-501,associated_with,2020-03-26,practice_group
REL-001315,provider,PRV-293,provider,PRV-764,associated_with,2023-11-12,practice_group
REL-001316,provider,PRV-294,provider,PRV-453,associated_with,2020-12-05,practice_group
REL-001317,provider,PRV-481,provider,PRV-557,associated_with,2020-01-20,practice_group
REL-001318,provider,PRV-188,provider,PRV-234,associated_with,2020-11-15,practice_group
REL-001319,provider,PRV-051,provider,PRV-240,associated_with,2022-10-25,practice_group
REL-001320,provider,PRV-430,provider,PRV-338,associated_with,2020-09-05,practice_group
REL-001321,provider,PRV-611,provider,PRV-137,associated_with,2020-02-12,practice_group
REL-001322,provider,PRV-609,provider,PRV-611,associated_with,2024-04-19,practice_group
REL-001323,provider,PRV-286,provider,PRV-322,associated_with,2021-09-27,practice_group
REL-001324,provider,PRV-644,provider,PRV-096,associated_with,2020-09-30,practice_group
REL-001325,provider,PRV-764,provider,PRV-903,associated_with,2020-02-28,practice_group
REL-001326,provider,PRV-610,provider,PRV-467,associated_with,2021-06-17,practice_group
REL-001327,provider,PRV-384,provider,PRV-633,associated_with,2024-07-28,practice_group
REL-001328,provider,PRV-653,provider,PRV-167,associated_with,2022-02-09,practice_group
REL-001329,provider,PRV-057,provider,PRV-431,associated_with,2021-03-17,practice_group
REL-001330,provider,PRV-057,provider,PRV-179,associated_with,2020-09-12,practice_group
REL-001331,provider,PRV-239,provider,PRV-569,associated_with,2023-10-19,practice_group
REL-001332,provider,PRV-557,provider,PRV-266,associated_with,2022-02-02,practice_group
REL-001333,provider,PRV-446,provider,PRV-681,associated_with,2020-06-18,practice_group
REL-001334,provider,PRV-408,provider,PRV-621,associated_with,2024-07-14,practice_group
REL-001335,provider,PRV-398,provider,PRV-768,associated_with,2020-06-27,practice_group
REL-001336,provider,PRV-065,provider,PRV-835,associated_with,2023-10-21,practice_group
REL-001337,provider,PRV-569,provider,PRV-940,associated_with,2020-10-22,practice_group
REL-001338,provider,PRV-589,provider,PRV-776,associated_with,2021-01-14,practice_group
REL-001339,provider,PRV-845,provider,PRV-928,associated_with,2022-11-23,practice_group
REL-001340,provider,PRV-129,provider,PRV-436,associated_with,2020-05-27,practice_group
REL-001341,provider,PRV-141,provider,PRV-261,associated_with,2022-03-03,practice_group
REL-001342,provider,PRV-825,provider,PRV-018,associated_with,2020-05-08,practice_group
REL-001343,provider,PRV-318,provider,PRV-460,associated_with,2024-10-26,practice_group
REL-001344,provider,PRV-138,provider,PRV-382,associated_with,2021-11-28,practice_group
REL-001345,provider,PRV-571,provider,PRV-137,associated_with,2024-08-02,practice_group
REL-001346,provider,PRV-982,provider,PRV-851,associated_with,2024-04-18,practice_group
REL-001347,provider,PRV-018,provider,PRV-603,associated_with,2024-11-21,practice_group
REL-001348,provider,PRV-395,provider,PRV-057,associated_with,2023-02-28,practice_group
REL-001349,provider,PRV-982,provider,PRV-538,associated_with,2024-07-10,practice_group
REL-001350,provider,PRV-405,provider,PRV-065,associated_with,2021-09-15,practice_group
REL-001351,provider,PRV-266,provider,PRV-900,associated_with,2022-05-30,practice_group
REL-001352,provider,PRV-389,provider,PRV-922,associated_with,2020-09-26,practice_group
REL-001353,provider,PRV-431,provider,PRV-328,associated_with,2024-05-13,practice_group
REL-001354,provider,PRV-714,provider,PRV-621,associated_with,2024-05-14,practice_group
REL-001355,provider,PRV-303,provider,PRV-470,associated_with,2023-10-16,practice_group
REL-001356,provider,PRV-557,provider,PRV-719,associated_with,2023-07-11,practice_group
REL-001357,provider,PRV-408,provider,PRV-527,associated_with,2021-07-13,practice_group
REL-001358,provider,PRV-382,provider,PRV-051,associated_with,2020-11-09,practice_group
REL-001359,provider,PRV-763,provider,PRV-772,associated_with,2024-03-08,practice_group
REL-001360,provider,PRV-136,provider,PRV-872,associated_with,2020-10-26,practice_group
REL-001361,provider,PRV-143,provider,PRV-798,associated_with,2023-11-26,practice_group
REL-001362,provider,PRV-035,provider,PRV-589,associated_with,2019-11-25,practice_group
REL-001363,provider,PRV-129,provider,PRV-293,associated_with,2023-01-06,practice_group
REL-001364,provider,PRV-147,provider,PRV-340,associated_with,2024-11-29,practice_group
REL-001365,provider,PRV-798,provider,PRV-861,associated_with,2021-07-30,practice_group
REL-001366,provider,PRV-868,provider,PRV-274,associated_with,2021-06-12,practice_group
REL-001367,provider,PRV-693,provider,PRV-686,associated_with,2020-11-05,practice_group
REL-001368,provider,PRV-956,provider,PRV-638,associated_with,2023-08-27,practice_group
REL-001369,provider,PRV-521,provider,PRV-840,associated_with,2022-01-26,practice_group
REL-001370,provider,PRV-338,provider,PRV-813,associated_with,2024-04-23,practice_group
REL-001371,provider,PRV-680,provider,PRV-147,associated_with,2024-01-03,practice_group
REL-001372,provider,PRV-340,provider,PRV-475,associated_with,2021-12-27,practice_group
REL-001373,provider,PRV-240,provider,PRV-691,associated_with,2023-01-18,practice_group
REL-001374,provider,PRV-750,provider,PRV-368,associated_with,2021-10-19,practice_group
REL-001375,provider,PRV-293,provider,PRV-638,associated_with,2024-06-16,practice_group
REL-001376,provider,PRV-511,provider,PRV-825,associated_with,2022-09-13,practice_group
REL-001377,provider,PRV-470,provider,PRV-840,associated_with,2021-10-08,practice_group
REL-001378,provider,PRV-949,provider,PRV-604,associated_with,2023-04-29,practice_group
REL-001379,provider,PRV-678,provider,PRV-261,associated_with,2023-04-17,practice_group
REL-001380,provider,PRV-605,provider,PRV-939,associated_with,2019-11-21,practice_group
REL-001381,provider,PRV-602,provider,PRV-611,associated_with,2021-04-23,practice_group
REL-001382,provider,PRV-138,provider,PRV-664,associated_with,2021-04-19,practice_group
REL-001383,provider,PRV-621,provider,PRV-494,associated_with,2024-10-10,practice_group
REL-001384,provider,PRV-891,provider,PRV-434,associated_with,2020-06-05,practice_group
REL-001385,provider,PRV-613,provider,PRV-375,associated_with,2023-01-10,practice_group
REL-001386,provider,PRV-126,provider,PRV-658,associated_with,2019-11-25,practice_group
REL-001387,provider,PRV-212,provider,PRV-509,associated_with,2024-04-13,practice_group
REL-001388,provider,PRV-407,provider,PRV-388,associated_with,2020-10-15,practice_group
REL-001389,provider,PRV-739,provider,PRV-878,associated_with,2021-09-15,practice_group
REL-001390,provider,PRV-126,provider,PRV-142,associated_with,2022-03-26,practice_group
REL-001391,provider,PRV-795,provider,PRV-444,associated_with,2023-02-09,practice_group
REL-001392,provider,PRV-487,provider,PRV-247,associated_with,2024-07-22,practice_group
REL-001393,provider,PRV-282,provider,PRV-675,associated_with,2023-07-01,practice_group
REL-001394,provider,PRV-373,provider,PRV-006,associated_with,2020-03-08,practice_group
REL-001395,provider,PRV-730,provider,PRV-063,associated_with,2021-03-21,practice_group
REL-001396,provider,PRV-839,provider,PRV-353,associated_with,2022-05-09,practice_group
REL-001397,provider,PRV-275,provider,PRV-353,associated_with,2022-06-25,practice_group
REL-001398,provider,PRV-216,provider,PRV-414,associated_with,2020-08-16,practice_group
REL-001399,provider,PRV-815,provider,PRV-161,associated_with,2023-09-16,practice_group
REL-001400,provider,PRV-162,provider,PRV-822,associated_with,2023-08-23,practice_group
REL-001401,provider,PRV-353,provider,PRV-998,associated_with,2020-04-25,practice_group
REL-001402,provider,PRV-243,provider,PRV-780,associated_with,2023-08-17,practice_group
REL-001403,provider,PRV-634,provider,PRV-468,associated_with,2023-08-21,practice_group
REL-001404,provider,PRV-658,provider,PRV-870,associated_with,2020-12-15,practice_group
REL-001405,provider,PRV-886,provider,PRV-447,associated_with,2021-05-01,practice_group
REL-001406,provider,PRV-767,provider,PRV-216,associated_with,2020-04-09,practice_group
REL-001407,provider,PRV-794,provider,PRV-001,associated_with,2024-10-08,practice_group
REL-001408,provider,PRV-397,provider,PRV-417,associated_with,2024-03-07,practice_group
REL-001409,provider,PRV-056,provider,PRV-951,associated_with,2023-04-23,practice_group
REL-001410,provider,PRV-870,provider,PRV-761,associated_with,2019-11-16,practice_group
REL-001411,provider,PRV-438,provider,PRV-815,associated_with,2021-12-13,practice_group
REL-001412,provider,PRV-373,provider,PRV-487,associated_with,2024-12-18,practice_group
REL-001413,provider,PRV-869,provider,PRV-457,associated_with,2021-06-20,practice_group
REL-001414,provider,PRV-807,provider,PRV-397,associated_with,2024-01-22,practice_group
REL-001415,provider,PRV-619,provider,PRV-797,associated_with,2023-12-26,practice_group
REL-001416,provider,PRV-547,provider,PRV-592,associated_with,2020-04-30,practice_group
REL-001417,provider,PRV-915,provider,PRV-159,associated_with,2020-11-12,practice_group
REL-001418,provider,PRV-319,provider,PRV-818,associated_with,2023-10-09,practice_group
REL-001419,provider,PRV-582,provider,PRV-378,associated_with,2021-12-11,practice_group
REL-001420,provider,PRV-626,provider,PRV-606,associated_with,2020-09-28,practice_group
REL-001421,provider,PRV-651,provider,PRV-560,associated_with,2022-04-13,practice_group
REL-001422,provider,PRV-264,provider,PRV-626,associated_with,2022-05-01,practice_group
REL-001423,provider,PRV-762,provider,PRV-858,associated_with,2020-09-12,practice_group
REL-001424,provider,PRV-839,provider,PRV-658,associated_with,2024-04-15,practice_group
REL-001425,provider,PRV-739,provider,PRV-185,associated_with,2021-12-14,practice_group
REL-001426,provider,PRV-353,provider,PRV-651,associated_with,2024-10-27,practice_group
REL-001427,provider,PRV-231,provider,PRV-153,associated_with,2021-08-29,practice_group
REL-001428,provider,PRV-074,provider,PRV-907,associated_with,2024-04-13,practice_group
REL-001429,provider,PRV-153,provider,PRV-407,associated_with,2023-07-10,practice_group
REL-001430,provider,PRV-381,provider,PRV-282,associated_with,2021-12-04,practice_group
REL-001431,provider,PRV-617,provider,PRV-229,associated_with,2024-03-14,practice_group
REL-001432,provider,PRV-838,provider,PRV-055,associated_with,2023-12-13,practice_group
REL-001433,provider,PRV-285,provider,PRV-229,associated_with,2021-08-04,practice_group
REL-001434,provider,PRV-904,provider,PRV-989,associated_with,2022-09-12,practice_group
REL-001435,provider,PRV-407,provider,PRV-357,associated_with,2021-11-07,practice_group
REL-001436,provider,PRV-592,provider,PRV-107,associated_with,2022-11-13,practice_group
REL-001437,provider,PRV-142,provider,PRV-161,associated_with,2021-01-30,practice_group
REL-001438,provider,PRV-438,provider,PRV-388,associated_with,2024-07-14,practice_group
REL-001439,provider,PRV-107,provider,PRV-381,associated_with,2020-03-08,practice_group
REL-001440,provider,PRV-320,provider,PRV-623,associated_with,2023-04-20,practice_group
REL-001441,provider,PRV-658,provider,PRV-630,associated_with,2023-08-20,practice_group
REL-001442,provider,PRV-449,provider,PRV-144,associated_with,2021-11-07,practice_group
REL-001443,provider,PRV-432,provider,PRV-998,associated_with,2022-02-08,practice_group
REL-001444,provider,PRV-144,provider,PRV-189,associated_with,2024-11-09,practice_group
REL-001445,provider,PRV-916,provider,PRV-273,associated_with,2022-12-18,practice_group
REL-001446,provider,PRV-536,provider,PRV-083,associated_with,2023-11-15,practice_group
REL-001447,provider,PRV-417,provider,PRV-210,associated_with,2022-05-29,practice_group
REL-001448,provider,PRV-373,provider,PRV-582,associated_with,2021-01-28,practice_group
REL-001449,provider,PRV-858,provider,PRV-393,associated_with,2022-07-28,practice_group
REL-001450,provider,PRV-871,provider,PRV-711,associated_with,2024-10-21,practice_group
REL-001451,provider,PRV-550,provider,PRV-162,associated_with,2021-07-03,practice_group
REL-001452,provider,PRV-912,provider,PRV-983,associated_with,2019-12-25,practice_group
REL-001453,provider,PRV-063,provider,PRV-404,associated_with,2024-08-16,practice_group
REL-001454,provider,PRV-506,provider,PRV-502,associated_with,2024-03-12,practice_group
REL-001455,provider,PRV-380,provider,PRV-878,associated_with,2022-11-03,practice_group
REL-001456,provider,PRV-400,provider,PRV-333,associated_with,2024-11-15,practice_group
REL-001457,provider,PRV-435,provider,PRV-558,associated_with,2020-10-24,practice_group
REL-001458,provider,PRV-658,provider,PRV-775,associated_with,2023-10-22,practice_group
REL-001459,provider,PRV-550,provider,PRV-863,associated_with,2021-05-12,practice_group
REL-001460,provider,PRV-619,provider,PRV-130,associated_with,2023-09-29,practice_group
REL-001461,provider,PRV-260,provider,PRV-879,associated_with,2020-10-15,practice_group
REL-001462,provider,PRV-794,provider,PRV-974,associated_with,2020-03-22,practice_group
REL-001463,provider,PRV-558,provider,PRV-273,associated_with,2022-02-02,practice_group
REL-001464,provider,PRV-912,provider,PRV-394,associated_with,2024-08-09,practice_group
REL-001465,provider,PRV-204,provider,PRV-221,associated_with,2019-10-21,practice_group
REL-001466,provider,PRV-606,provider,PRV-702,associated_with,2024-06-13,practice_group
REL-001467,provider,PRV-859,provider,PRV-319,associated_with,2021-11-13,practice_group
REL-001468,provider,PRV-873,provider,PRV-858,associated_with,2022-01-14,practice_group
REL-001469,provider,PRV-647,provider,PRV-722,associated_with,2022-03-02,practice_group
REL-001470,provider,PRV-437,provider,PRV-107,associated_with,2023-08-23,practice_group
REL-001471,provider,PRV-235,provider,PRV-030,associated_with,2021-05-16,practice_group
REL-001472,provider,PRV-212,provider,PRV-796,associated_with,2022-09-13,practice_group
REL-001473,provider,PRV-614,provider,PRV-924,associated_with,2022-09-10,practice_group
REL-001474,provider,PRV-393,provider,PRV-871,associated_with,2021-09-24,practice_group
REL-001475,provider,PRV-886,provider,PRV-028,associated_with,2020-03-02,practice_group
REL-001476,provider,PRV-487,provider,PRV-319,associated_with,2024-02-02,practice_group
REL-001477,provider,PRV-801,provider,PRV-357,associated_with,2021-11-21,practice_group
REL-001478,provider,PRV-321,provider,PRV-509,associated_with,2021-02-13,practice_group
REL-001479,provider,PRV-400,provider,PRV-028,associated_with,2022-10-06,practice_group
REL-001480,provider,PRV-545,provider,PRV-231,associated_with,2023-01-09,practice_group
REL-001481,provider,PRV-971,provider,PRV-275,associated_with,2022-10-15,practice_group
REL-001482,provider,PRV-407,provider,PRV-189,associated_with,2021-08-12,practice_group
REL-001483,provider,PRV-974,provider,PRV-936,associated_with,2023-05-21,practice_group
REL-001484,provider,PRV-753,provider,PRV-002,associated_with,2020-03-13,practice_group
REL-001485,provider,PRV-333,provider,PRV-547,associated_with,2020-09-21,practice_group
REL-001486,provider,PRV-815,provider,PRV-614,associated_with,2023-06-19,practice_group
REL-001487,provider,PRV-920,provider,PRV-998,associated_with,2024-05-24,practice_group
REL-001488,provider,PRV-753,provider,PRV-118,associated_with,2023-10-30,practice_group
REL-001489,provider,PRV-998,provider,PRV-247,associated_with,2022-09-02,practice_group
REL-001490,provider,PRV-780,provider,PRV-873,associated_with,2023-09-09,practice_group
REL-001491,provider,PRV-404,provider,PRV-818,associated_with,2022-07-05,practice_group
REL-001492,provider,PRV-582,provider,PRV-759,associated_with,2020-12-04,practice_group
REL-001493,provider,PRV-976,provider,PRV-699,associated_with,2019-10-27,practice_group
REL-001494,provider,PRV-130,provider,PRV-916,associated_with,2024-12-11,practice_group
REL-001495,provider,PRV-746,provider,PRV-027,associated_with,2020-07-18,practice_group
REL-001496,provider,PRV-056,provider,PRV-248,associated_with,2022-02-04,practice_group
REL-001497,provider,PRV-746,provider,PRV-971,associated_with,2021-12-05,practice_group
REL-001498,provider,PRV-815,provider,PRV-098,associated_with,2024-03-10,practice_group
REL-001499,provider,PRV-356,provider,PRV-435,associated_with,2024-11-23,practice_group
REL-001500,provider,PRV-281,provider,PRV-299,associated_with,2024-06-23,practice_group
REL-001501,provider,PRV-592,provider,PRV-818,associated_with,2022-02-26,practice_group
REL-001502,provider,PRV-427,provider,PRV-210,associated_with,2023-01-05,practice_group
REL-001503,provider,PRV-435,provider,PRV-427,associated_with,2022-01-18,practice_group
REL-001504,provider,PRV-801,provider,PRV-873,associated_with,2024-01-01,practice_group
REL-001505,provider,PRV-870,provider,PRV-822,associated_with,2020-07-25,practice_group
REL-001506,provider,PRV-447,provider,PRV-297,associated_with,2024-03-27,practice_group
REL-001507,provider,PRV-876,provider,PRV-388,associated_with,2020-02-21,practice_group
REL-001508,provider,PRV-275,provider,PRV-724,associated_with,2020-03-28,practice_group
REL-001509,provider,PRV-342,provider,PRV-351,associated_with,2020-02-01,practice_group
REL-001510,provider,PRV-897,provider,PRV-126,associated_with,2024-07-06,practice_group
REL-001511,provider,PRV-740,provider,PRV-130,associated_with,2023-04-09,practice_group
REL-001512,provider,PRV-916,provider,PRV-381,associated_with,2023-02-25,practice_group
REL-001513,provider,PRV-628,provider,PRV-074,associated_with,2024-10-10,practice_group
REL-001514,provider,PRV-651,provider,PRV-248,associated_with,2024-11-13,practice_group
REL-001515,provider,PRV-535,provider,PRV-350,associated_with,2021-10-24,practice_group
REL-001516,provider,PRV-745,provider,PRV-087,associated_with,2021-10-01,practice_group
REL-001517,provider,PRV-422,provider,PRV-954,associated_with,2023-10-31,practice_group
REL-001518,provider,PRV-245,provider,PRV-828,associated_with,2024-02-28,practice_group
REL-001519,provider,PRV-222,provider,PRV-645,associated_with,2019-11-23,practice_group
REL-001520,provider,PRV-612,provider,PRV-993,associated_with,2023-08-01,practice_group
REL-001521,provider,PRV-978,provider,PRV-255,associated_with,2022-11-27,practice_group
REL-001522,provider,PRV-364,provider,PRV-422,associated_with,2024-12-02,practice_group
REL-001523,provider,PRV-946,provider,PRV-005,associated_with,2022-12-17,practice_group
REL-001524,provider,PRV-661,provider,PRV-994,associated_with,2022-12-23,practice_group
REL-001525,provider,PRV-649,provider,PRV-071,associated_with,2020-05-06,practice_group
REL-001526,provider,PRV-271,provider,PRV-186,associated_with,2024-07-29,practice_group
REL-001527,provider,PRV-208,provider,PRV-346,associated_with,2022-02-15,practice_group
REL-001528,provider,PRV-918,provider,PRV-943,associated_with,2023-07-07,practice_group
REL-001529,provider,PRV-717,provider,PRV-853,associated_with,2023-11-07,practice_group
REL-001530,provider,PRV-745,provider,PRV-062,associated_with,2019-11-08,practice_group
REL-001531,provider,PRV-721,provider,PRV-450,associated_with,2020-05-18,practice_group
REL-001532,provider,PRV-785,provider,PRV-016,associated_with,2022-06-28,practice_group
REL-001533,provider,PRV-703,provider,PRV-208,associated_with,2023-04-17,practice_group
REL-001534,provider,PRV-844,provider,PRV-402,associated_with,2022-06-09,practice_group
REL-001535,provider,PRV-993,provider,PRV-442,associated_with,2022-09-09,practice_group
REL-001536,provider,PRV-793,provider,PRV-255,associated_with,2024-01-06,practice_group
REL-001537,provider,PRV-960,provider,PRV-937,associated_with,2024-06-13,practice_group
REL-001538,provider,PRV-662,provider,PRV-327,associated_with,2023-10-19,practice_group
REL-001539,provider,PRV-062,provider,PRV-745,associated_with,2023-03-27,practice_group
REL-001540,provider,PRV-350,provider,PRV-008,associated_with,2019-11-21,practice_group
REL-001541,provider,PRV-424,provider,PRV-471,associated_with,2024-09-15,practice_group
REL-001542,provider,PRV-422,provider,PRV-278,associated_with,2024-04-12,practice_group
REL-001543,provider,PRV-327,provider,PRV-200,associated_with,2023-01-09,practice_group
REL-001544,provider,PRV-186,provider,PRV-778,associated_with,2023-07-02,practice_group
REL-001545,provider,PRV-963,provider,PRV-366,associated_with,2024-08-20,practice_group
REL-001546,provider,PRV-612,provider,PRV-837,associated_with,2024-11-29,practice_group
REL-001547,provider,PRV-539,provider,PRV-005,associated_with,2022-10-21,practice_group
REL-001548,provider,PRV-990,provider,PRV-661,associated_with,2023-02-16,practice_group
REL-001549,provider,PRV-228,provider,PRV-970,associated_with,2023-05-15,practice_group
REL-001550,provider,PRV-383,provider,PRV-255,associated_with,2021-10-03,practice_group
REL-001551,provider,PRV-352,provider,PRV-749,associated_with,2020-02-04,practice_group
REL-001552,provider,PRV-566,provider,PRV-973,associated_with,2023-09-11,practice_group
REL-001553,provider,PRV-411,provider,PRV-512,associated_with,2022-04-13,practice_group
REL-001554,provider,PRV-052,provider,PRV-994,associated_with,2020-09-22,practice_group
REL-001555,provider,PRV-008,provider,PRV-539,associated_with,2024-07-23,practice_group
REL-001556,provider,PRV-848,provider,PRV-652,associated_with,2021-04-29,practice_group
REL-001557,provider,PRV-652,provider,PRV-548,associated_with,2023-12-03,practice_group
REL-001558,provider,PRV-694,provider,PRV-889,associated_with,2021-12-07,practice_group
REL-001559,provider,PRV-411,provider,PRV-556,associated_with,2021-05-16,practice_group
REL-001560,provider,PRV-661,provider,PRV-993,associated_with,2021-01-10,practice_group
REL-001561,provider,PRV-396,provider,PRV-300,associated_with,2020-02-18,practice_group
REL-001562,provider,PRV-645,provider,PRV-209,associated_with,2021-05-26,practice_group
REL-001563,provider,PRV-362,provider,PRV-885,associated_with,2023-10-16,practice_group
REL-001564,provider,PRV-682,provider,PRV-196,associated_with,2020-12-08,practice_group
REL-001565,provider,PRV-309,provider,PRV-744,associated_with,2022-10-21,practice_group
REL-001566,provider,PRV-973,provider,PRV-324,associated_with,2024-05-12,practice_group
REL-001567,provider,PRV-327,provider,PRV-771,associated_with,2019-10-19,practice_group
REL-001568,provider,PRV-639,provider,PRV-657,associated_with,2021-02-19,practice_group
REL-001569,provider,PRV-662,provider,PRV-960,associated_with,2022-09-02,practice_group
REL-001570,provider,PRV-401,provider,PRV-255,associated_with,2022-11-04,practice_group
REL-001571,provider,PRV-892,provider,PRV-885,associated_with,2023-09-04,practice_group
REL-001572,provider,PRV-960,provider,PRV-666,associated_with,2022-01-23,practice_group
REL-001573,provider,PRV-422,provider,PRV-406,associated_with,2020-12-20,practice_group
REL-001574,provider,PRV-094,provider,PRV-892,associated_with,2019-10-14,practice_group
REL-001575,provider,PRV-586,provider,PRV-012,associated_with,2022-04-10,practice_group
REL-001576,provider,PRV-943,provider,PRV-978,associated_with,2023-09-07,practice_group
REL-001577,provider,PRV-705,provider,PRV-491,associated_with,2022-09-08,practice_group
REL-001578,provider,PRV-554,provider,PRV-329,associated_with,2022-04-03,practice_group
REL-001579,provider,PRV-005,provider,PRV-044,associated_with,2021-09-02,practice_group
REL-001580,provider,PRV-963,provider,PRV-525,associated_with,2020-06-01,practice_group
REL-001581,provider,PRV-109,provider,PRV-666,associated_with,2020-12-19,practice_group
REL-001582,provider,PRV-224,provider,PRV-207,associated_with,2022-01-22,practice_group
REL-001583,provider,PRV-918,provider,PRV-094,associated_with,2022-08-15,practice_group
REL-001584,provider,PRV-931,provider,PRV-071,associated_with,2020-08-22,practice_group
REL-001585,provider,PRV-694,provider,PRV-882,associated_with,2024-02-28,practice_group
REL-001586,provider,PRV-092,provider,PRV-662,associated_with,2023-11-15,practice_group
REL-001587,provider,PRV-705,provider,PRV-283,associated_with,2023-03-26,practice_group
REL-001588,provider,PRV-827,provider,PRV-228,associated_with,2024-02-02,practice_group
REL-001589,provider,PRV-985,provider,PRV-964,associated_with,2020-06-12,practice_group
REL-001590,provider,PRV-324,provider,PRV-793,associated_with,2023-05-03,practice_group
REL-001591,provider,PRV-075,provider,PRV-491,associated_with,2023-11-26,practice_group
REL-001592,provider,PRV-877,provider,PRV-576,associated_with,2020-12-13,practice_group
REL-001593,provider,PRV-081,provider,PRV-124,associated_with,2022-02-04,practice_group
REL-001594,provider,PRV-080,provider,PRV-816,associated_with,2021-02-02,practice_group
REL-001595,provider,PRV-008,provider,PRV-092,associated_with,2023-10-19,practice_group
REL-001596,provider,PRV-069,provider,PRV-960,associated_with,2023-03-26,practice_group
REL-001597,provider,PRV-946,provider,PRV-583,associated_with,2022-01-26,practice_group
REL-001598,provider,PRV-705,provider,PRV-117,associated_with,2021-04-11,practice_group
REL-001599,provider,PRV-016,provider,PRV-679,associated_with,2021-01-24,practice_group
REL-001600,provider,PRV-782,provider,PRV-452,associated_with,2023-01-11,practice_group
REL-001601,provider,PRV-062,provider,PRV-309,associated_with,2024-02-27,practice_group
REL-001602,provider,PRV-251,provider,PRV-476,associated_with,2023-07-31,practice_group
REL-001603,provider,PRV-828,provider,PRV-109,associated_with,2023-10-01,practice_group
REL-001604,provider,PRV-021,provider,PRV-075,associated_with,2021-12-04,practice_group
REL-001605,provider,PRV-597,provider,PRV-039,associated_with,2019-11-14,practice_group
REL-001606,provider,PRV-717,provider,PRV-895,associated_with,2022-10-26,practice_group
REL-001607,provider,PRV-085,provider,PRV-662,associated_with,2020-11-14,practice_group
REL-001608,provider,PRV-425,provider,PRV-005,associated_with,2020-01-16,practice_group
REL-001609,provider,PRV-782,provider,PRV-406,associated_with,2022-01-08,practice_group
REL-001610,provider,PRV-480,provider,PRV-069,associated_with,2023-10-30,practice_group
REL-001611,provider,PRV-072,provider,PRV-080,associated_with,2020-02-09,practice_group
REL-001612,provider,PRV-860,provider,PRV-597,associated_with,2023-01-13,practice_group
REL-001613,provider,PRV-390,provider,PRV-418,associated_with,2022-05-18,practice_group
REL-001614,provider,PRV-360,provider,PRV-744,associated_with,2019-11-05,practice_group
REL-001615,provider,PRV-399,provider,PRV-021,associated_with,2021-05-04,practice_group
REL-001616,provider,PRV-379,provider,PRV-016,associated_with,2024-07-26,practice_group
REL-001617,provider,PRV-072,provider,PRV-943,associated_with,2019-12-01,practice_group
REL-001618,provider,PRV-350,provider,PRV-842,associated_with,2023-11-02,practice_group
REL-001619,provider,PRV-947,provider,PRV-856,associated_with,2021-07-23,practice_group
REL-001620,provider,PRV-034,provider,PRV-228,associated_with,2024-01-13,practice_group
REL-001621,provider,PRV-442,provider,PRV-046,associated_with,2023-05-21,practice_group
REL-001622,provider,PRV-350,provider,PRV-817,associated_with,2023-04-26,practice_group
REL-001623,provider,PRV-717,provider,PRV-324,associated_with,2023-08-10,practice_group
REL-001624,provider,PRV-785,provider,PRV-309,associated_with,2020-11-03,practice_group
REL-001625,provider,PRV-954,provider,PRV-929,associated_with,2023-10-18,practice_group
REL-001626,provider,PRV-352,provider,PRV-655,associated_with,2023-04-04,practice_group
REL-001627,provider,PRV-311,provider,PRV-456,associated_with,2020-11-04,practice_group
REL-001628,provider,PRV-016,provider,PRV-419,associated_with,2019-12-10,practice_group
REL-001629,provider,PRV-844,provider,PRV-817,associated_with,2019-11-24,practice_group
REL-001630,provider,PRV-666,provider,PRV-612,associated_with,2023-11-22,practice_group
REL-001631,provider,PRV-402,provider,PRV-480,associated_with,2022-01-12,practice_group
REL-001632,provider,PRV-426,provider,PRV-985,associated_with,2022-10-06,practice_group
REL-001633,provider,PRV-062,provider,PRV-661,associated_with,2024-07-07,practice_group
REL-001634,provider,PRV-934,provider,PRV-034,associated_with,2024-07-25,practice_group
REL-001635,provider,PRV-076,provider,PRV-245,associated_with,2022-05-05,practice_group
REL-001636,provider,PRV-012,provider,PRV-047,associated_with,2020-02-22,practice_group
REL-001637,provider,PRV-985,provider,PRV-785,associated_with,2022-08-27,practice_group
REL-001638,provider,PRV-064,provider,PRV-771,associated_with,2023-01-20,practice_group
REL-001639,provider,PRV-062,provider,PRV-422,associated_with,2023-11-11,practice_group
REL-001640,provider,PRV-978,provider,PRV-563,associated_with,2023-11-23,practice_group
REL-001641,provider,PRV-390,provider,PRV-396,associated_with,2023-05-29,practice_group
REL-001642,provider,PRV-505,provider,PRV-655,associated_with,2022-12-04,practice_group
REL-001643,provider,PRV-860,provider,PRV-973,associated_with,2024-02-29,practice_group
REL-001644,provider,PRV-327,provider,PRV-954,associated_with,2022-11-26,practice_group
REL-001645,provider,PRV-747,provider,PRV-211,associated_with,2023-05-30,practice_group
REL-001646,provider,PRV-391,provider,PRV-479,associated_with,2019-11-08,practice_group
REL-001647,provider,PRV-289,provider,PRV-371,associated_with,2022-05-02,practice_group
REL-001648,provider,PRV-618,provider,PRV-660,associated_with,2020-04-23,practice_group
REL-001649,provider,PRV-598,provider,PRV-667,associated_with,2024-09-11,practice_group
REL-001650,provider,PRV-270,provider,PRV-585,associated_with,2021-10-06,practice_group
REL-001651,provider,PRV-197,provider,PRV-270,associated_with,2022-10-23,practice_group
REL-001652,provider,PRV-573,provider,PRV-729,associated_with,2022-11-08,practice_group
REL-001653,provider,PRV-910,provider,PRV-412,associated_with,2023-04-07,practice_group
REL-001654,provider,PRV-890,provider,PRV-181,associated_with,2021-03-16,practice_group
REL-001655,provider,PRV-513,provider,PRV-104,associated_with,2023-11-23,practice_group
REL-001656,provider,PRV-997,provider,PRV-967,associated_with,2020-08-10,practice_group
REL-001657,provider,PRV-573,provider,PRV-898,associated_with,2021-12-17,practice_group
REL-001658,provider,PRV-227,provider,PRV-562,associated_with,2024-08-09,practice_group
REL-001659,provider,PRV-463,provider,PRV-688,associated_with,2023-10-21,practice_group
REL-001660,provider,PRV-358,provider,PRV-314,associated_with,2023-10-18,practice_group
REL-001661,provider,PRV-125,provider,PRV-930,associated_with,2021-05-04,practice_group
REL-001662,provider,PRV-812,provider,PRV-905,associated_with,2022-10-22,practice_group
REL-001663,provider,PRV-287,provider,PRV-459,associated_with,2021-10-22,practice_group
REL-001664,provider,PRV-944,provider,PRV-225,associated_with,2024-09-23,practice_group
REL-001665,provider,PRV-551,provider,PRV-304,associated_with,2021-12-19,practice_group
REL-001666,provider,PRV-975,provider,PRV-773,associated_with,2023-03-29,practice_group
REL-001667,provider,PRV-930,provider,PRV-302,associated_with,2021-02-18,practice_group
REL-001668,provider,PRV-139,provider,PRV-811,associated_with,2023-06-18,practice_group
REL-001669,provider,PRV-642,provider,PRV-688,associated_with,2023-11-05,practice_group
REL-001670,provider,PRV-341,provider,PRV-369,associated_with,2023-08-05,practice_group
REL-001671,provider,PRV-921,provider,PRV-542,associated_with,2022-09-22,practice_group
REL-001672,provider,PRV-233,provider,PRV-670,associated_with,2022-08-24,practice_group
REL-001673,provider,PRV-642,provider,PRV-263,associated_with,2024-01-29,practice_group
REL-001674,provider,PRV-232,provider,PRV-211,associated_with,2024-06-08,practice_group
REL-001675,provider,PRV-725,provider,PRV-880,associated_with,2024-02-15,practice_group
REL-001676,provider,PRV-643,provider,PRV-315,associated_with,2023-10-01,practice_group
REL-001677,provider,PRV-608,provider,PRV-747,associated_with,2024-10-08,practice_group
REL-001678,provider,PRV-391,provider,PRV-036,associated_with,2021-12-18,practice_group
REL-001679,provider,PRV-114,provider,PRV-670,associated_with,2023-11-23,practice_group
REL-001680,provider,PRV-857,provider,PRV-707,associated_with,2021-05-11,practice_group
REL-001681,provider,PRV-618,provider,PRV-079,associated_with,2022-03-22,practice_group
REL-001682,provider,PRV-165,provider,PRV-100,associated_with,2020-10-13,practice_group
REL-001683,provider,PRV-103,provider,PRV-517,associated_with,2022-03-30,practice_group
REL-001684,provider,PRV-607,provider,PRV-847,associated_with,2019-12-24,practice_group
REL-001685,provider,PRV-573,provider,PRV-599,associated_with,2022-02-28,practice_group
REL-001686,provider,PRV-458,provider,PRV-715,associated_with,2020-05-22,practice_group
REL-001687,provider,PRV-898,provider,PRV-469,associated_with,2020-05-10,practice_group
REL-001688,provider,PRV-594,provider,PRV-168,associated_with,2022-08-18,practice_group
REL-001689,provider,PRV-585,provider,PRV-607,associated_with,2020-10-11,practice_group
REL-001690,provider,PRV-599,provider,PRV-302,associated_with,2020-07-10,practice_group
REL-001691,provider,PRV-561,provider,PRV-258,associated_with,2022-11-14,practice_group
REL-001692,provider,PRV-773,provider,PRV-374,associated_with,2020-04-06,practice_group
REL-001693,provider,PRV-930,provider,PRV-707,associated_with,2021-01-16,practice_group
REL-001694,provider,PRV-847,provider,PRV-670,associated_with,2021-01-08,practice_group
REL-001695,provider,PRV-988,provider,PRV-332,associated_with,2023-02-08,practice_group
REL-001696,provider,PRV-831,provider,PRV-459,associated_with,2021-11-02,practice_group
REL-001697,provider,PRV-287,provider,PRV-988,associated_with,2020-03-06,practice_group
REL-001698,provider,PRV-150,provider,PRV-608,associated_with,2021-05-14,practice_group
REL-001699,provider,PRV-369,provider,PRV-607,associated_with,2023-01-20,practice_group
REL-001700,provider,PRV-654,provider,PRV-290,associated_with,2020-08-29,practice_group
REL-001701,provider,PRV-811,provider,PRV-014,associated_with,2020-01-12,practice_group
REL-001702,provider,PRV-469,provider,PRV-579,associated_with,2024-11-10,practice_group
REL-001703,provider,PRV-105,provider,PRV-326,associated_with,2024-06-01,practice_group
REL-001704,provider,PRV-474,provider,PRV-175,associated_with,2023-11-20,practice_group
REL-001705,provider,PRV-409,provider,PRV-758,associated_with,2023-09-27,practice_group
REL-001706,provider,PRV-706,provider,PRV-358,associated_with,2021-02-24,practice_group
REL-001707,provider,PRV-100,provider,PRV-526,associated_with,2023-09-25,practice_group
REL-001708,provider,PRV-363,provider,PRV-465,associated_with,2022-08-27,practice_group
REL-001709,provider,PRV-988,provider,PRV-526,associated_with,2020-09-16,practice_group
REL-001710,provider,PRV-812,provider,PRV-017,associated_with,2020-08-03,practice_group
REL-001711,provider,PRV-191,provider,PRV-725,associated_with,2020-12-29,practice_group
REL-001712,provider,PRV-149,provider,PRV-546,associated_with,2022-01-22,practice_group
REL-001713,provider,PRV-542,provider,PRV-289,associated_with,2024-01-18,practice_group
REL-001714,provider,PRV-325,provider,PRV-898,associated_with,2023-12-04,practice_group
REL-001715,provider,PRV-561,provider,PRV-958,associated_with,2024-07-02,practice_group
REL-001716,provider,PRV-225,provider,PRV-930,associated_with,2022-04-28,practice_group
REL-001717,provider,PRV-573,provider,PRV-975,associated_with,2022-10-26,practice_group
REL-001718,provider,PRV-238,provider,PRV-102,associated_with,2020-05-31,practice_group
REL-001719,provider,PRV-127,provider,PRV-276,associated_with,2021-03-03,practice_group
REL-001720,provider,PRV-211,provider,PRV-439,associated_with,2020-06-12,practice_group
REL-001721,provider,PRV-314,provider,PRV-800,associated_with,2021-12-14,practice_group
REL-001722,provider,PRV-532,provider,PRV-615,associated_with,2020-11-28,practice_group
REL-001723,provider,PRV-706,provider,PRV-688,associated_with,2023-06-14,practice_group
REL-001724,provider,PRV-532,provider,PRV-149,associated_with,2023-03-09,practice_group
REL-001725,provider,PRV-290,provider,PRV-786,associated_with,2021-06-18,practice_group
REL-001726,provider,PRV-773,provider,PRV-959,associated_with,2022-12-17,practice_group
REL-001727,provider,PRV-910,provider,PRV-697,associated_with,2023-09-01,practice_group
REL-001728,provider,PRV-084,provider,PRV-313,associated_with,2021-04-20,practice_group
REL-001729,provider,PRV-732,provider,PRV-287,associated_with,2020-12-14,practice_group
REL-001730,provider,PRV-786,provider,PRV-697,associated_with,2021-03-21,practice_group
REL-001731,provider,PRV-461,provider,PRV-197,associated_with,2020-12-23,practice_group
REL-001732,provider,PRV-151,provider,PRV-125,associated_with,2021-12-01,practice_group
REL-001733,provider,PRV-561,provider,PRV-410,associated_with,2024-05-13,practice_group
REL-001734,provider,PRV-515,provider,PRV-462,associated_with,2024-09-21,practice_group
REL-001735,provider,PRV-150,provider,PRV-577,associated_with,2021-05-26,practice_group
REL-001736,provider,PRV-032,provider,PRV-729,associated_with,2022-04-05,practice_group
REL-001737,provider,PRV-314,provider,PRV-105,associated_with,2019-12-26,practice_group
REL-001738,provider,PRV-358,provider,PRV-596,associated_with,2022-10-02,practice_group
REL-001739,provider,PRV-803,provider,PRV-252,associated_with,2023-09-20,practice_group
REL-001740,provider,PRV-410,provider,PRV-697,associated_with,2023-07-31,practice_group
REL-001741,provider,PRV-326,provider,PRV-363,associated_with,2020-06-13,practice_group
REL-001742,provider,PRV-513,provider,PRV-620,associated_with,2021-01-09,practice_group
REL-001743,provider,PRV-596,provider,PRV-242,associated_with,2020-07-14,practice_group
REL-001744,provider,PRV-201,provider,PRV-202,associated_with,2022-10-15,practice_group
REL-001745,provider,PRV-700,provider,PRV-562,associated_with,2022-02-27,practice_group
REL-001746,provider,PRV-165,provider,PRV-290,associated_with,2022-05-21,practice_group
REL-001747,provider,PRV-803,provider,PRV-305,associated_with,2023-02-23,practice_group
REL-001748,provider,PRV-105,provider,PRV-938,associated_with,2022-07-12,practice_group
REL-001749,provider,PRV-898,provider,PRV-127,associated_with,2023-01-25,practice_group
REL-001750,provider,PRV-786,provider,PRV-495,associated_with,2023-09-16,practice_group
REL-001751,provider,PRV-103,provider,PRV-495,associated_with,2020-09-20,practice_group
REL-001752,provider,PRV-102,provider,PRV-732,associated_with,2022-11-15,practice_group
REL-001753,provider,PRV-830,provider,PRV-461,associated_with,2024-06-30,practice_group
REL-001754,provider,PRV-577,provider,PRV-518,associated_with,2023-03-21,practice_group
REL-001755,provider,PRV-670,provider,PRV-643,associated_with,2021-09-22,practice_group
REL-001756,provider,PRV-341,provider,PRV-654,associated_with,2021-06-08,practice_group
REL-001757,provider,PRV-747,provider,PRV-884,associated_with,2020-09-19,practice_group
REL-001758,provider,PRV-125,provider,PRV-594,associated_with,2022-12-08,practice_group
REL-001759,provider,PRV-532,provider,PRV-103,associated_with,2020-03-23,practice_group
REL-001760,provider,PRV-252,provider,PRV-965,associated_with,2022-08-06,practice_group
REL-001761,provider,PRV-616,provider,PRV-332,associated_with,2022-03-04,practice_group
REL-001762,provider,PRV-729,provider,PRV-831,associated_with,2023-06-27,practice_group
REL-001763,provider,PRV-084,provider,PRV-024,associated_with,2024-05-31,practice_group
REL-001764,provider,PRV-032,provider,PRV-988,associated_with,2021-09-19,practice_group
REL-001765,provider,PRV-988,provider,PRV-041,associated_with,2023-10-31,practice_group
REL-001766,provider,PRV-706,provider,PRV-683,associated_with,2021-01-10,practice_group
REL-001767,provider,PRV-181,provider,PRV-596,associated_with,2022-04-27,practice_group
REL-001768,provider,PRV-958,provider,PRV-479,associated_with,2024-03-20,practice_group
REL-001769,provider,PRV-616,provider,PRV-787,associated_with,2021-09-03,practice_group
REL-001770,provider,PRV-646,provider,PRV-291,associated_with,2020-02-10,practice_group
REL-001771,provider,PRV-733,provider,PRV-831,associated_with,2024-12-06,practice_group
REL-001772,provider,PRV-102,provider,PRV-841,associated_with,2024-06-10,practice_group
REL-001773,provider,PRV-522,provider,PRV-201,associated_with,2024-08-04,practice_group
REL-001774,provider,PRV-369,provider,PRV-458,associated_with,2020-04-05,practice_group
